/*
SQLyog Community v12.09 (64 bit)
MySQL - 5.1.68-community : Database - portal_kk
*********************************************************************
*/


/*!40101 SET NAMES utf8 */;

/*!40101 SET SQL_MODE=''*/;

/*!40014 SET @OLD_UNIQUE_CHECKS=@@UNIQUE_CHECKS, UNIQUE_CHECKS=0 */;
/*!40014 SET @OLD_FOREIGN_KEY_CHECKS=@@FOREIGN_KEY_CHECKS, FOREIGN_KEY_CHECKS=0 */;
/*!40101 SET @OLD_SQL_MODE=@@SQL_MODE, SQL_MODE='NO_AUTO_VALUE_ON_ZERO' */;
/*!40111 SET @OLD_SQL_NOTES=@@SQL_NOTES, SQL_NOTES=0 */;

/*Table structure for table `authorities` */

DROP TABLE IF EXISTS `authorities`;

CREATE TABLE `authorities` (
  `user_role_id` int(11) NOT NULL AUTO_INCREMENT,
  `username` varchar(45) NOT NULL,
  `authority` varchar(45) NOT NULL,
  PRIMARY KEY (`user_role_id`),
  UNIQUE KEY `uni_username_role` (`authority`,`username`),
  KEY `fk_username_idx` (`username`),
  CONSTRAINT `fk_username` FOREIGN KEY (`username`) REFERENCES `users` (`username`)
) ENGINE=InnoDB AUTO_INCREMENT=3 DEFAULT CHARSET=latin1;

/*Data for the table `authorities` */

LOCK TABLES `authorities` WRITE;

insert  into `authorities`(`user_role_id`,`username`,`authority`) values (2,'admin','ROLE_ADMIN'),(1,'admin','ROLE_USER');

UNLOCK TABLES;

/*Table structure for table `blood_bank` */

DROP TABLE IF EXISTS `blood_bank`;

CREATE TABLE `blood_bank` (
  `blood_bank_id` varchar(255) NOT NULL,
  `blood_bank_name` varchar(255) DEFAULT NULL,
  `address` varchar(255) DEFAULT NULL,
  `additional_address` varchar(255) DEFAULT NULL,
  `city` varchar(255) DEFAULT NULL,
  `state` varchar(255) DEFAULT NULL,
  `country` varchar(255) DEFAULT NULL,
  `zip` varchar(255) DEFAULT NULL,
  `latitude` varchar(255) DEFAULT NULL,
  `longitude` varchar(255) DEFAULT NULL,
  PRIMARY KEY (`blood_bank_id`)
) ENGINE=InnoDB DEFAULT CHARSET=latin1;

/*Data for the table `blood_bank` */

LOCK TABLES `blood_bank` WRITE;

insert  into `blood_bank`(`blood_bank_id`,`blood_bank_name`,`address`,`additional_address`,`city`,`state`,`country`,`zip`,`latitude`,`longitude`) values ('1','blood bank one',NULL,NULL,NULL,NULL,NULL,NULL,NULL,NULL),('2','blood bank two',NULL,NULL,NULL,NULL,NULL,NULL,NULL,NULL);

UNLOCK TABLES;

/*Table structure for table `clinic` */

DROP TABLE IF EXISTS `clinic`;

CREATE TABLE `clinic` (
  `clinic_id` varchar(255) NOT NULL,
  `accr_number` varchar(255) DEFAULT NULL,
  `additional_address` varchar(255) DEFAULT NULL,
  `address` varchar(255) DEFAULT NULL,
  `country` varchar(255) DEFAULT NULL,
  `postal_code` varchar(255) DEFAULT NULL,
  `state` varchar(255) DEFAULT NULL,
  `admin_first_name` varchar(255) DEFAULT NULL,
  `admin_last_name` varchar(255) DEFAULT NULL,
  `clinic_name` varchar(255) DEFAULT NULL,
  `drug_licence` varchar(255) DEFAULT NULL,
  `fax_number` varchar(255) DEFAULT NULL,
  `latitude` varchar(255) DEFAULT NULL,
  `location` varchar(255) DEFAULT NULL,
  `longitude` varchar(255) DEFAULT NULL,
  `office_phone_number` varchar(255) DEFAULT NULL,
  `pan_number` varchar(255) DEFAULT NULL,
  `service_tax_number` varchar(255) DEFAULT NULL,
  `valid_from` date DEFAULT NULL,
  `valid_to` date DEFAULT NULL,
  `tenant_id` varchar(255) DEFAULT NULL,
  PRIMARY KEY (`clinic_id`),
  KEY `FK_ptdowey3l4foyqji48mcuovgn` (`tenant_id`),
  CONSTRAINT `FK_ptdowey3l4foyqji48mcuovgn` FOREIGN KEY (`tenant_id`) REFERENCES `tenant` (`tenant_id`)
) ENGINE=InnoDB DEFAULT CHARSET=latin1;

/*Data for the table `clinic` */

LOCK TABLES `clinic` WRITE;

insert  into `clinic`(`clinic_id`,`accr_number`,`additional_address`,`address`,`country`,`postal_code`,`state`,`admin_first_name`,`admin_last_name`,`clinic_name`,`drug_licence`,`fax_number`,`latitude`,`location`,`longitude`,`office_phone_number`,`pan_number`,`service_tax_number`,`valid_from`,`valid_to`,`tenant_id`) values ('1','9348jjlkjl','Varthur, Bangalore East\r\n','Plot No. 74/1, Bellandur Ring Road\r\n','IN','560003\r\n','Karnataka','Mohan','Sharma','The Appolo Clinic\r\n','sdfkjh&*78','734985','12.92642\r\n','Bangalore','77.676906\r\n','982233444','8979793kkj','3984298','2015-04-01',NULL,'1'),('2','9348jjlkjl','Jayanagar\r\n','#504, 40th Cross Road, 8th Block\r\n','IN','560070\r\n','Karnataka','Mohan','Sharma','Prabha Eye Clinic and Research Centre\r\n','sdfkjh&*78','734985','12.919858\r\n','Bangalore','77.575481\r\n','982233555','8979793kkj','3984298','2015-04-01',NULL,'4'),('3','9348jjlkjl','Kaverappa Layout, Vasanth Nagar\r\n','34, Miller\'s Tank Bund Road, Opposite Bhagwan Mahaveer Jain Hospital\r\n','IN','560052\r\n','Karnataka','Mohan','Sharma','Quintessence Dental Solutions Bangalore Private Limited\r\n','sdfkjh&*78','734985','12.919858\r\n','Bangalore','77.605501\r\n','982233666','8979793kkj','3984298','2015-04-01',NULL,'7'),('4','9348jjlkjl','HAL 2nd Stage, Indiranagar\r\n','80 feet Road, 12th Main Road\r\n','IN','560008\r\n','Karnataka','Mohan','Sharma','Kaya Skin Clinic\r\n','sdfkjh&*78','734985','12.919858\r\n','Bangalore','77.575481\r\n','982233777','8979793kkj','3984298','2015-04-01',NULL,'9');

UNLOCK TABLES;

/*Table structure for table `country_code` */

DROP TABLE IF EXISTS `country_code`;

CREATE TABLE `country_code` (
  `COUNTRY_CODE` varchar(180) DEFAULT NULL,
  `COUNTRY_ABBR` varchar(180) DEFAULT NULL,
  `COUNTRY_NUMBER` varchar(180) DEFAULT NULL,
  `COUNTRY_NAME` varchar(765) DEFAULT NULL,
  `LAST_UPDATED_STAMP` datetime DEFAULT NULL,
  `LAST_UPDATED_TX_STAMP` datetime DEFAULT NULL,
  `CREATED_STAMP` datetime DEFAULT NULL,
  `CREATED_TX_STAMP` datetime DEFAULT NULL
) ENGINE=InnoDB DEFAULT CHARSET=latin1;

/*Data for the table `country_code` */

LOCK TABLES `country_code` WRITE;

insert  into `country_code`(`COUNTRY_CODE`,`COUNTRY_ABBR`,`COUNTRY_NUMBER`,`COUNTRY_NAME`,`LAST_UPDATED_STAMP`,`LAST_UPDATED_TX_STAMP`,`CREATED_STAMP`,`CREATED_TX_STAMP`) values ('AD','AND','020','ANDORRA','2014-09-15 14:41:34','2014-09-15 14:41:34','2014-09-15 14:41:34','2014-09-15 14:41:34'),('AE','UAE','784','UNITED ARAB EMIRATES','2014-09-15 14:41:35','2014-09-15 14:41:34','2014-09-15 14:41:35','2014-09-15 14:41:34'),('AF','AFG','004','AFGHANISTAN','2014-09-15 14:41:34','2014-09-15 14:41:34','2014-09-15 14:41:34','2014-09-15 14:41:34'),('AG','ATG','028','ANTIGUA AND BARBUDA','2014-09-15 14:41:34','2014-09-15 14:41:34','2014-09-15 14:41:34','2014-09-15 14:41:34'),('AI','AIA','660','ANGUILLA','2014-09-15 14:41:35','2014-09-15 14:41:34','2014-09-15 14:41:35','2014-09-15 14:41:34'),('AL','ALB','008','ALBANIA','2014-09-15 14:41:34','2014-09-15 14:41:34','2014-09-15 14:41:34','2014-09-15 14:41:34'),('AM','ARM','051','ARMENIA','2014-09-15 14:41:34','2014-09-15 14:41:34','2014-09-15 14:41:34','2014-09-15 14:41:34'),('AN','ANT','530','NETHERLANDS ANTILLES','2014-09-15 14:41:34','2014-09-15 14:41:34','2014-09-15 14:41:34','2014-09-15 14:41:34'),('AO','AGO','024','ANGOLA','2014-09-15 14:41:34','2014-09-15 14:41:34','2014-09-15 14:41:34','2014-09-15 14:41:34'),('AQ','ATA','010','ANTARCTICA','2014-09-15 14:41:34','2014-09-15 14:41:34','2014-09-15 14:41:34','2014-09-15 14:41:34'),('AR','ARG','032','ARGENTINA','2014-09-15 14:41:34','2014-09-15 14:41:34','2014-09-15 14:41:34','2014-09-15 14:41:34'),('AS','ASM','016','AMERICAN SAMOA','2014-09-15 14:41:34','2014-09-15 14:41:34','2014-09-15 14:41:34','2014-09-15 14:41:34'),('AT','AUT','040','AUSTRIA','2014-09-15 14:41:34','2014-09-15 14:41:34','2014-09-15 14:41:34','2014-09-15 14:41:34'),('AU','AUS','036','AUSTRALIA','2014-09-15 14:41:34','2014-09-15 14:41:34','2014-09-15 14:41:34','2014-09-15 14:41:34'),('AW','ABW','533','ARUBA','2014-09-15 14:41:34','2014-09-15 14:41:34','2014-09-15 14:41:34','2014-09-15 14:41:34'),('AZ','AZE','031','AZERBAIJAN','2014-09-15 14:41:34','2014-09-15 14:41:34','2014-09-15 14:41:34','2014-09-15 14:41:34'),('BA','BIH','070','BOSNIA AND HERZEGOWINA','2014-09-15 14:41:34','2014-09-15 14:41:34','2014-09-15 14:41:34','2014-09-15 14:41:34'),('BB','BRB','052','BARBADOS','2014-09-15 14:41:34','2014-09-15 14:41:34','2014-09-15 14:41:34','2014-09-15 14:41:34'),('BD','BGD','050','BANGLADESH','2014-09-15 14:41:34','2014-09-15 14:41:34','2014-09-15 14:41:34','2014-09-15 14:41:34'),('BE','BEL','056','BELGIUM','2014-09-15 14:41:34','2014-09-15 14:41:34','2014-09-15 14:41:34','2014-09-15 14:41:34'),('BF','BFA','854','BURKINA FASO','2014-09-15 14:41:35','2014-09-15 14:41:34','2014-09-15 14:41:35','2014-09-15 14:41:34'),('BG','BGR','100','BULGARIA','2014-09-15 14:41:34','2014-09-15 14:41:34','2014-09-15 14:41:34','2014-09-15 14:41:34'),('BH','BHR','048','BAHRAIN','2014-09-15 14:41:34','2014-09-15 14:41:34','2014-09-15 14:41:34','2014-09-15 14:41:34'),('BI','BDI','108','BURUNDI','2014-09-15 14:41:34','2014-09-15 14:41:34','2014-09-15 14:41:34','2014-09-15 14:41:34'),('BJ','BEN','204','BENIN','2014-09-15 14:41:34','2014-09-15 14:41:34','2014-09-15 14:41:34','2014-09-15 14:41:34'),('BM','BMU','060','BERMUDA','2014-09-15 14:41:34','2014-09-15 14:41:34','2014-09-15 14:41:34','2014-09-15 14:41:34'),('BN','BRN','096','BRUNEI DARUSSALAM','2014-09-15 14:41:34','2014-09-15 14:41:34','2014-09-15 14:41:34','2014-09-15 14:41:34'),('BO','BOL','068','BOLIVIA','2014-09-15 14:41:34','2014-09-15 14:41:34','2014-09-15 14:41:34','2014-09-15 14:41:34'),('BR','BRA','076','BRAZIL','2014-09-15 14:41:34','2014-09-15 14:41:34','2014-09-15 14:41:34','2014-09-15 14:41:34'),('BS','BHS','044','BAHAMAS','2014-09-15 14:41:34','2014-09-15 14:41:34','2014-09-15 14:41:34','2014-09-15 14:41:34'),('BT','BTN','064','BHUTAN','2014-09-15 14:41:34','2014-09-15 14:41:34','2014-09-15 14:41:34','2014-09-15 14:41:34'),('BV','BVT','074','BOUVET ISLAND','2014-09-15 14:41:34','2014-09-15 14:41:34','2014-09-15 14:41:34','2014-09-15 14:41:34'),('BW','BWA','072','BOTSWANA','2014-09-15 14:41:34','2014-09-15 14:41:34','2014-09-15 14:41:34','2014-09-15 14:41:34'),('BY','BLR','112','BELARUS','2014-09-15 14:41:34','2014-09-15 14:41:34','2014-09-15 14:41:34','2014-09-15 14:41:34'),('BZ','BLZ','084','BELIZE','2014-09-15 14:41:34','2014-09-15 14:41:34','2014-09-15 14:41:34','2014-09-15 14:41:34'),('CA','CAN','124','CANADA','2014-09-15 14:41:34','2014-09-15 14:41:34','2014-09-15 14:41:34','2014-09-15 14:41:34'),('CC','CCK','166','COCOS (KEELING) ISLANDS','2014-09-15 14:41:34','2014-09-15 14:41:34','2014-09-15 14:41:34','2014-09-15 14:41:34'),('CD','COD','180','CONGO, THE DEMOCRATIC REPUBLIC OF THE','2014-09-15 14:41:34','2014-09-15 14:41:34','2014-09-15 14:41:34','2014-09-15 14:41:34'),('CF','CAF','140','CENTRAL AFRICAN REPUBLIC','2014-09-15 14:41:34','2014-09-15 14:41:34','2014-09-15 14:41:34','2014-09-15 14:41:34'),('CG','COG','178','CONGO','2014-09-15 14:41:34','2014-09-15 14:41:34','2014-09-15 14:41:34','2014-09-15 14:41:34'),('CH','CHE','756','SWITZERLAND','2014-09-15 14:41:35','2014-09-15 14:41:34','2014-09-15 14:41:35','2014-09-15 14:41:34'),('CI','CIV','384','COTE D\'IVOIRE','2014-09-15 14:41:34','2014-09-15 14:41:34','2014-09-15 14:41:34','2014-09-15 14:41:34'),('CK','COK','184','COOK ISLANDS','2014-09-15 14:41:34','2014-09-15 14:41:34','2014-09-15 14:41:34','2014-09-15 14:41:34'),('CL','CHL','152','CHILE','2014-09-15 14:41:34','2014-09-15 14:41:34','2014-09-15 14:41:34','2014-09-15 14:41:34'),('CM','CMR','120','CAMEROON','2014-09-15 14:41:34','2014-09-15 14:41:34','2014-09-15 14:41:34','2014-09-15 14:41:34'),('CN','CHN','156','CHINA','2014-09-15 14:41:34','2014-09-15 14:41:34','2014-09-15 14:41:34','2014-09-15 14:41:34'),('CO','COL','170','COLOMBIA','2014-09-15 14:41:34','2014-09-15 14:41:34','2014-09-15 14:41:34','2014-09-15 14:41:34'),('CR','CRI','188','COSTA RICA','2014-09-15 14:41:34','2014-09-15 14:41:34','2014-09-15 14:41:34','2014-09-15 14:41:34'),('CU','CUB','192','CUBA','2014-09-15 14:41:34','2014-09-15 14:41:34','2014-09-15 14:41:34','2014-09-15 14:41:34'),('CV','CPV','132','CAPE VERDE','2014-09-15 14:41:34','2014-09-15 14:41:34','2014-09-15 14:41:34','2014-09-15 14:41:34'),('CX','CXR','162','CHRISTMAS ISLAND','2014-09-15 14:41:34','2014-09-15 14:41:34','2014-09-15 14:41:34','2014-09-15 14:41:34'),('CY','CYP','196','CYPRUS','2014-09-15 14:41:34','2014-09-15 14:41:34','2014-09-15 14:41:34','2014-09-15 14:41:34'),('CZ','CZE','203','CZECH REPUBLIC','2014-09-15 14:41:34','2014-09-15 14:41:34','2014-09-15 14:41:34','2014-09-15 14:41:34'),('DE','DEU','276','GERMANY','2014-09-15 14:41:34','2014-09-15 14:41:34','2014-09-15 14:41:34','2014-09-15 14:41:34'),('DJ','DJI','262','DJIBOUTI','2014-09-15 14:41:34','2014-09-15 14:41:34','2014-09-15 14:41:34','2014-09-15 14:41:34'),('DK','DNK','208','DENMARK','2014-09-15 14:41:34','2014-09-15 14:41:34','2014-09-15 14:41:34','2014-09-15 14:41:34'),('DM','DMA','212','DOMINICA','2014-09-15 14:41:34','2014-09-15 14:41:34','2014-09-15 14:41:34','2014-09-15 14:41:34'),('DO','DOM','214','DOMINICAN REPUBLIC','2014-09-15 14:41:34','2014-09-15 14:41:34','2014-09-15 14:41:34','2014-09-15 14:41:34'),('DZ','DZA','012','ALGERIA','2014-09-15 14:41:34','2014-09-15 14:41:34','2014-09-15 14:41:34','2014-09-15 14:41:34'),('EC','ECU','218','ECUADOR','2014-09-15 14:41:34','2014-09-15 14:41:34','2014-09-15 14:41:34','2014-09-15 14:41:34'),('EE','EST','233','ESTONIA','2014-09-15 14:41:34','2014-09-15 14:41:34','2014-09-15 14:41:34','2014-09-15 14:41:34'),('EG','EGY','818','EGYPT','2014-09-15 14:41:35','2014-09-15 14:41:34','2014-09-15 14:41:35','2014-09-15 14:41:34'),('EH','ESH','732','WESTERN SAHARA','2014-09-15 14:41:35','2014-09-15 14:41:34','2014-09-15 14:41:35','2014-09-15 14:41:34'),('ENG','ENGL','896','ENGLAND','2014-09-15 14:41:35','2014-09-15 14:41:34','2014-09-15 14:41:35','2014-09-15 14:41:34'),('ER','ERI','232','ERITREA','2014-09-15 14:41:34','2014-09-15 14:41:34','2014-09-15 14:41:34','2014-09-15 14:41:34'),('ES','ESP','724','SPAIN','2014-09-15 14:41:35','2014-09-15 14:41:34','2014-09-15 14:41:35','2014-09-15 14:41:34'),('ET','ETH','231','ETHIOPIA','2014-09-15 14:41:34','2014-09-15 14:41:34','2014-09-15 14:41:34','2014-09-15 14:41:34'),('FI','FIN','246','FINLAND','2014-09-15 14:41:34','2014-09-15 14:41:34','2014-09-15 14:41:34','2014-09-15 14:41:34'),('FJ','FJI','242','FIJI','2014-09-15 14:41:34','2014-09-15 14:41:34','2014-09-15 14:41:34','2014-09-15 14:41:34'),('FK','FLK','238','FALKLAND ISLANDS (MALVINAS)','2014-09-15 14:41:34','2014-09-15 14:41:34','2014-09-15 14:41:34','2014-09-15 14:41:34'),('FM','FSM','583','MICRONESIA, FEDERATED STATES OF','2014-09-15 14:41:35','2014-09-15 14:41:34','2014-09-15 14:41:35','2014-09-15 14:41:34'),('FO','FRO','234','FAROE ISLANDS','2014-09-15 14:41:34','2014-09-15 14:41:34','2014-09-15 14:41:34','2014-09-15 14:41:34'),('FR','FRA','250','FRANCE','2014-09-15 14:41:34','2014-09-15 14:41:34','2014-09-15 14:41:34','2014-09-15 14:41:34'),('FX','FXX','249','FRANCE, METROPOLITAN','2014-09-15 14:41:34','2014-09-15 14:41:34','2014-09-15 14:41:34','2014-09-15 14:41:34'),('GA','GAB','266','GABON','2014-09-15 14:41:34','2014-09-15 14:41:34','2014-09-15 14:41:34','2014-09-15 14:41:34'),('GB','GBR','826','UNITED KINGDOM','2014-09-15 14:41:35','2014-09-15 14:41:34','2014-09-15 14:41:35','2014-09-15 14:41:34'),('GD','GRD','308','GRENADA','2014-09-15 14:41:34','2014-09-15 14:41:34','2014-09-15 14:41:34','2014-09-15 14:41:34'),('GE','GEO','268','GEORGIA','2014-09-15 14:41:34','2014-09-15 14:41:34','2014-09-15 14:41:34','2014-09-15 14:41:34'),('GF','GUF','254','FRENCH GUIANA','2014-09-15 14:41:34','2014-09-15 14:41:34','2014-09-15 14:41:34','2014-09-15 14:41:34'),('GH','GHA','288','GHANA','2014-09-15 14:41:34','2014-09-15 14:41:34','2014-09-15 14:41:34','2014-09-15 14:41:34'),('GI','GIB','292','GIBRALTAR','2014-09-15 14:41:34','2014-09-15 14:41:34','2014-09-15 14:41:34','2014-09-15 14:41:34'),('GL','GRL','304','GREENLAND','2014-09-15 14:41:34','2014-09-15 14:41:34','2014-09-15 14:41:34','2014-09-15 14:41:34'),('GM','GMB','270','GAMBIA','2014-09-15 14:41:34','2014-09-15 14:41:34','2014-09-15 14:41:34','2014-09-15 14:41:34'),('GN','GIN','324','GUINEA','2014-09-15 14:41:34','2014-09-15 14:41:34','2014-09-15 14:41:34','2014-09-15 14:41:34'),('GP','GLP','312','GUADELOUPE','2014-09-15 14:41:34','2014-09-15 14:41:34','2014-09-15 14:41:34','2014-09-15 14:41:34'),('GQ','GNQ','226','EQUATORIAL GUINEA','2014-09-15 14:41:34','2014-09-15 14:41:34','2014-09-15 14:41:34','2014-09-15 14:41:34'),('GR','GRC','300','GREECE','2014-09-15 14:41:34','2014-09-15 14:41:34','2014-09-15 14:41:34','2014-09-15 14:41:34'),('GS','SGS','239','SOUTH GEORGIA AND THE SOUTH SANDWICH ISLANDS','2014-09-15 14:41:34','2014-09-15 14:41:34','2014-09-15 14:41:34','2014-09-15 14:41:34'),('GT','GTM','320','GUATEMALA','2014-09-15 14:41:34','2014-09-15 14:41:34','2014-09-15 14:41:34','2014-09-15 14:41:34'),('GU','GUM','316','GUAM','2014-09-15 14:41:34','2014-09-15 14:41:34','2014-09-15 14:41:34','2014-09-15 14:41:34'),('GW','GNB','624','GUINEA-BISSAU','2014-09-15 14:41:35','2014-09-15 14:41:34','2014-09-15 14:41:35','2014-09-15 14:41:34'),('GY','GUY','328','GUYANA','2014-09-15 14:41:34','2014-09-15 14:41:34','2014-09-15 14:41:34','2014-09-15 14:41:34'),('HK','HKG','344','HONG KONG','2014-09-15 14:41:34','2014-09-15 14:41:34','2014-09-15 14:41:34','2014-09-15 14:41:34'),('HM','HMD','334','HEARD AND MC DONALD ISLANDS','2014-09-15 14:41:34','2014-09-15 14:41:34','2014-09-15 14:41:34','2014-09-15 14:41:34'),('HN','HND','340','HONDURAS','2014-09-15 14:41:34','2014-09-15 14:41:34','2014-09-15 14:41:34','2014-09-15 14:41:34'),('HR','HRV','191','CROATIA (local name: Hrvatska)','2014-09-15 14:41:34','2014-09-15 14:41:34','2014-09-15 14:41:34','2014-09-15 14:41:34'),('HT','HTI','332','HAITI','2014-09-15 14:41:34','2014-09-15 14:41:34','2014-09-15 14:41:34','2014-09-15 14:41:34'),('HU','HUN','348','HUNGARY','2014-09-15 14:41:34','2014-09-15 14:41:34','2014-09-15 14:41:34','2014-09-15 14:41:34'),('ID','IDN','360','INDONESIA','2014-09-15 14:41:34','2014-09-15 14:41:34','2014-09-15 14:41:34','2014-09-15 14:41:34'),('IE','IRL','372','IRELAND','2014-09-15 14:41:34','2014-09-15 14:41:34','2014-09-15 14:41:34','2014-09-15 14:41:34'),('IL','ISR','376','ISRAEL','2014-09-15 14:41:34','2014-09-15 14:41:34','2014-09-15 14:41:34','2014-09-15 14:41:34'),('IN','IND','356','INDIA','2014-09-15 14:41:34','2014-09-15 14:41:34','2014-09-15 14:41:34','2014-09-15 14:41:34'),('IO','IOT','086','BRITISH INDIAN OCEAN TERRITORY','2014-09-15 14:41:34','2014-09-15 14:41:34','2014-09-15 14:41:34','2014-09-15 14:41:34'),('IQ','IRQ','368','IRAQ','2014-09-15 14:41:34','2014-09-15 14:41:34','2014-09-15 14:41:34','2014-09-15 14:41:34'),('IR','IRN','364','IRAN (ISLAMIC REPUBLIC OF)','2014-09-15 14:41:34','2014-09-15 14:41:34','2014-09-15 14:41:34','2014-09-15 14:41:34'),('IS','ISL','352','ICELAND','2014-09-15 14:41:34','2014-09-15 14:41:34','2014-09-15 14:41:34','2014-09-15 14:41:34'),('IT','ITA','380','ITALY','2014-09-15 14:41:34','2014-09-15 14:41:34','2014-09-15 14:41:34','2014-09-15 14:41:34'),('JM','JAM','388','JAMAICA','2014-09-15 14:41:34','2014-09-15 14:41:34','2014-09-15 14:41:34','2014-09-15 14:41:34'),('JO','JOR','400','JORDAN','2014-09-15 14:41:34','2014-09-15 14:41:34','2014-09-15 14:41:34','2014-09-15 14:41:34'),('JP','JPN','392','JAPAN','2014-09-15 14:41:34','2014-09-15 14:41:34','2014-09-15 14:41:34','2014-09-15 14:41:34'),('KE','KEN','404','KENYA','2014-09-15 14:41:34','2014-09-15 14:41:34','2014-09-15 14:41:34','2014-09-15 14:41:34'),('KG','KGZ','417','KYRGYZSTAN','2014-09-15 14:41:34','2014-09-15 14:41:34','2014-09-15 14:41:34','2014-09-15 14:41:34'),('KH','KHM','116','CAMBODIA','2014-09-15 14:41:34','2014-09-15 14:41:34','2014-09-15 14:41:34','2014-09-15 14:41:34'),('KI','KIR','296','KIRIBATI','2014-09-15 14:41:34','2014-09-15 14:41:34','2014-09-15 14:41:34','2014-09-15 14:41:34'),('KM','COM','174','COMOROS','2014-09-15 14:41:34','2014-09-15 14:41:34','2014-09-15 14:41:34','2014-09-15 14:41:34'),('KN','KNA','659','SAINT KITTS AND NEVIS','2014-09-15 14:41:35','2014-09-15 14:41:34','2014-09-15 14:41:35','2014-09-15 14:41:34'),('KP','PRK','408','KOREA, DEMOCRATIC PEOPLE\'S REPUBLIC OF','2014-09-15 14:41:34','2014-09-15 14:41:34','2014-09-15 14:41:34','2014-09-15 14:41:34'),('KR','KOR','410','KOREA, REPUBLIC OF','2014-09-15 14:41:34','2014-09-15 14:41:34','2014-09-15 14:41:34','2014-09-15 14:41:34'),('KW','KWT','414','KUWAIT','2014-09-15 14:41:34','2014-09-15 14:41:34','2014-09-15 14:41:34','2014-09-15 14:41:34'),('KY','CYM','136','CAYMAN ISLANDS','2014-09-15 14:41:34','2014-09-15 14:41:34','2014-09-15 14:41:34','2014-09-15 14:41:34'),('KZ','KAZ','398','KAZAKHSTAN','2014-09-15 14:41:34','2014-09-15 14:41:34','2014-09-15 14:41:34','2014-09-15 14:41:34'),('LA','LAO','418','LAO PEOPLE\'S DEMOCRATIC REPUBLIC','2014-09-15 14:41:34','2014-09-15 14:41:34','2014-09-15 14:41:34','2014-09-15 14:41:34'),('LB','LBN','422','LEBANON','2014-09-15 14:41:34','2014-09-15 14:41:34','2014-09-15 14:41:34','2014-09-15 14:41:34'),('LC','LCA','662','SAINT LUCIA','2014-09-15 14:41:35','2014-09-15 14:41:34','2014-09-15 14:41:35','2014-09-15 14:41:34'),('LI','LIE','438','LIECHTENSTEIN','2014-09-15 14:41:34','2014-09-15 14:41:34','2014-09-15 14:41:34','2014-09-15 14:41:34'),('LK','LKA','144','SRI LANKA','2014-09-15 14:41:34','2014-09-15 14:41:34','2014-09-15 14:41:34','2014-09-15 14:41:34'),('LR','LBR','430','LIBERIA','2014-09-15 14:41:34','2014-09-15 14:41:34','2014-09-15 14:41:34','2014-09-15 14:41:34'),('LS','LSO','426','LESOTHO','2014-09-15 14:41:34','2014-09-15 14:41:34','2014-09-15 14:41:34','2014-09-15 14:41:34'),('LT','LTU','440','LITHUANIA','2014-09-15 14:41:34','2014-09-15 14:41:34','2014-09-15 14:41:34','2014-09-15 14:41:34'),('LU','LUX','442','LUXEMBOURG','2014-09-15 14:41:34','2014-09-15 14:41:34','2014-09-15 14:41:34','2014-09-15 14:41:34'),('LV','LVA','428','LATVIA','2014-09-15 14:41:34','2014-09-15 14:41:34','2014-09-15 14:41:34','2014-09-15 14:41:34'),('LY','LBY','434','LIBYAN ARAB JAMAHIRIYA','2014-09-15 14:41:34','2014-09-15 14:41:34','2014-09-15 14:41:34','2014-09-15 14:41:34'),('MA','MAR','504','MOROCCO','2014-09-15 14:41:34','2014-09-15 14:41:34','2014-09-15 14:41:34','2014-09-15 14:41:34'),('MC','MCO','492','MONACO','2014-09-15 14:41:34','2014-09-15 14:41:34','2014-09-15 14:41:34','2014-09-15 14:41:34'),('MD','MDA','498','MOLDOVA, REPUBLIC OF','2014-09-15 14:41:34','2014-09-15 14:41:34','2014-09-15 14:41:34','2014-09-15 14:41:34'),('MG','MDG','450','MADAGASCAR','2014-09-15 14:41:34','2014-09-15 14:41:34','2014-09-15 14:41:34','2014-09-15 14:41:34'),('MH','MHL','584','MARSHALL ISLANDS','2014-09-15 14:41:35','2014-09-15 14:41:34','2014-09-15 14:41:35','2014-09-15 14:41:34'),('MK','MKD','807','MACEDONIA, THE FORMER YUGOSLAV REPUBLIC OF','2014-09-15 14:41:35','2014-09-15 14:41:34','2014-09-15 14:41:35','2014-09-15 14:41:34'),('ML','MLI','466','MALI','2014-09-15 14:41:34','2014-09-15 14:41:34','2014-09-15 14:41:34','2014-09-15 14:41:34'),('MM','MMR','104','MYANMAR','2014-09-15 14:41:34','2014-09-15 14:41:34','2014-09-15 14:41:34','2014-09-15 14:41:34'),('MN','MNG','496','MONGOLIA','2014-09-15 14:41:34','2014-09-15 14:41:34','2014-09-15 14:41:34','2014-09-15 14:41:34'),('MO','MAC','446','MACAU','2014-09-15 14:41:34','2014-09-15 14:41:34','2014-09-15 14:41:34','2014-09-15 14:41:34'),('MP','MNP','580','NORTHERN MARIANA ISLANDS','2014-09-15 14:41:35','2014-09-15 14:41:34','2014-09-15 14:41:35','2014-09-15 14:41:34'),('MQ','MTQ','474','MARTINIQUE','2014-09-15 14:41:34','2014-09-15 14:41:34','2014-09-15 14:41:34','2014-09-15 14:41:34'),('MR','MRT','478','MAURITANIA','2014-09-15 14:41:34','2014-09-15 14:41:34','2014-09-15 14:41:34','2014-09-15 14:41:34'),('MS','MSR','500','MONTSERRAT','2014-09-15 14:41:34','2014-09-15 14:41:34','2014-09-15 14:41:34','2014-09-15 14:41:34'),('MT','MLT','470','MALTA','2014-09-15 14:41:34','2014-09-15 14:41:34','2014-09-15 14:41:34','2014-09-15 14:41:34'),('MU','MUS','480','MAURITIUS','2014-09-15 14:41:34','2014-09-15 14:41:34','2014-09-15 14:41:34','2014-09-15 14:41:34'),('MV','MDV','462','MALDIVES','2014-09-15 14:41:34','2014-09-15 14:41:34','2014-09-15 14:41:34','2014-09-15 14:41:34'),('MW','MWI','454','MALAWI','2014-09-15 14:41:34','2014-09-15 14:41:34','2014-09-15 14:41:34','2014-09-15 14:41:34'),('MX','MEX','484','MEXICO','2014-09-15 14:41:34','2014-09-15 14:41:34','2014-09-15 14:41:34','2014-09-15 14:41:34'),('MY','MYS','458','MALAYSIA','2014-09-15 14:41:34','2014-09-15 14:41:34','2014-09-15 14:41:34','2014-09-15 14:41:34'),('MZ','MOZ','508','MOZAMBIQUE','2014-09-15 14:41:34','2014-09-15 14:41:34','2014-09-15 14:41:34','2014-09-15 14:41:34'),('NA','NAM','516','NAMIBIA','2014-09-15 14:41:34','2014-09-15 14:41:34','2014-09-15 14:41:34','2014-09-15 14:41:34'),('NC','NCL','540','NEW CALEDONIA','2014-09-15 14:41:34','2014-09-15 14:41:34','2014-09-15 14:41:34','2014-09-15 14:41:34'),('NE','NER','562','NIGER','2014-09-15 14:41:35','2014-09-15 14:41:34','2014-09-15 14:41:35','2014-09-15 14:41:34'),('NF','NFK','574','NORFOLK ISLAND','2014-09-15 14:41:35','2014-09-15 14:41:34','2014-09-15 14:41:35','2014-09-15 14:41:34'),('NG','NGA','566','NIGERIA','2014-09-15 14:41:35','2014-09-15 14:41:34','2014-09-15 14:41:35','2014-09-15 14:41:34'),('NI','NIC','558','NICARAGUA','2014-09-15 14:41:35','2014-09-15 14:41:34','2014-09-15 14:41:35','2014-09-15 14:41:34'),('NIR','NIRL','897','N.IRELAND','2014-09-15 14:41:35','2014-09-15 14:41:34','2014-09-15 14:41:35','2014-09-15 14:41:34'),('NL','NLD','528','NETHERLANDS','2014-09-15 14:41:34','2014-09-15 14:41:34','2014-09-15 14:41:34','2014-09-15 14:41:34'),('NO','NOR','578','NORWAY','2014-09-15 14:41:35','2014-09-15 14:41:34','2014-09-15 14:41:35','2014-09-15 14:41:34'),('NP','NPL','524','NEPAL','2014-09-15 14:41:34','2014-09-15 14:41:34','2014-09-15 14:41:34','2014-09-15 14:41:34'),('NR','NRU','520','NAURU','2014-09-15 14:41:34','2014-09-15 14:41:34','2014-09-15 14:41:34','2014-09-15 14:41:34'),('NU','NIU','570','NIUE','2014-09-15 14:41:35','2014-09-15 14:41:34','2014-09-15 14:41:35','2014-09-15 14:41:34'),('NZ','NZL','554','NEW ZEALAND','2014-09-15 14:41:35','2014-09-15 14:41:34','2014-09-15 14:41:35','2014-09-15 14:41:34'),('OM','OMN','512','OMAN','2014-09-15 14:41:34','2014-09-15 14:41:34','2014-09-15 14:41:34','2014-09-15 14:41:34'),('PA','PAN','591','PANAMA','2014-09-15 14:41:35','2014-09-15 14:41:34','2014-09-15 14:41:35','2014-09-15 14:41:34'),('PE','PER','604','PERU','2014-09-15 14:41:35','2014-09-15 14:41:34','2014-09-15 14:41:35','2014-09-15 14:41:34'),('PF','PYF','258','FRENCH POLYNESIA','2014-09-15 14:41:34','2014-09-15 14:41:34','2014-09-15 14:41:34','2014-09-15 14:41:34'),('PG','PNG','598','PAPUA NEW GUINEA','2014-09-15 14:41:35','2014-09-15 14:41:34','2014-09-15 14:41:35','2014-09-15 14:41:34'),('PH','PHL','608','PHILIPPINES','2014-09-15 14:41:35','2014-09-15 14:41:34','2014-09-15 14:41:35','2014-09-15 14:41:34'),('PK','PAK','586','PAKISTAN','2014-09-15 14:41:35','2014-09-15 14:41:34','2014-09-15 14:41:35','2014-09-15 14:41:34'),('PL','POL','616','POLAND','2014-09-15 14:41:35','2014-09-15 14:41:34','2014-09-15 14:41:35','2014-09-15 14:41:34'),('PM','SPM','666','ST. PIERRE AND MIQUELON','2014-09-15 14:41:35','2014-09-15 14:41:34','2014-09-15 14:41:35','2014-09-15 14:41:34'),('PN','PCN','612','PITCAIRN','2014-09-15 14:41:35','2014-09-15 14:41:34','2014-09-15 14:41:35','2014-09-15 14:41:34'),('PR','PRI','630','PUERTO RICO','2014-09-15 14:41:35','2014-09-15 14:41:34','2014-09-15 14:41:35','2014-09-15 14:41:34'),('PS','PSE','275','PALESTINIAN TERRITORY, OCCUPIED','2014-09-15 14:41:34','2014-09-15 14:41:34','2014-09-15 14:41:34','2014-09-15 14:41:34'),('PT','PRT','620','PORTUGAL','2014-09-15 14:41:35','2014-09-15 14:41:34','2014-09-15 14:41:35','2014-09-15 14:41:34'),('PW','PLW','585','PALAU','2014-09-15 14:41:35','2014-09-15 14:41:34','2014-09-15 14:41:35','2014-09-15 14:41:34'),('PY','PRY','600','PARAGUAY','2014-09-15 14:41:35','2014-09-15 14:41:34','2014-09-15 14:41:35','2014-09-15 14:41:34'),('QA','QAT','634','QATAR','2014-09-15 14:41:35','2014-09-15 14:41:34','2014-09-15 14:41:35','2014-09-15 14:41:34'),('RE','REU','638','REUNION','2014-09-15 14:41:35','2014-09-15 14:41:34','2014-09-15 14:41:35','2014-09-15 14:41:34'),('RO','ROM','642','ROMANIA','2014-09-15 14:41:35','2014-09-15 14:41:34','2014-09-15 14:41:35','2014-09-15 14:41:34'),('RU','RUS','643','RUSSIAN FEDERATION','2014-09-15 14:41:35','2014-09-15 14:41:34','2014-09-15 14:41:35','2014-09-15 14:41:34'),('RW','RWA','646','RWANDA','2014-09-15 14:41:35','2014-09-15 14:41:34','2014-09-15 14:41:35','2014-09-15 14:41:34'),('SA','SAU','682','SAUDI ARABIA','2014-09-15 14:41:35','2014-09-15 14:41:34','2014-09-15 14:41:35','2014-09-15 14:41:34'),('SB','SLB','090','SOLOMON ISLANDS','2014-09-15 14:41:34','2014-09-15 14:41:34','2014-09-15 14:41:34','2014-09-15 14:41:34'),('SC','SYC','690','SEYCHELLES','2014-09-15 14:41:35','2014-09-15 14:41:34','2014-09-15 14:41:35','2014-09-15 14:41:34'),('SCT','SCOT','895','SCOTLAND','2014-09-15 14:41:35','2014-09-15 14:41:34','2014-09-15 14:41:35','2014-09-15 14:41:34'),('SD','SDN','736','SUDAN','2014-09-15 14:41:35','2014-09-15 14:41:34','2014-09-15 14:41:35','2014-09-15 14:41:34'),('SE','SWE','752','SWEDEN','2014-09-15 14:41:35','2014-09-15 14:41:34','2014-09-15 14:41:35','2014-09-15 14:41:34'),('SG','SGP','702','SINGAPORE','2014-09-15 14:41:35','2014-09-15 14:41:34','2014-09-15 14:41:35','2014-09-15 14:41:34'),('SH','SHN','654','ST. HELENA','2014-09-15 14:41:35','2014-09-15 14:41:34','2014-09-15 14:41:35','2014-09-15 14:41:34'),('SI','SVN','705','SLOVENIA','2014-09-15 14:41:35','2014-09-15 14:41:34','2014-09-15 14:41:35','2014-09-15 14:41:34'),('SJ','SJM','744','SVALBARD AND JAN MAYEN ISLANDS','2014-09-15 14:41:35','2014-09-15 14:41:34','2014-09-15 14:41:35','2014-09-15 14:41:34'),('SK','SVK','703','SLOVAKIA (Slovak Republic)','2014-09-15 14:41:35','2014-09-15 14:41:34','2014-09-15 14:41:35','2014-09-15 14:41:34'),('SL','SLE','694','SIERRA LEONE','2014-09-15 14:41:35','2014-09-15 14:41:34','2014-09-15 14:41:35','2014-09-15 14:41:34'),('SM','SMR','674','SAN MARINO','2014-09-15 14:41:35','2014-09-15 14:41:34','2014-09-15 14:41:35','2014-09-15 14:41:34'),('SN','SEN','686','SENEGAL','2014-09-15 14:41:35','2014-09-15 14:41:34','2014-09-15 14:41:35','2014-09-15 14:41:34'),('SO','SOM','706','SOMALIA','2014-09-15 14:41:35','2014-09-15 14:41:34','2014-09-15 14:41:35','2014-09-15 14:41:34'),('SR','SUR','740','SURINAME','2014-09-15 14:41:35','2014-09-15 14:41:34','2014-09-15 14:41:35','2014-09-15 14:41:34'),('ST','STP','678','SAO TOME AND PRINCIPE','2014-09-15 14:41:35','2014-09-15 14:41:34','2014-09-15 14:41:35','2014-09-15 14:41:34'),('SV','SLV','222','EL SALVADOR','2014-09-15 14:41:34','2014-09-15 14:41:34','2014-09-15 14:41:34','2014-09-15 14:41:34'),('SY','SYR','760','SYRIAN ARAB REPUBLIC','2014-09-15 14:41:35','2014-09-15 14:41:34','2014-09-15 14:41:35','2014-09-15 14:41:34'),('SZ','SWZ','748','SWAZILAND','2014-09-15 14:41:35','2014-09-15 14:41:34','2014-09-15 14:41:35','2014-09-15 14:41:34'),('TC','TCA','796','TURKS AND CAICOS ISLANDS','2014-09-15 14:41:35','2014-09-15 14:41:34','2014-09-15 14:41:35','2014-09-15 14:41:34'),('TD','TCD','148','CHAD','2014-09-15 14:41:34','2014-09-15 14:41:34','2014-09-15 14:41:34','2014-09-15 14:41:34'),('TF','ATF','260','FRENCH SOUTHERN TERRITORIES','2014-09-15 14:41:34','2014-09-15 14:41:34','2014-09-15 14:41:34','2014-09-15 14:41:34'),('TG','TGO','768','TOGO','2014-09-15 14:41:35','2014-09-15 14:41:34','2014-09-15 14:41:35','2014-09-15 14:41:34'),('TH','THA','764','THAILAND','2014-09-15 14:41:35','2014-09-15 14:41:34','2014-09-15 14:41:35','2014-09-15 14:41:34'),('TJ','TJK','762','TAJIKISTAN','2014-09-15 14:41:35','2014-09-15 14:41:34','2014-09-15 14:41:35','2014-09-15 14:41:34'),('TK','TKL','772','TOKELAU','2014-09-15 14:41:35','2014-09-15 14:41:34','2014-09-15 14:41:35','2014-09-15 14:41:34'),('TM','TKM','795','TURKMENISTAN','2014-09-15 14:41:35','2014-09-15 14:41:34','2014-09-15 14:41:35','2014-09-15 14:41:34'),('TN','TUN','788','TUNISIA','2014-09-15 14:41:35','2014-09-15 14:41:34','2014-09-15 14:41:35','2014-09-15 14:41:34'),('TO','TON','776','TONGA','2014-09-15 14:41:35','2014-09-15 14:41:34','2014-09-15 14:41:35','2014-09-15 14:41:34'),('TP','TMP','626','EAST TIMOR','2014-09-15 14:41:35','2014-09-15 14:41:34','2014-09-15 14:41:35','2014-09-15 14:41:34'),('TR','TUR','792','TURKEY','2014-09-15 14:41:35','2014-09-15 14:41:34','2014-09-15 14:41:35','2014-09-15 14:41:34'),('TT','TTO','780','TRINIDAD AND TOBAGO','2014-09-15 14:41:35','2014-09-15 14:41:34','2014-09-15 14:41:35','2014-09-15 14:41:34'),('TV','TUV','798','TUVALU','2014-09-15 14:41:35','2014-09-15 14:41:34','2014-09-15 14:41:35','2014-09-15 14:41:34'),('TW','TWN','158','TAIWAN, PROVINCE OF CHINA','2014-09-15 14:41:34','2014-09-15 14:41:34','2014-09-15 14:41:34','2014-09-15 14:41:34'),('TZ','TZA','834','TANZANIA, UNITED REPUBLIC OF','2014-09-15 14:41:35','2014-09-15 14:41:34','2014-09-15 14:41:35','2014-09-15 14:41:34'),('UA','UKR','804','UKRAINE','2014-09-15 14:41:35','2014-09-15 14:41:34','2014-09-15 14:41:35','2014-09-15 14:41:34'),('UG','UGA','800','UGANDA','2014-09-15 14:41:35','2014-09-15 14:41:34','2014-09-15 14:41:35','2014-09-15 14:41:34'),('UM','UMI','581','UNITED STATES MINOR OUTLYING ISLANDS','2014-09-15 14:41:35','2014-09-15 14:41:34','2014-09-15 14:41:35','2014-09-15 14:41:34'),('US','USA','840','UNITED STATES','2014-09-15 14:41:35','2014-09-15 14:41:34','2014-09-15 14:41:35','2014-09-15 14:41:34'),('UY','URY','858','URUGUAY','2014-09-15 14:41:35','2014-09-15 14:41:34','2014-09-15 14:41:35','2014-09-15 14:41:34'),('UZ','UZB','860','UZBEKISTAN','2014-09-15 14:41:35','2014-09-15 14:41:34','2014-09-15 14:41:35','2014-09-15 14:41:34'),('VA','VAT','336','HOLY SEE (VATICAN CITY STATE)','2014-09-15 14:41:34','2014-09-15 14:41:34','2014-09-15 14:41:34','2014-09-15 14:41:34'),('VC','VCT','670','SAINT VINCENT AND THE GRENADINES','2014-09-15 14:41:35','2014-09-15 14:41:34','2014-09-15 14:41:35','2014-09-15 14:41:34'),('VE','VEN','862','VENEZUELA','2014-09-15 14:41:35','2014-09-15 14:41:34','2014-09-15 14:41:35','2014-09-15 14:41:34'),('VG','VGB','092','VIRGIN ISLANDS (BRITISH)','2014-09-15 14:41:34','2014-09-15 14:41:34','2014-09-15 14:41:34','2014-09-15 14:41:34'),('VI','VIR','850','VIRGIN ISLANDS (U.S.)','2014-09-15 14:41:35','2014-09-15 14:41:34','2014-09-15 14:41:35','2014-09-15 14:41:34'),('VN','VNM','704','VIET NAM','2014-09-15 14:41:35','2014-09-15 14:41:34','2014-09-15 14:41:35','2014-09-15 14:41:34'),('VU','VUT','548','VANUATU','2014-09-15 14:41:35','2014-09-15 14:41:34','2014-09-15 14:41:35','2014-09-15 14:41:34'),('WF','WLF','876','WALLIS AND FUTUNA ISLANDS','2014-09-15 14:41:35','2014-09-15 14:41:34','2014-09-15 14:41:35','2014-09-15 14:41:34'),('WLS','WALS','898','WALES','2014-09-15 14:41:35','2014-09-15 14:41:34','2014-09-15 14:41:35','2014-09-15 14:41:34'),('WS','WSM','882','SAMOA','2014-09-15 14:41:35','2014-09-15 14:41:34','2014-09-15 14:41:35','2014-09-15 14:41:34'),('YE','YEM','887','YEMEN','2014-09-15 14:41:35','2014-09-15 14:41:34','2014-09-15 14:41:35','2014-09-15 14:41:34'),('YT','MYT','175','MAYOTTE','2014-09-15 14:41:34','2014-09-15 14:41:34','2014-09-15 14:41:34','2014-09-15 14:41:34'),('YU','YUG','891','YUGOSLAVIA','2014-09-15 14:41:35','2014-09-15 14:41:34','2014-09-15 14:41:35','2014-09-15 14:41:34'),('ZA','ZAF','710','SOUTH AFRICA','2014-09-15 14:41:35','2014-09-15 14:41:34','2014-09-15 14:41:35','2014-09-15 14:41:34'),('ZM','ZMB','894','ZAMBIA','2014-09-15 14:41:35','2014-09-15 14:41:34','2014-09-15 14:41:35','2014-09-15 14:41:34'),('ZW','ZWE','716','ZIMBABWE','2014-09-15 14:41:35','2014-09-15 14:41:34','2014-09-15 14:41:35','2014-09-15 14:41:34');

UNLOCK TABLES;

/*Table structure for table `doctor` */

DROP TABLE IF EXISTS `doctor`;

CREATE TABLE `doctor` (
  `doctor_id` varchar(255) NOT NULL,
  `salutation` varchar(255) DEFAULT NULL,
  `first_name` varchar(255) DEFAULT NULL,
  `last_name` varchar(255) DEFAULT NULL,
  `clinic_name` varchar(255) DEFAULT NULL,
  `qualification` varchar(255) DEFAULT NULL,
  `address` varchar(255) DEFAULT NULL,
  `additional_address` varchar(255) DEFAULT NULL,
  `city` varchar(255) DEFAULT NULL,
  `state` varchar(255) DEFAULT NULL,
  `country` varchar(255) DEFAULT NULL,
  `zip` varchar(255) DEFAULT NULL,
  `latitude` varchar(255) DEFAULT NULL,
  `longitude` varchar(255) DEFAULT NULL,
  `speciality1` varchar(255) DEFAULT NULL,
  `speciality2` varchar(255) DEFAULT NULL,
  `clinic_id` varchar(255) DEFAULT NULL,
  PRIMARY KEY (`doctor_id`),
  KEY `fk_doctor_speciality1` (`speciality1`),
  KEY `fk_doctor_speciality2` (`speciality2`),
  KEY `fk_doctor_clinic` (`clinic_id`),
  CONSTRAINT `fk_doctor_clinic` FOREIGN KEY (`clinic_id`) REFERENCES `clinic` (`clinic_id`),
  CONSTRAINT `fk_doctor_speciality1` FOREIGN KEY (`speciality1`) REFERENCES `speciality` (`SPECIALITY_CODE`),
  CONSTRAINT `fk_doctor_speciality2` FOREIGN KEY (`speciality2`) REFERENCES `speciality` (`SPECIALITY_CODE`)
) ENGINE=InnoDB DEFAULT CHARSET=latin1;

ALTER TABLE doctor DROP PRIMARY KEY, ADD PRIMARY KEY(`doctor_id`, `clinic_id`);


/*Data for the table `doctor` */

LOCK TABLES `doctor` WRITE;

UNLOCK TABLES;

/*Table structure for table `geo` */

DROP TABLE IF EXISTS `geo`;

CREATE TABLE `geo` (
  `GEO_ID` varchar(60) NOT NULL,
  `GEO_TYPE_ID` varchar(20) DEFAULT NULL,
  `GEO_NAME` varchar(100) DEFAULT NULL,
  `GEO_CODE` varchar(60) DEFAULT NULL,
  `GEO_SEC_CODE` varchar(60) DEFAULT NULL,
  `ABBREVIATION` varchar(60) DEFAULT NULL,
  `WELL_KNOWN_TEXT` longtext,
  `LAST_UPDATED_STAMP` datetime DEFAULT NULL,
  `LAST_UPDATED_TX_STAMP` datetime DEFAULT NULL,
  `CREATED_STAMP` datetime DEFAULT NULL,
  `CREATED_TX_STAMP` datetime DEFAULT NULL,
  PRIMARY KEY (`GEO_ID`),
  KEY `GEO_TO_TYPE` (`GEO_TYPE_ID`),
  KEY `GEO_TXSTMP` (`LAST_UPDATED_TX_STAMP`),
  KEY `GEO_TXCRTS` (`CREATED_TX_STAMP`),
  CONSTRAINT `GEO_TO_TYPE` FOREIGN KEY (`GEO_TYPE_ID`) REFERENCES `geo_type` (`GEO_TYPE_ID`)
) ENGINE=InnoDB DEFAULT CHARSET=utf8;

/*Data for the table `geo` */

LOCK TABLES `geo` WRITE;

insert  into `geo`(`GEO_ID`,`GEO_TYPE_ID`,`GEO_NAME`,`GEO_CODE`,`GEO_SEC_CODE`,`ABBREVIATION`,`WELL_KNOWN_TEXT`,`LAST_UPDATED_STAMP`,`LAST_UPDATED_TX_STAMP`,`CREATED_STAMP`,`CREATED_TX_STAMP`) values ('AA','STATE','Armed Forces Americas','AA',NULL,'AA',NULL,'2014-09-15 14:41:45','2014-09-15 14:41:45','2014-09-15 14:41:45','2014-09-15 14:41:45'),('AB','PROVINCE','Alberta','AB',NULL,'AB',NULL,'2014-09-15 14:41:39','2014-09-15 14:41:39','2014-09-15 14:41:39','2014-09-15 14:41:39'),('ABW','COUNTRY','Aruba','AW','533','ABW',NULL,'2014-09-15 14:41:37','2014-09-15 14:41:37','2014-09-15 14:41:37','2014-09-15 14:41:37'),('AE','STATE','Armed Forces Europe','AE',NULL,'AE',NULL,'2014-09-15 14:41:45','2014-09-15 14:41:45','2014-09-15 14:41:45','2014-09-15 14:41:45'),('AE-AD','STATE','Abu Dhabi','AD',NULL,'AD',NULL,'2014-09-15 14:41:46','2014-09-15 14:41:46','2014-09-15 14:41:46','2014-09-15 14:41:46'),('AE-AJ','STATE','Ajman','AJ',NULL,'AJ',NULL,'2014-09-15 14:41:46','2014-09-15 14:41:46','2014-09-15 14:41:46','2014-09-15 14:41:46'),('AE-DU','STATE','Dubai','DU',NULL,'DU',NULL,'2014-09-15 14:41:46','2014-09-15 14:41:46','2014-09-15 14:41:46','2014-09-15 14:41:46'),('AE-FU','STATE','Fujairah','FU',NULL,'FU',NULL,'2014-09-15 14:41:46','2014-09-15 14:41:46','2014-09-15 14:41:46','2014-09-15 14:41:46'),('AE-RA','STATE','Ras al-Khaimah','RA',NULL,'RA',NULL,'2014-09-15 14:41:46','2014-09-15 14:41:46','2014-09-15 14:41:46','2014-09-15 14:41:46'),('AE-SH','STATE','Sharjah','SH',NULL,'SH',NULL,'2014-09-15 14:41:46','2014-09-15 14:41:46','2014-09-15 14:41:46','2014-09-15 14:41:46'),('AE-UQ','STATE','Umm al-Quwain','UQ',NULL,'UQ',NULL,'2014-09-15 14:41:46','2014-09-15 14:41:46','2014-09-15 14:41:46','2014-09-15 14:41:46'),('AFG','COUNTRY','Afghanistan','AF','004','AFG',NULL,'2014-09-15 14:41:37','2014-09-15 14:41:37','2014-09-15 14:41:37','2014-09-15 14:41:37'),('AGO','COUNTRY','Angola','AO','024','AGO',NULL,'2014-09-15 14:41:37','2014-09-15 14:41:37','2014-09-15 14:41:37','2014-09-15 14:41:37'),('AHUST','GROUP','Alaska/Hawaii/Territories','AHUST',NULL,'AHUST',NULL,'2014-09-15 14:41:46','2014-09-15 14:41:45','2014-09-15 14:41:46','2014-09-15 14:41:45'),('AIA','COUNTRY','Anguilla','AI','660','AIA',NULL,'2014-09-15 14:41:37','2014-09-15 14:41:37','2014-09-15 14:41:37','2014-09-15 14:41:37'),('AK','STATE','Alaska','AK',NULL,'AK',NULL,'2014-09-15 14:41:45','2014-09-15 14:41:45','2014-09-15 14:41:45','2014-09-15 14:41:45'),('AKHI','GROUP','Alaska/Hawaii','AKHI',NULL,'AKHI',NULL,'2014-09-15 14:41:46','2014-09-15 14:41:45','2014-09-15 14:41:46','2014-09-15 14:41:45'),('AL','STATE','Alabama','AL',NULL,'AL',NULL,'2014-09-15 14:41:45','2014-09-15 14:41:45','2014-09-15 14:41:45','2014-09-15 14:41:45'),('ALB','COUNTRY','Albania','AL','008','ALB',NULL,'2014-09-15 14:41:37','2014-09-15 14:41:37','2014-09-15 14:41:37','2014-09-15 14:41:37'),('AND','COUNTRY','Andorra','AD','020','AND',NULL,'2014-09-15 14:41:37','2014-09-15 14:41:37','2014-09-15 14:41:37','2014-09-15 14:41:37'),('ANT','COUNTRY','Netherlands Antilles','AN','530','ANT',NULL,'2014-09-15 14:41:38','2014-09-15 14:41:37','2014-09-15 14:41:38','2014-09-15 14:41:37'),('AP','STATE','Armed Forces Pacific','AP',NULL,'AP',NULL,'2014-09-15 14:41:45','2014-09-15 14:41:45','2014-09-15 14:41:45','2014-09-15 14:41:45'),('AR','STATE','Arkansas','AR',NULL,'AR',NULL,'2014-09-15 14:41:45','2014-09-15 14:41:45','2014-09-15 14:41:45','2014-09-15 14:41:45'),('ARG','COUNTRY','Argentina','AR','032','ARG',NULL,'2014-09-15 14:41:37','2014-09-15 14:41:37','2014-09-15 14:41:37','2014-09-15 14:41:37'),('ARM','COUNTRY','Armenia','AM','051','ARM',NULL,'2014-09-15 14:41:37','2014-09-15 14:41:37','2014-09-15 14:41:37','2014-09-15 14:41:37'),('AS','STATE','American Samoa','AS',NULL,'AS',NULL,'2014-09-15 14:41:45','2014-09-15 14:41:45','2014-09-15 14:41:45','2014-09-15 14:41:45'),('ASM','COUNTRY','American Samoa','AS','016','ASM',NULL,'2014-09-15 14:41:37','2014-09-15 14:41:37','2014-09-15 14:41:37','2014-09-15 14:41:37'),('ATA','COUNTRY','Antarctica','AQ','010','ATA',NULL,'2014-09-15 14:41:37','2014-09-15 14:41:37','2014-09-15 14:41:37','2014-09-15 14:41:37'),('ATF','COUNTRY','French Southern Territories','TF','260','ATF',NULL,'2014-09-15 14:41:37','2014-09-15 14:41:37','2014-09-15 14:41:37','2014-09-15 14:41:37'),('ATG','COUNTRY','Antigua And Barbuda','AG','028','ATG',NULL,'2014-09-15 14:41:37','2014-09-15 14:41:37','2014-09-15 14:41:37','2014-09-15 14:41:37'),('AU-ACT','TERRITORY','Australian Capital Territory','ACT',NULL,'ACT',NULL,'2014-09-15 14:41:38','2014-09-15 14:41:38','2014-09-15 14:41:38','2014-09-15 14:41:38'),('AU-NSW','STATE','New South Wales','NSW',NULL,'NSW',NULL,'2014-09-15 14:41:38','2014-09-15 14:41:38','2014-09-15 14:41:38','2014-09-15 14:41:38'),('AU-NT','TERRITORY','Northern Territory','NT',NULL,'NT',NULL,'2014-09-15 14:41:38','2014-09-15 14:41:38','2014-09-15 14:41:38','2014-09-15 14:41:38'),('AU-QLD','STATE','Queensland','QLD',NULL,'QLD',NULL,'2014-09-15 14:41:38','2014-09-15 14:41:38','2014-09-15 14:41:38','2014-09-15 14:41:38'),('AU-SA','STATE','South Australia','SA',NULL,'SA',NULL,'2014-09-15 14:41:38','2014-09-15 14:41:38','2014-09-15 14:41:38','2014-09-15 14:41:38'),('AU-TAS','STATE','Tasmania','TAS',NULL,'TAS',NULL,'2014-09-15 14:41:38','2014-09-15 14:41:38','2014-09-15 14:41:38','2014-09-15 14:41:38'),('AU-VIC','STATE','Victoria','VIC',NULL,'VIC',NULL,'2014-09-15 14:41:38','2014-09-15 14:41:38','2014-09-15 14:41:38','2014-09-15 14:41:38'),('AU-WA','STATE','Western Australia','WA',NULL,'WA',NULL,'2014-09-15 14:41:38','2014-09-15 14:41:38','2014-09-15 14:41:38','2014-09-15 14:41:38'),('AUS','COUNTRY','Australia','AU','036','AUS',NULL,'2014-09-15 14:41:37','2014-09-15 14:41:37','2014-09-15 14:41:37','2014-09-15 14:41:37'),('AUT','COUNTRY','Austria','AT','040','AUT',NULL,'2014-09-15 14:41:37','2014-09-15 14:41:37','2014-09-15 14:41:37','2014-09-15 14:41:37'),('AZ','STATE','Arizona','AZ',NULL,'AZ',NULL,'2014-09-15 14:41:45','2014-09-15 14:41:45','2014-09-15 14:41:45','2014-09-15 14:41:45'),('AZE','COUNTRY','Azerbaijan','AZ','031','AZE',NULL,'2014-09-15 14:41:37','2014-09-15 14:41:37','2014-09-15 14:41:37','2014-09-15 14:41:37'),('BC','PROVINCE','British Columbia','BC',NULL,'BC',NULL,'2014-09-15 14:41:39','2014-09-15 14:41:39','2014-09-15 14:41:39','2014-09-15 14:41:39'),('BDI','COUNTRY','Burundi','BI','108','BDI',NULL,'2014-09-15 14:41:37','2014-09-15 14:41:37','2014-09-15 14:41:37','2014-09-15 14:41:37'),('BEL','COUNTRY','Belgium','BE','056','BEL',NULL,'2014-09-15 14:41:37','2014-09-15 14:41:37','2014-09-15 14:41:37','2014-09-15 14:41:37'),('BEN','COUNTRY','Benin','BJ','204','BEN',NULL,'2014-09-15 14:41:37','2014-09-15 14:41:37','2014-09-15 14:41:37','2014-09-15 14:41:37'),('BFA','COUNTRY','Burkina Faso','BF','854','BFA',NULL,'2014-09-15 14:41:37','2014-09-15 14:41:37','2014-09-15 14:41:37','2014-09-15 14:41:37'),('BG-01','PROVINCE','Blagoevgrad','01',NULL,'E',NULL,'2014-09-15 14:41:38','2014-09-15 14:41:38','2014-09-15 14:41:38','2014-09-15 14:41:38'),('BG-02','PROVINCE','Burgas','02',NULL,'A',NULL,'2014-09-15 14:41:38','2014-09-15 14:41:38','2014-09-15 14:41:38','2014-09-15 14:41:38'),('BG-03','PROVINCE','Varna','03',NULL,'B',NULL,'2014-09-15 14:41:38','2014-09-15 14:41:38','2014-09-15 14:41:38','2014-09-15 14:41:38'),('BG-04','PROVINCE','Veliko Tarnovo','04',NULL,'BT',NULL,'2014-09-15 14:41:38','2014-09-15 14:41:38','2014-09-15 14:41:38','2014-09-15 14:41:38'),('BG-05','PROVINCE','Vidin','05',NULL,'BH',NULL,'2014-09-15 14:41:38','2014-09-15 14:41:38','2014-09-15 14:41:38','2014-09-15 14:41:38'),('BG-06','PROVINCE','Vratsa','06',NULL,'BP',NULL,'2014-09-15 14:41:38','2014-09-15 14:41:38','2014-09-15 14:41:38','2014-09-15 14:41:38'),('BG-07','PROVINCE','Gabrovo','07',NULL,'EB',NULL,'2014-09-15 14:41:38','2014-09-15 14:41:38','2014-09-15 14:41:38','2014-09-15 14:41:38'),('BG-08','PROVINCE','Dobrich','08',NULL,'TX',NULL,'2014-09-15 14:41:38','2014-09-15 14:41:38','2014-09-15 14:41:38','2014-09-15 14:41:38'),('BG-09','PROVINCE','Kardzhali','09',NULL,'K',NULL,'2014-09-15 14:41:38','2014-09-15 14:41:38','2014-09-15 14:41:38','2014-09-15 14:41:38'),('BG-10','PROVINCE','Kyustendil','10',NULL,'KH',NULL,'2014-09-15 14:41:38','2014-09-15 14:41:38','2014-09-15 14:41:38','2014-09-15 14:41:38'),('BG-11','PROVINCE','Lovech','11',NULL,'OB',NULL,'2014-09-15 14:41:38','2014-09-15 14:41:38','2014-09-15 14:41:38','2014-09-15 14:41:38'),('BG-12','PROVINCE','Montana','12',NULL,'M',NULL,'2014-09-15 14:41:38','2014-09-15 14:41:38','2014-09-15 14:41:38','2014-09-15 14:41:38'),('BG-13','PROVINCE','Pazardzhik','13',NULL,'PA',NULL,'2014-09-15 14:41:38','2014-09-15 14:41:38','2014-09-15 14:41:38','2014-09-15 14:41:38'),('BG-14','PROVINCE','Pernik','14',NULL,'PK',NULL,'2014-09-15 14:41:38','2014-09-15 14:41:38','2014-09-15 14:41:38','2014-09-15 14:41:38'),('BG-15','PROVINCE','Pleven','15',NULL,'EH',NULL,'2014-09-15 14:41:38','2014-09-15 14:41:38','2014-09-15 14:41:38','2014-09-15 14:41:38'),('BG-16','PROVINCE','Plovdiv','16',NULL,'PB',NULL,'2014-09-15 14:41:38','2014-09-15 14:41:38','2014-09-15 14:41:38','2014-09-15 14:41:38'),('BG-17','PROVINCE','Razgrad','17',NULL,'PP',NULL,'2014-09-15 14:41:38','2014-09-15 14:41:38','2014-09-15 14:41:38','2014-09-15 14:41:38'),('BG-18','PROVINCE','Ruse','18',NULL,'P',NULL,'2014-09-15 14:41:38','2014-09-15 14:41:38','2014-09-15 14:41:38','2014-09-15 14:41:38'),('BG-19','PROVINCE','Silistra','19',NULL,'CC',NULL,'2014-09-15 14:41:38','2014-09-15 14:41:38','2014-09-15 14:41:38','2014-09-15 14:41:38'),('BG-20','PROVINCE','Sliven','20',NULL,'CH',NULL,'2014-09-15 14:41:38','2014-09-15 14:41:38','2014-09-15 14:41:38','2014-09-15 14:41:38'),('BG-21','PROVINCE','Smolyan','21',NULL,'CM',NULL,'2014-09-15 14:41:38','2014-09-15 14:41:38','2014-09-15 14:41:38','2014-09-15 14:41:38'),('BG-22','PROVINCE','Sofia','22',NULL,'C',NULL,'2014-09-15 14:41:38','2014-09-15 14:41:38','2014-09-15 14:41:38','2014-09-15 14:41:38'),('BG-23','PROVINCE','Sofia Province','23',NULL,'CO',NULL,'2014-09-15 14:41:38','2014-09-15 14:41:38','2014-09-15 14:41:38','2014-09-15 14:41:38'),('BG-24','PROVINCE','Stara Zagora','24',NULL,'CT',NULL,'2014-09-15 14:41:38','2014-09-15 14:41:38','2014-09-15 14:41:38','2014-09-15 14:41:38'),('BG-25','PROVINCE','Targovishte','25',NULL,'T',NULL,'2014-09-15 14:41:38','2014-09-15 14:41:38','2014-09-15 14:41:38','2014-09-15 14:41:38'),('BG-26','PROVINCE','Haskovo','26',NULL,'X',NULL,'2014-09-15 14:41:38','2014-09-15 14:41:38','2014-09-15 14:41:38','2014-09-15 14:41:38'),('BG-27','PROVINCE','Shumen','27',NULL,'H',NULL,'2014-09-15 14:41:38','2014-09-15 14:41:38','2014-09-15 14:41:38','2014-09-15 14:41:38'),('BG-28','PROVINCE','Yambol','28',NULL,'Y',NULL,'2014-09-15 14:41:38','2014-09-15 14:41:38','2014-09-15 14:41:38','2014-09-15 14:41:38'),('BGD','COUNTRY','Bangladesh','BD','050','BGD',NULL,'2014-09-15 14:41:37','2014-09-15 14:41:37','2014-09-15 14:41:37','2014-09-15 14:41:37'),('BGR','COUNTRY','Bulgaria','BG','100','BGR',NULL,'2014-09-15 14:41:37','2014-09-15 14:41:37','2014-09-15 14:41:37','2014-09-15 14:41:37'),('BHR','COUNTRY','Bahrain','BH','048','BHR',NULL,'2014-09-15 14:41:37','2014-09-15 14:41:37','2014-09-15 14:41:37','2014-09-15 14:41:37'),('BHS','COUNTRY','Bahamas','BS','044','BHS',NULL,'2014-09-15 14:41:37','2014-09-15 14:41:37','2014-09-15 14:41:37','2014-09-15 14:41:37'),('BIH','COUNTRY','Bosnia And Herzegowina','BA','070','BIH',NULL,'2014-09-15 14:41:37','2014-09-15 14:41:37','2014-09-15 14:41:37','2014-09-15 14:41:37'),('BLR','COUNTRY','Belarus','BY','112','BLR',NULL,'2014-09-15 14:41:37','2014-09-15 14:41:37','2014-09-15 14:41:37','2014-09-15 14:41:37'),('BLZ','COUNTRY','Belize','BZ','084','BLZ',NULL,'2014-09-15 14:41:37','2014-09-15 14:41:37','2014-09-15 14:41:37','2014-09-15 14:41:37'),('BMU','COUNTRY','Bermuda','BM','060','BMU',NULL,'2014-09-15 14:41:37','2014-09-15 14:41:37','2014-09-15 14:41:37','2014-09-15 14:41:37'),('BOL','COUNTRY','Bolivia','BO','068','BOL',NULL,'2014-09-15 14:41:37','2014-09-15 14:41:37','2014-09-15 14:41:37','2014-09-15 14:41:37'),('BR-AC','STATE','Acre','AC',NULL,'AC',NULL,'2014-09-15 14:41:39','2014-09-15 14:41:39','2014-09-15 14:41:39','2014-09-15 14:41:39'),('BR-AL','STATE','Alagoas','AL',NULL,'AL',NULL,'2014-09-15 14:41:39','2014-09-15 14:41:39','2014-09-15 14:41:39','2014-09-15 14:41:39'),('BR-AM','STATE','Amazonas','AM',NULL,'AM',NULL,'2014-09-15 14:41:39','2014-09-15 14:41:39','2014-09-15 14:41:39','2014-09-15 14:41:39'),('BR-AP','STATE','Amap','AP',NULL,'AP',NULL,'2014-09-15 14:41:39','2014-09-15 14:41:39','2014-09-15 14:41:39','2014-09-15 14:41:39'),('BR-BA','STATE','Bahia','BA',NULL,'BA',NULL,'2014-09-15 14:41:39','2014-09-15 14:41:39','2014-09-15 14:41:39','2014-09-15 14:41:39'),('BR-CE','STATE','Cear','CE',NULL,'CE',NULL,'2014-09-15 14:41:39','2014-09-15 14:41:39','2014-09-15 14:41:39','2014-09-15 14:41:39'),('BR-DF','STATE','Distrito Federal','DF',NULL,'DF',NULL,'2014-09-15 14:41:39','2014-09-15 14:41:39','2014-09-15 14:41:39','2014-09-15 14:41:39'),('BR-ES','STATE','Esprito Santo','ES',NULL,'ES',NULL,'2014-09-15 14:41:39','2014-09-15 14:41:39','2014-09-15 14:41:39','2014-09-15 14:41:39'),('BR-GO','STATE','Gois','GO',NULL,'GO',NULL,'2014-09-15 14:41:39','2014-09-15 14:41:39','2014-09-15 14:41:39','2014-09-15 14:41:39'),('BR-MA','STATE','Maranho','MA',NULL,'MA',NULL,'2014-09-15 14:41:39','2014-09-15 14:41:39','2014-09-15 14:41:39','2014-09-15 14:41:39'),('BR-MG','STATE','Minas Gerais','MG',NULL,'MG',NULL,'2014-09-15 14:41:39','2014-09-15 14:41:39','2014-09-15 14:41:39','2014-09-15 14:41:39'),('BR-MS','STATE','Mato Grosso do Sul','MS',NULL,'MS',NULL,'2014-09-15 14:41:39','2014-09-15 14:41:39','2014-09-15 14:41:39','2014-09-15 14:41:39'),('BR-MT','STATE','Mato Grosso','MT',NULL,'MT',NULL,'2014-09-15 14:41:39','2014-09-15 14:41:39','2014-09-15 14:41:39','2014-09-15 14:41:39'),('BR-PA','STATE','Par','PA',NULL,'PA',NULL,'2014-09-15 14:41:39','2014-09-15 14:41:39','2014-09-15 14:41:39','2014-09-15 14:41:39'),('BR-PB','STATE','Paraba','PB',NULL,'PB',NULL,'2014-09-15 14:41:39','2014-09-15 14:41:39','2014-09-15 14:41:39','2014-09-15 14:41:39'),('BR-PE','STATE','Pernambuco','PE',NULL,'PE',NULL,'2014-09-15 14:41:39','2014-09-15 14:41:39','2014-09-15 14:41:39','2014-09-15 14:41:39'),('BR-PI','STATE','Piau','PI',NULL,'PI',NULL,'2014-09-15 14:41:39','2014-09-15 14:41:39','2014-09-15 14:41:39','2014-09-15 14:41:39'),('BR-PR','STATE','Paran','PR',NULL,'PR',NULL,'2014-09-15 14:41:39','2014-09-15 14:41:39','2014-09-15 14:41:39','2014-09-15 14:41:39'),('BR-RJ','STATE','Rio de Janeiro','RJ',NULL,'RJ',NULL,'2014-09-15 14:41:39','2014-09-15 14:41:39','2014-09-15 14:41:39','2014-09-15 14:41:39'),('BR-RN','STATE','Rio Grande do Norte','RN',NULL,'RN',NULL,'2014-09-15 14:41:39','2014-09-15 14:41:39','2014-09-15 14:41:39','2014-09-15 14:41:39'),('BR-RO','STATE','Rondnia','RO',NULL,'RO',NULL,'2014-09-15 14:41:39','2014-09-15 14:41:39','2014-09-15 14:41:39','2014-09-15 14:41:39'),('BR-RR','STATE','Roraima','RR',NULL,'RR',NULL,'2014-09-15 14:41:39','2014-09-15 14:41:39','2014-09-15 14:41:39','2014-09-15 14:41:39'),('BR-RS','STATE','Rio Grande do Sul','RS',NULL,'RS',NULL,'2014-09-15 14:41:39','2014-09-15 14:41:39','2014-09-15 14:41:39','2014-09-15 14:41:39'),('BR-SC','STATE','Santa Catarina','SC',NULL,'SC',NULL,'2014-09-15 14:41:39','2014-09-15 14:41:39','2014-09-15 14:41:39','2014-09-15 14:41:39'),('BR-SE','STATE','Sergipe','SE',NULL,'SE',NULL,'2014-09-15 14:41:39','2014-09-15 14:41:39','2014-09-15 14:41:39','2014-09-15 14:41:39'),('BR-SP','STATE','So Paulo','SP',NULL,'SP',NULL,'2014-09-15 14:41:39','2014-09-15 14:41:39','2014-09-15 14:41:39','2014-09-15 14:41:39'),('BR-TO','STATE','Tocantins','TO',NULL,'TO',NULL,'2014-09-15 14:41:39','2014-09-15 14:41:39','2014-09-15 14:41:39','2014-09-15 14:41:39'),('BRA','COUNTRY','Brazil','BR','076','BRA',NULL,'2014-09-15 14:41:37','2014-09-15 14:41:37','2014-09-15 14:41:37','2014-09-15 14:41:37'),('BRB','COUNTRY','Barbados','BB','052','BRB',NULL,'2014-09-15 14:41:37','2014-09-15 14:41:37','2014-09-15 14:41:37','2014-09-15 14:41:37'),('BRN','COUNTRY','Brunei Darussalam','BN','096','BRN',NULL,'2014-09-15 14:41:37','2014-09-15 14:41:37','2014-09-15 14:41:37','2014-09-15 14:41:37'),('BTN','COUNTRY','Bhutan','BT','064','BTN',NULL,'2014-09-15 14:41:37','2014-09-15 14:41:37','2014-09-15 14:41:37','2014-09-15 14:41:37'),('BVT','COUNTRY','Bouvet Island','BV','074','BVT',NULL,'2014-09-15 14:41:37','2014-09-15 14:41:37','2014-09-15 14:41:37','2014-09-15 14:41:37'),('BWA','COUNTRY','Botswana','BW','072','BWA',NULL,'2014-09-15 14:41:37','2014-09-15 14:41:37','2014-09-15 14:41:37','2014-09-15 14:41:37'),('CA','STATE','California','CA',NULL,'CA',NULL,'2014-09-15 14:41:45','2014-09-15 14:41:45','2014-09-15 14:41:45','2014-09-15 14:41:45'),('CAF','COUNTRY','Central African Republic','CF','140','CAF',NULL,'2014-09-15 14:41:37','2014-09-15 14:41:37','2014-09-15 14:41:37','2014-09-15 14:41:37'),('CAN','COUNTRY','Canada','CA','124','CAN',NULL,'2014-09-15 14:41:37','2014-09-15 14:41:37','2014-09-15 14:41:37','2014-09-15 14:41:37'),('CCK','COUNTRY','Cocos (keeling) Islands','CC','166','CCK',NULL,'2014-09-15 14:41:37','2014-09-15 14:41:37','2014-09-15 14:41:37','2014-09-15 14:41:37'),('CH-AG','STATE','Aargau','AG',NULL,'AG',NULL,'2014-09-15 14:41:39','2014-09-15 14:41:39','2014-09-15 14:41:39','2014-09-15 14:41:39'),('CH-AI','STATE','Appenzell Innerrhoden','AI',NULL,'AI',NULL,'2014-09-15 14:41:39','2014-09-15 14:41:39','2014-09-15 14:41:39','2014-09-15 14:41:39'),('CH-AR','STATE','Appenzell Ausserrhoden','AR',NULL,'AR',NULL,'2014-09-15 14:41:39','2014-09-15 14:41:39','2014-09-15 14:41:39','2014-09-15 14:41:39'),('CH-BE','STATE','Bern','BE',NULL,'BE',NULL,'2014-09-15 14:41:39','2014-09-15 14:41:39','2014-09-15 14:41:39','2014-09-15 14:41:39'),('CH-BL','STATE','Basel-Landschaft','BL',NULL,'BL',NULL,'2014-09-15 14:41:39','2014-09-15 14:41:39','2014-09-15 14:41:39','2014-09-15 14:41:39'),('CH-BS','STATE','Basel-Stadt','BS',NULL,'BS',NULL,'2014-09-15 14:41:39','2014-09-15 14:41:39','2014-09-15 14:41:39','2014-09-15 14:41:39'),('CH-FR','STATE','Fribourg','FR',NULL,'FR',NULL,'2014-09-15 14:41:39','2014-09-15 14:41:39','2014-09-15 14:41:39','2014-09-15 14:41:39'),('CH-GE','STATE','Genve','GE',NULL,'GE',NULL,'2014-09-15 14:41:39','2014-09-15 14:41:39','2014-09-15 14:41:39','2014-09-15 14:41:39'),('CH-GL','STATE','Glarus','GL',NULL,'GL',NULL,'2014-09-15 14:41:39','2014-09-15 14:41:39','2014-09-15 14:41:39','2014-09-15 14:41:39'),('CH-GR','STATE','Graubnden','GR',NULL,'GR',NULL,'2014-09-15 14:41:39','2014-09-15 14:41:39','2014-09-15 14:41:39','2014-09-15 14:41:39'),('CH-JU','STATE','Jura','JU',NULL,'JU',NULL,'2014-09-15 14:41:39','2014-09-15 14:41:39','2014-09-15 14:41:39','2014-09-15 14:41:39'),('CH-LU','STATE','Luzern','LU',NULL,'LU',NULL,'2014-09-15 14:41:39','2014-09-15 14:41:39','2014-09-15 14:41:39','2014-09-15 14:41:39'),('CH-NE','STATE','Neuchtel','NE',NULL,'NE',NULL,'2014-09-15 14:41:39','2014-09-15 14:41:39','2014-09-15 14:41:39','2014-09-15 14:41:39'),('CH-NW','STATE','Nidwalden','NW',NULL,'NW',NULL,'2014-09-15 14:41:39','2014-09-15 14:41:39','2014-09-15 14:41:39','2014-09-15 14:41:39'),('CH-OW','STATE','Obwalden','OW',NULL,'OW',NULL,'2014-09-15 14:41:39','2014-09-15 14:41:39','2014-09-15 14:41:39','2014-09-15 14:41:39'),('CH-SG','STATE','St. Gallen','SG',NULL,'SG',NULL,'2014-09-15 14:41:39','2014-09-15 14:41:39','2014-09-15 14:41:39','2014-09-15 14:41:39'),('CH-SH','STATE','Schaffhausen','SH',NULL,'SH',NULL,'2014-09-15 14:41:39','2014-09-15 14:41:39','2014-09-15 14:41:39','2014-09-15 14:41:39'),('CH-SO','STATE','Solothurn','SO',NULL,'SO',NULL,'2014-09-15 14:41:39','2014-09-15 14:41:39','2014-09-15 14:41:39','2014-09-15 14:41:39'),('CH-SZ','STATE','Schwyz','SZ',NULL,'SZ',NULL,'2014-09-15 14:41:39','2014-09-15 14:41:39','2014-09-15 14:41:39','2014-09-15 14:41:39'),('CH-TG','STATE','Thurgau','TG',NULL,'TG',NULL,'2014-09-15 14:41:39','2014-09-15 14:41:39','2014-09-15 14:41:39','2014-09-15 14:41:39'),('CH-TI','STATE','Ticino','TI',NULL,'TI',NULL,'2014-09-15 14:41:39','2014-09-15 14:41:39','2014-09-15 14:41:39','2014-09-15 14:41:39'),('CH-UR','STATE','Uri','UR',NULL,'UR',NULL,'2014-09-15 14:41:39','2014-09-15 14:41:39','2014-09-15 14:41:39','2014-09-15 14:41:39'),('CH-VD','STATE','Vaud','VD',NULL,'VD',NULL,'2014-09-15 14:41:39','2014-09-15 14:41:39','2014-09-15 14:41:39','2014-09-15 14:41:39'),('CH-VS','STATE','Valais','VS',NULL,'VS',NULL,'2014-09-15 14:41:39','2014-09-15 14:41:39','2014-09-15 14:41:39','2014-09-15 14:41:39'),('CH-ZG','STATE','Zug','ZG',NULL,'ZG',NULL,'2014-09-15 14:41:39','2014-09-15 14:41:39','2014-09-15 14:41:39','2014-09-15 14:41:39'),('CH-ZH','STATE','Zrich','ZH',NULL,'ZH',NULL,'2014-09-15 14:41:39','2014-09-15 14:41:39','2014-09-15 14:41:39','2014-09-15 14:41:39'),('CHE','COUNTRY','Switzerland','CH','756','CHE',NULL,'2014-09-15 14:41:38','2014-09-15 14:41:37','2014-09-15 14:41:38','2014-09-15 14:41:37'),('CHL','COUNTRY','Chile','CL','152','CHL',NULL,'2014-09-15 14:41:37','2014-09-15 14:41:37','2014-09-15 14:41:37','2014-09-15 14:41:37'),('CHN','COUNTRY','China','CN','156','CHN',NULL,'2014-09-15 14:41:37','2014-09-15 14:41:37','2014-09-15 14:41:37','2014-09-15 14:41:37'),('CIV','COUNTRY','Cote D\'ivoire','CI','384','CIV',NULL,'2014-09-15 14:41:37','2014-09-15 14:41:37','2014-09-15 14:41:37','2014-09-15 14:41:37'),('CMR','COUNTRY','Cameroon','CM','120','CMR',NULL,'2014-09-15 14:41:37','2014-09-15 14:41:37','2014-09-15 14:41:37','2014-09-15 14:41:37'),('CN-11','MUNICIPALITY','','11',NULL,'','Beijing','2014-09-15 14:41:39','2014-09-15 14:41:39','2014-09-15 14:41:39','2014-09-15 14:41:39'),('CN-12','MUNICIPALITY','','12',NULL,'','Tianjin','2014-09-15 14:41:39','2014-09-15 14:41:39','2014-09-15 14:41:39','2014-09-15 14:41:39'),('CN-13','PROVINCE','','13',NULL,'','Hebei','2014-09-15 14:41:39','2014-09-15 14:41:39','2014-09-15 14:41:39','2014-09-15 14:41:39'),('CN-14','PROVINCE','','14',NULL,'','Shanxi','2014-09-15 14:41:39','2014-09-15 14:41:39','2014-09-15 14:41:39','2014-09-15 14:41:39'),('CN-15','MUNICIPALITY','','15',NULL,'','Inner Mongolia','2014-09-15 14:41:39','2014-09-15 14:41:39','2014-09-15 14:41:39','2014-09-15 14:41:39'),('CN-21','PROVINCE','','21',NULL,'','Liaoning','2014-09-15 14:41:39','2014-09-15 14:41:39','2014-09-15 14:41:39','2014-09-15 14:41:39'),('CN-22','PROVINCE','','22',NULL,'','Jilin','2014-09-15 14:41:39','2014-09-15 14:41:39','2014-09-15 14:41:39','2014-09-15 14:41:39'),('CN-23','PROVINCE','','23',NULL,'','Heilongjiang','2014-09-15 14:41:39','2014-09-15 14:41:39','2014-09-15 14:41:39','2014-09-15 14:41:39'),('CN-31','MUNICIPALITY','','31',NULL,'','Shanghai','2014-09-15 14:41:39','2014-09-15 14:41:39','2014-09-15 14:41:39','2014-09-15 14:41:39'),('CN-32','PROVINCE','','32',NULL,'','Jiangsu','2014-09-15 14:41:39','2014-09-15 14:41:39','2014-09-15 14:41:39','2014-09-15 14:41:39'),('CN-33','PROVINCE','','33',NULL,'','Zhejiang','2014-09-15 14:41:39','2014-09-15 14:41:39','2014-09-15 14:41:39','2014-09-15 14:41:39'),('CN-34','PROVINCE','','34',NULL,'','Anhui','2014-09-15 14:41:39','2014-09-15 14:41:39','2014-09-15 14:41:39','2014-09-15 14:41:39'),('CN-35','PROVINCE','','35',NULL,'','Fujian','2014-09-15 14:41:39','2014-09-15 14:41:39','2014-09-15 14:41:39','2014-09-15 14:41:39'),('CN-36','PROVINCE','','36',NULL,'','Jiangxi','2014-09-15 14:41:39','2014-09-15 14:41:39','2014-09-15 14:41:39','2014-09-15 14:41:39'),('CN-37','PROVINCE','','37',NULL,'','Shandong','2014-09-15 14:41:39','2014-09-15 14:41:39','2014-09-15 14:41:39','2014-09-15 14:41:39'),('CN-41','PROVINCE','','41',NULL,'','Henan','2014-09-15 14:41:39','2014-09-15 14:41:39','2014-09-15 14:41:39','2014-09-15 14:41:39'),('CN-42','PROVINCE','','42',NULL,'','Hubei','2014-09-15 14:41:39','2014-09-15 14:41:39','2014-09-15 14:41:39','2014-09-15 14:41:39'),('CN-43','PROVINCE','','43',NULL,'','Hunan','2014-09-15 14:41:39','2014-09-15 14:41:39','2014-09-15 14:41:39','2014-09-15 14:41:39'),('CN-44','PROVINCE','','44',NULL,'','Guangdong','2014-09-15 14:41:39','2014-09-15 14:41:39','2014-09-15 14:41:39','2014-09-15 14:41:39'),('CN-45','MUNICIPALITY','','45',NULL,'','Guangxi','2014-09-15 14:41:39','2014-09-15 14:41:39','2014-09-15 14:41:39','2014-09-15 14:41:39'),('CN-46','PROVINCE','','46',NULL,'','Hainan','2014-09-15 14:41:39','2014-09-15 14:41:39','2014-09-15 14:41:39','2014-09-15 14:41:39'),('CN-50','MUNICIPALITY','','50',NULL,'','Chongqing','2014-09-15 14:41:39','2014-09-15 14:41:39','2014-09-15 14:41:39','2014-09-15 14:41:39'),('CN-51','PROVINCE','','51',NULL,'','Sichuan','2014-09-15 14:41:39','2014-09-15 14:41:39','2014-09-15 14:41:39','2014-09-15 14:41:39'),('CN-52','PROVINCE','','52',NULL,'','Guizhou','2014-09-15 14:41:39','2014-09-15 14:41:39','2014-09-15 14:41:39','2014-09-15 14:41:39'),('CN-53','PROVINCE','','53',NULL,'','Yunnan','2014-09-15 14:41:39','2014-09-15 14:41:39','2014-09-15 14:41:39','2014-09-15 14:41:39'),('CN-54','MUNICIPALITY','','54',NULL,'','Tibet','2014-09-15 14:41:39','2014-09-15 14:41:39','2014-09-15 14:41:39','2014-09-15 14:41:39'),('CN-61','PROVINCE','','61',NULL,'','Shaanxi','2014-09-15 14:41:39','2014-09-15 14:41:39','2014-09-15 14:41:39','2014-09-15 14:41:39'),('CN-62','PROVINCE','','62',NULL,'','Gansu','2014-09-15 14:41:39','2014-09-15 14:41:39','2014-09-15 14:41:39','2014-09-15 14:41:39'),('CN-63','PROVINCE','','63',NULL,'','Qinghai','2014-09-15 14:41:39','2014-09-15 14:41:39','2014-09-15 14:41:39','2014-09-15 14:41:39'),('CN-64','MUNICIPALITY','','64',NULL,'','Ningxia','2014-09-15 14:41:39','2014-09-15 14:41:39','2014-09-15 14:41:39','2014-09-15 14:41:39'),('CN-65','MUNICIPALITY','','65',NULL,'','Xinjiang','2014-09-15 14:41:39','2014-09-15 14:41:39','2014-09-15 14:41:39','2014-09-15 14:41:39'),('CN-71','PROVINCE','','71',NULL,'','Taiwan','2014-09-15 14:41:39','2014-09-15 14:41:39','2014-09-15 14:41:39','2014-09-15 14:41:39'),('CN-91','MUNICIPALITY','','91',NULL,'','Hong Kong','2014-09-15 14:41:39','2014-09-15 14:41:39','2014-09-15 14:41:39','2014-09-15 14:41:39'),('CN-92','MUNICIPALITY','','92',NULL,'','Macau','2014-09-15 14:41:39','2014-09-15 14:41:39','2014-09-15 14:41:39','2014-09-15 14:41:39'),('CO','STATE','Colorado','CO',NULL,'CO',NULL,'2014-09-15 14:41:45','2014-09-15 14:41:45','2014-09-15 14:41:45','2014-09-15 14:41:45'),('CO-AMA','STATE','Amazonas','AMA',NULL,'AMA',NULL,'2014-09-15 14:41:40','2014-09-15 14:41:40','2014-09-15 14:41:40','2014-09-15 14:41:40'),('CO-ANT','STATE','Antioquia','ANT',NULL,'ANT',NULL,'2014-09-15 14:41:40','2014-09-15 14:41:40','2014-09-15 14:41:40','2014-09-15 14:41:40'),('CO-ARA','STATE','Arauca','ARA',NULL,'ARA',NULL,'2014-09-15 14:41:40','2014-09-15 14:41:40','2014-09-15 14:41:40','2014-09-15 14:41:40'),('CO-ATL','STATE','Atlntico','ATL',NULL,'ATL',NULL,'2014-09-15 14:41:40','2014-09-15 14:41:40','2014-09-15 14:41:40','2014-09-15 14:41:40'),('CO-BOL','STATE','Bolvar','BOL',NULL,'BOL',NULL,'2014-09-15 14:41:40','2014-09-15 14:41:40','2014-09-15 14:41:40','2014-09-15 14:41:40'),('CO-BOY','STATE','Boyac','BOY',NULL,'BOY',NULL,'2014-09-15 14:41:40','2014-09-15 14:41:40','2014-09-15 14:41:40','2014-09-15 14:41:40'),('CO-CAL','STATE','Caldas','CAL',NULL,'CAL',NULL,'2014-09-15 14:41:40','2014-09-15 14:41:40','2014-09-15 14:41:40','2014-09-15 14:41:40'),('CO-CAQ','STATE','Caquet','CAQ',NULL,'CAQ',NULL,'2014-09-15 14:41:40','2014-09-15 14:41:40','2014-09-15 14:41:40','2014-09-15 14:41:40'),('CO-CAS','STATE','Casanare','CAS',NULL,'CAS',NULL,'2014-09-15 14:41:40','2014-09-15 14:41:40','2014-09-15 14:41:40','2014-09-15 14:41:40'),('CO-CAU','STATE','Cauca','CAU',NULL,'CAU',NULL,'2014-09-15 14:41:40','2014-09-15 14:41:40','2014-09-15 14:41:40','2014-09-15 14:41:40'),('CO-CES','STATE','Cesar','CES',NULL,'CES',NULL,'2014-09-15 14:41:40','2014-09-15 14:41:40','2014-09-15 14:41:40','2014-09-15 14:41:40'),('CO-CHO','STATE','Choc','CHO',NULL,'CHO',NULL,'2014-09-15 14:41:40','2014-09-15 14:41:40','2014-09-15 14:41:40','2014-09-15 14:41:40'),('CO-COR','STATE','Crdoba','COR',NULL,'COR',NULL,'2014-09-15 14:41:40','2014-09-15 14:41:40','2014-09-15 14:41:40','2014-09-15 14:41:40'),('CO-CUN','STATE','Cundinamarca','CUN',NULL,'CUN',NULL,'2014-09-15 14:41:40','2014-09-15 14:41:40','2014-09-15 14:41:40','2014-09-15 14:41:40'),('CO-DC','STATE','Bogot D.C.','DC',NULL,'DC',NULL,'2014-09-15 14:41:40','2014-09-15 14:41:40','2014-09-15 14:41:40','2014-09-15 14:41:40'),('CO-GUA','STATE','Guaina','GUA',NULL,'GUA',NULL,'2014-09-15 14:41:40','2014-09-15 14:41:40','2014-09-15 14:41:40','2014-09-15 14:41:40'),('CO-GUV','STATE','Guaviare','GUV',NULL,'GUV',NULL,'2014-09-15 14:41:40','2014-09-15 14:41:40','2014-09-15 14:41:40','2014-09-15 14:41:40'),('CO-HUI','STATE','Huila','HUI',NULL,'HUI',NULL,'2014-09-15 14:41:40','2014-09-15 14:41:40','2014-09-15 14:41:40','2014-09-15 14:41:40'),('CO-LAG','STATE','La Guajira','LAG',NULL,'LAG',NULL,'2014-09-15 14:41:40','2014-09-15 14:41:40','2014-09-15 14:41:40','2014-09-15 14:41:40'),('CO-MAG','STATE','Magdalena','MAG',NULL,'MAG',NULL,'2014-09-15 14:41:40','2014-09-15 14:41:40','2014-09-15 14:41:40','2014-09-15 14:41:40'),('CO-MET','STATE','Meta','MET',NULL,'MET',NULL,'2014-09-15 14:41:40','2014-09-15 14:41:40','2014-09-15 14:41:40','2014-09-15 14:41:40'),('CO-NAR','STATE','Nario','NAR',NULL,'NAR',NULL,'2014-09-15 14:41:40','2014-09-15 14:41:40','2014-09-15 14:41:40','2014-09-15 14:41:40'),('CO-NSA','STATE','Norte de Santander','NSA',NULL,'NSA',NULL,'2014-09-15 14:41:40','2014-09-15 14:41:40','2014-09-15 14:41:40','2014-09-15 14:41:40'),('CO-PUT','STATE','Putumayo','PUT',NULL,'PUT',NULL,'2014-09-15 14:41:40','2014-09-15 14:41:40','2014-09-15 14:41:40','2014-09-15 14:41:40'),('CO-QUI','STATE','Quindo','QUI',NULL,'QUI',NULL,'2014-09-15 14:41:40','2014-09-15 14:41:40','2014-09-15 14:41:40','2014-09-15 14:41:40'),('CO-RIS','STATE','Risaralda','RIS',NULL,'RIS',NULL,'2014-09-15 14:41:40','2014-09-15 14:41:40','2014-09-15 14:41:40','2014-09-15 14:41:40'),('CO-SAN','STATE','Santander','SAN',NULL,'SAN',NULL,'2014-09-15 14:41:40','2014-09-15 14:41:40','2014-09-15 14:41:40','2014-09-15 14:41:40'),('CO-SAP','STATE','San Andrs y Providencia','SAP',NULL,'SAP',NULL,'2014-09-15 14:41:40','2014-09-15 14:41:40','2014-09-15 14:41:40','2014-09-15 14:41:40'),('CO-SUC','STATE','Sucre','SUC',NULL,'SUC',NULL,'2014-09-15 14:41:40','2014-09-15 14:41:40','2014-09-15 14:41:40','2014-09-15 14:41:40'),('CO-TOL','STATE','Tolima','TOL',NULL,'TOL',NULL,'2014-09-15 14:41:40','2014-09-15 14:41:40','2014-09-15 14:41:40','2014-09-15 14:41:40'),('CO-VAC','STATE','Valle del Cauca','VAC',NULL,'VAC',NULL,'2014-09-15 14:41:40','2014-09-15 14:41:40','2014-09-15 14:41:40','2014-09-15 14:41:40'),('CO-VAU','STATE','Vaups','VAU',NULL,'VAU',NULL,'2014-09-15 14:41:40','2014-09-15 14:41:40','2014-09-15 14:41:40','2014-09-15 14:41:40'),('CO-VID','STATE','Vichada','VID',NULL,'VID',NULL,'2014-09-15 14:41:40','2014-09-15 14:41:40','2014-09-15 14:41:40','2014-09-15 14:41:40'),('COD','COUNTRY','Congo, The Democratic Republic Of The','CD','180','COD',NULL,'2014-09-15 14:41:37','2014-09-15 14:41:37','2014-09-15 14:41:37','2014-09-15 14:41:37'),('COD-ST1','STATE','M\'banza-Kongo','ST1',NULL,'ST1',NULL,'2014-10-15 18:06:22','2014-10-15 18:06:22','2014-10-15 18:06:22','2014-10-15 18:06:22'),('COD-ST2','STATE','Katanga','ST2',NULL,'KATANGA',NULL,NULL,NULL,NULL,NULL),('COG','COUNTRY','Congo','CG','178','COG',NULL,'2014-09-15 14:41:37','2014-09-15 14:41:37','2014-09-15 14:41:37','2014-09-15 14:41:37'),('COK','COUNTRY','Cook Islands','CK','184','COK',NULL,'2014-09-15 14:41:37','2014-09-15 14:41:37','2014-09-15 14:41:37','2014-09-15 14:41:37'),('COL','COUNTRY','Colombia','CO','170','COL',NULL,'2014-09-15 14:41:37','2014-09-15 14:41:37','2014-09-15 14:41:37','2014-09-15 14:41:37'),('COM','COUNTRY','Comoros','KM','174','COM',NULL,'2014-09-15 14:41:37','2014-09-15 14:41:37','2014-09-15 14:41:37','2014-09-15 14:41:37'),('CPV','COUNTRY','Cape Verde','CV','132','CPV',NULL,'2014-09-15 14:41:37','2014-09-15 14:41:37','2014-09-15 14:41:37','2014-09-15 14:41:37'),('CRI','COUNTRY','Costa Rica','CR','188','CRI',NULL,'2014-09-15 14:41:37','2014-09-15 14:41:37','2014-09-15 14:41:37','2014-09-15 14:41:37'),('CT','STATE','Connecticut','CT',NULL,'CT',NULL,'2014-09-15 14:41:45','2014-09-15 14:41:45','2014-09-15 14:41:45','2014-09-15 14:41:45'),('CUB','COUNTRY','Cuba','CU','192','CUB',NULL,'2014-09-15 14:41:37','2014-09-15 14:41:37','2014-09-15 14:41:37','2014-09-15 14:41:37'),('CXR','COUNTRY','Christmas Island','CX','162','CXR',NULL,'2014-09-15 14:41:37','2014-09-15 14:41:37','2014-09-15 14:41:37','2014-09-15 14:41:37'),('CYM','COUNTRY','Cayman Islands','KY','136','CYM',NULL,'2014-09-15 14:41:37','2014-09-15 14:41:37','2014-09-15 14:41:37','2014-09-15 14:41:37'),('CYP','COUNTRY','Cyprus','CY','196','CYP',NULL,'2014-09-15 14:41:37','2014-09-15 14:41:37','2014-09-15 14:41:37','2014-09-15 14:41:37'),('CZE','COUNTRY','Czech Republic','CZ','203','CZE',NULL,'2014-09-15 14:41:37','2014-09-15 14:41:37','2014-09-15 14:41:37','2014-09-15 14:41:37'),('DC','STATE','District of Columbia','DC',NULL,'DC',NULL,'2014-09-15 14:41:45','2014-09-15 14:41:45','2014-09-15 14:41:45','2014-09-15 14:41:45'),('DE','STATE','Delaware','DE',NULL,'DE',NULL,'2014-09-15 14:41:45','2014-09-15 14:41:45','2014-09-15 14:41:45','2014-09-15 14:41:45'),('DE-BE','STATE','Berlin','BE',NULL,'BE',NULL,'2014-09-15 14:41:40','2014-09-15 14:41:40','2014-09-15 14:41:40','2014-09-15 14:41:40'),('DE-BR','STATE','Brandenburg','BR',NULL,'BR',NULL,'2014-09-15 14:41:40','2014-09-15 14:41:40','2014-09-15 14:41:40','2014-09-15 14:41:40'),('DE-BW','STATE','Baden-Wrttemberg','BW',NULL,'BW',NULL,'2014-09-15 14:41:40','2014-09-15 14:41:40','2014-09-15 14:41:40','2014-09-15 14:41:40'),('DE-BY','STATE','Bayern','BY',NULL,'BY',NULL,'2014-09-15 14:41:40','2014-09-15 14:41:40','2014-09-15 14:41:40','2014-09-15 14:41:40'),('DE-HB','STATE','Bremen','HB',NULL,'HB',NULL,'2014-09-15 14:41:40','2014-09-15 14:41:40','2014-09-15 14:41:40','2014-09-15 14:41:40'),('DE-HE','STATE','Hessen','HE',NULL,'HE',NULL,'2014-09-15 14:41:40','2014-09-15 14:41:40','2014-09-15 14:41:40','2014-09-15 14:41:40'),('DE-HH','STATE','Hamburg','HH',NULL,'HH',NULL,'2014-09-15 14:41:40','2014-09-15 14:41:40','2014-09-15 14:41:40','2014-09-15 14:41:40'),('DE-MV','STATE','Mecklenburg-Vorpommern','MV',NULL,'MV',NULL,'2014-09-15 14:41:40','2014-09-15 14:41:40','2014-09-15 14:41:40','2014-09-15 14:41:40'),('DE-NI','STATE','Niedersachsen','NI',NULL,'NI',NULL,'2014-09-15 14:41:40','2014-09-15 14:41:40','2014-09-15 14:41:40','2014-09-15 14:41:40'),('DE-NW','STATE','Nordrhein-Westfalen','NW',NULL,'NW',NULL,'2014-09-15 14:41:40','2014-09-15 14:41:40','2014-09-15 14:41:40','2014-09-15 14:41:40'),('DE-RP','STATE','Rheinland-Pfalz','RP',NULL,'RP',NULL,'2014-09-15 14:41:40','2014-09-15 14:41:40','2014-09-15 14:41:40','2014-09-15 14:41:40'),('DE-SA','STATE','Sachsen-Anhalt','SA',NULL,'SA',NULL,'2014-09-15 14:41:40','2014-09-15 14:41:40','2014-09-15 14:41:40','2014-09-15 14:41:40'),('DE-SH','STATE','Schleswig-Holstein','SH',NULL,'SH',NULL,'2014-09-15 14:41:40','2014-09-15 14:41:40','2014-09-15 14:41:40','2014-09-15 14:41:40'),('DE-SL','STATE','Saarland','SL',NULL,'SL',NULL,'2014-09-15 14:41:40','2014-09-15 14:41:40','2014-09-15 14:41:40','2014-09-15 14:41:40'),('DE-SN','STATE','Sachsen','SN',NULL,'SN',NULL,'2014-09-15 14:41:40','2014-09-15 14:41:40','2014-09-15 14:41:40','2014-09-15 14:41:40'),('DE-TH','STATE','Thringen','TH',NULL,'TH',NULL,'2014-09-15 14:41:40','2014-09-15 14:41:40','2014-09-15 14:41:40','2014-09-15 14:41:40'),('DEU','COUNTRY','Germany','DE','276','DEU',NULL,'2014-09-15 14:41:37','2014-09-15 14:41:37','2014-09-15 14:41:37','2014-09-15 14:41:37'),('DJI','COUNTRY','Djibouti','DJ','262','DJI',NULL,'2014-09-15 14:41:37','2014-09-15 14:41:37','2014-09-15 14:41:37','2014-09-15 14:41:37'),('DMA','COUNTRY','Dominica','DM','212','DMA',NULL,'2014-09-15 14:41:37','2014-09-15 14:41:37','2014-09-15 14:41:37','2014-09-15 14:41:37'),('DNK','COUNTRY','Denmark','DK','208','DNK',NULL,'2014-09-15 14:41:37','2014-09-15 14:41:37','2014-09-15 14:41:37','2014-09-15 14:41:37'),('DOM','COUNTRY','Dominican Republic','DO','214','DOM',NULL,'2014-09-15 14:41:37','2014-09-15 14:41:37','2014-09-15 14:41:37','2014-09-15 14:41:37'),('DZA','COUNTRY','Algeria','DZ','012','DZA',NULL,'2014-09-15 14:41:37','2014-09-15 14:41:37','2014-09-15 14:41:37','2014-09-15 14:41:37'),('ECU','COUNTRY','Ecuador','EC','218','ECU',NULL,'2014-09-15 14:41:37','2014-09-15 14:41:37','2014-09-15 14:41:37','2014-09-15 14:41:37'),('EGY','COUNTRY','Egypt','EG','818','EGY',NULL,'2014-09-15 14:41:37','2014-09-15 14:41:37','2014-09-15 14:41:37','2014-09-15 14:41:37'),('ENGL','COUNTRY','England','ENG','896','ENGL',NULL,'2014-09-15 14:41:37','2014-09-15 14:41:37','2014-09-15 14:41:37','2014-09-15 14:41:37'),('ERI','COUNTRY','Eritrea','ER','232','ERI',NULL,'2014-09-15 14:41:37','2014-09-15 14:41:37','2014-09-15 14:41:37','2014-09-15 14:41:37'),('ES-A','PROVINCE','Alicante','A',NULL,'A',NULL,'2014-09-15 14:41:40','2014-09-15 14:41:40','2014-09-15 14:41:40','2014-09-15 14:41:40'),('ES-AB','PROVINCE','Albacete','AB',NULL,'AB',NULL,'2014-09-15 14:41:40','2014-09-15 14:41:40','2014-09-15 14:41:40','2014-09-15 14:41:40'),('ES-AL','PROVINCE','Almera','AL',NULL,'AL',NULL,'2014-09-15 14:41:40','2014-09-15 14:41:40','2014-09-15 14:41:40','2014-09-15 14:41:40'),('ES-AN','REGION','Andaluca','AN',NULL,'AN',NULL,'2014-09-15 14:41:40','2014-09-15 14:41:40','2014-09-15 14:41:40','2014-09-15 14:41:40'),('ES-AR','REGION','Aragn','AR',NULL,'AR',NULL,'2014-09-15 14:41:40','2014-09-15 14:41:40','2014-09-15 14:41:40','2014-09-15 14:41:40'),('ES-AS','REGION','Oviedo','O',NULL,'O',NULL,'2014-09-15 14:41:40','2014-09-15 14:41:40','2014-09-15 14:41:40','2014-09-15 14:41:40'),('ES-AV','PROVINCE','vila','AV',NULL,'AV',NULL,'2014-09-15 14:41:40','2014-09-15 14:41:40','2014-09-15 14:41:40','2014-09-15 14:41:40'),('ES-B','PROVINCE','Barcelona','B',NULL,'B',NULL,'2014-09-15 14:41:40','2014-09-15 14:41:40','2014-09-15 14:41:40','2014-09-15 14:41:40'),('ES-BA','PROVINCE','Badajoz','BA',NULL,'BA',NULL,'2014-09-15 14:41:40','2014-09-15 14:41:40','2014-09-15 14:41:40','2014-09-15 14:41:40'),('ES-BI','PROVINCE','Vizcaya','BI',NULL,'BI',NULL,'2014-09-15 14:41:40','2014-09-15 14:41:40','2014-09-15 14:41:40','2014-09-15 14:41:40'),('ES-BU','PROVINCE','Burgos','BU',NULL,'BU',NULL,'2014-09-15 14:41:40','2014-09-15 14:41:40','2014-09-15 14:41:40','2014-09-15 14:41:40'),('ES-C','PROVINCE','La Corua','C',NULL,'C',NULL,'2014-09-15 14:41:40','2014-09-15 14:41:40','2014-09-15 14:41:40','2014-09-15 14:41:40'),('ES-CA','PROVINCE','Cdiz','CA',NULL,'CA',NULL,'2014-09-15 14:41:40','2014-09-15 14:41:40','2014-09-15 14:41:40','2014-09-15 14:41:40'),('ES-CAN','REGION','Cantabria','S',NULL,'S',NULL,'2014-09-15 14:41:40','2014-09-15 14:41:40','2014-09-15 14:41:40','2014-09-15 14:41:40'),('ES-CC','PROVINCE','Cceres','CC',NULL,'CC',NULL,'2014-09-15 14:41:40','2014-09-15 14:41:40','2014-09-15 14:41:40','2014-09-15 14:41:40'),('ES-CE','PROVINCE','Ceuta','CE',NULL,'CE',NULL,'2014-09-15 14:41:40','2014-09-15 14:41:40','2014-09-15 14:41:40','2014-09-15 14:41:40'),('ES-CL','REGION','Castilla y Len','CL',NULL,'CL',NULL,'2014-09-15 14:41:40','2014-09-15 14:41:40','2014-09-15 14:41:40','2014-09-15 14:41:40'),('ES-CM','REGION','Castilla-La Mancha','CM',NULL,'CM',NULL,'2014-09-15 14:41:40','2014-09-15 14:41:40','2014-09-15 14:41:40','2014-09-15 14:41:40'),('ES-CN','REGION','Canarias','CN',NULL,'CN',NULL,'2014-09-15 14:41:40','2014-09-15 14:41:40','2014-09-15 14:41:40','2014-09-15 14:41:40'),('ES-CO','PROVINCE','Crdoba','CO',NULL,'CO',NULL,'2014-09-15 14:41:40','2014-09-15 14:41:40','2014-09-15 14:41:40','2014-09-15 14:41:40'),('ES-CR','PROVINCE','Ciudad Real','CR',NULL,'CR',NULL,'2014-09-15 14:41:40','2014-09-15 14:41:40','2014-09-15 14:41:40','2014-09-15 14:41:40'),('ES-CS','PROVINCE','Castelln','CS',NULL,'CS',NULL,'2014-09-15 14:41:40','2014-09-15 14:41:40','2014-09-15 14:41:40','2014-09-15 14:41:40'),('ES-CT','REGION','Catalua','CT',NULL,'CT',NULL,'2014-09-15 14:41:40','2014-09-15 14:41:40','2014-09-15 14:41:40','2014-09-15 14:41:40'),('ES-CU','PROVINCE','Cuenca','CU',NULL,'CU',NULL,'2014-09-15 14:41:40','2014-09-15 14:41:40','2014-09-15 14:41:40','2014-09-15 14:41:40'),('ES-EX','REGION','Extremadura','EX',NULL,'EX',NULL,'2014-09-15 14:41:40','2014-09-15 14:41:40','2014-09-15 14:41:40','2014-09-15 14:41:40'),('ES-GA','REGION','Galicia','GA',NULL,'GA',NULL,'2014-09-15 14:41:40','2014-09-15 14:41:40','2014-09-15 14:41:40','2014-09-15 14:41:40'),('ES-GC','PROVINCE','Las Palmas','GC',NULL,'GC',NULL,'2014-09-15 14:41:40','2014-09-15 14:41:40','2014-09-15 14:41:40','2014-09-15 14:41:40'),('ES-GI','PROVINCE','Gerona','GI',NULL,'GI',NULL,'2014-09-15 14:41:40','2014-09-15 14:41:40','2014-09-15 14:41:40','2014-09-15 14:41:40'),('ES-GR','PROVINCE','Granada','GR',NULL,'GR',NULL,'2014-09-15 14:41:40','2014-09-15 14:41:40','2014-09-15 14:41:40','2014-09-15 14:41:40'),('ES-GU','PROVINCE','Guadalajara','GU',NULL,'GU',NULL,'2014-09-15 14:41:40','2014-09-15 14:41:40','2014-09-15 14:41:40','2014-09-15 14:41:40'),('ES-H','PROVINCE','Huelva','H',NULL,'H',NULL,'2014-09-15 14:41:40','2014-09-15 14:41:40','2014-09-15 14:41:40','2014-09-15 14:41:40'),('ES-HU','PROVINCE','Huesca','HU',NULL,'HU',NULL,'2014-09-15 14:41:40','2014-09-15 14:41:40','2014-09-15 14:41:40','2014-09-15 14:41:40'),('ES-IB','REGION','Islas Baleares','IB',NULL,'IB',NULL,'2014-09-15 14:41:40','2014-09-15 14:41:40','2014-09-15 14:41:40','2014-09-15 14:41:40'),('ES-J','PROVINCE','Jan','J',NULL,'J',NULL,'2014-09-15 14:41:40','2014-09-15 14:41:40','2014-09-15 14:41:40','2014-09-15 14:41:40'),('ES-L','PROVINCE','Lrida','L',NULL,'L',NULL,'2014-09-15 14:41:40','2014-09-15 14:41:40','2014-09-15 14:41:40','2014-09-15 14:41:40'),('ES-LE','PROVINCE','Len','LE',NULL,'LE',NULL,'2014-09-15 14:41:40','2014-09-15 14:41:40','2014-09-15 14:41:40','2014-09-15 14:41:40'),('ES-LO','PROVINCE','Logroo','LO',NULL,'LO',NULL,'2014-09-15 14:41:40','2014-09-15 14:41:40','2014-09-15 14:41:40','2014-09-15 14:41:40'),('ES-LR','REGION','La Rioja','LO',NULL,'LO',NULL,'2014-09-15 14:41:40','2014-09-15 14:41:40','2014-09-15 14:41:40','2014-09-15 14:41:40'),('ES-LU','PROVINCE','Lugo','LU',NULL,'LU',NULL,'2014-09-15 14:41:40','2014-09-15 14:41:40','2014-09-15 14:41:40','2014-09-15 14:41:40'),('ES-M','PROVINCE','Madrid','M',NULL,'M',NULL,'2014-09-15 14:41:40','2014-09-15 14:41:40','2014-09-15 14:41:40','2014-09-15 14:41:40'),('ES-MA','PROVINCE','Mlaga','MA',NULL,'MA',NULL,'2014-09-15 14:41:40','2014-09-15 14:41:40','2014-09-15 14:41:40','2014-09-15 14:41:40'),('ES-MAD','REGION','Madrid','M',NULL,'M',NULL,'2014-09-15 14:41:40','2014-09-15 14:41:40','2014-09-15 14:41:40','2014-09-15 14:41:40'),('ES-ML','PROVINCE','Melilla','ML',NULL,'ML',NULL,'2014-09-15 14:41:40','2014-09-15 14:41:40','2014-09-15 14:41:40','2014-09-15 14:41:40'),('ES-MU','PROVINCE','Murcia','MU',NULL,'MU',NULL,'2014-09-15 14:41:40','2014-09-15 14:41:40','2014-09-15 14:41:40','2014-09-15 14:41:40'),('ES-MUR','REGION','Regin de Murcia','MU',NULL,'MU',NULL,'2014-09-15 14:41:40','2014-09-15 14:41:40','2014-09-15 14:41:40','2014-09-15 14:41:40'),('ES-NA','PROVINCE','Navarra','NA',NULL,'NA',NULL,'2014-09-15 14:41:40','2014-09-15 14:41:40','2014-09-15 14:41:40','2014-09-15 14:41:40'),('ES-NAV','REGION','Navarra','NA',NULL,'NA',NULL,'2014-09-15 14:41:40','2014-09-15 14:41:40','2014-09-15 14:41:40','2014-09-15 14:41:40'),('ES-O','PROVINCE','Asturias','O',NULL,'O',NULL,'2014-09-15 14:41:40','2014-09-15 14:41:40','2014-09-15 14:41:40','2014-09-15 14:41:40'),('ES-OR','PROVINCE','Orense','OR',NULL,'OR',NULL,'2014-09-15 14:41:40','2014-09-15 14:41:40','2014-09-15 14:41:40','2014-09-15 14:41:40'),('ES-P','PROVINCE','Palencia','P',NULL,'P',NULL,'2014-09-15 14:41:40','2014-09-15 14:41:40','2014-09-15 14:41:40','2014-09-15 14:41:40'),('ES-PM','PROVINCE','Islas Baleares','PM',NULL,'PM',NULL,'2014-09-15 14:41:40','2014-09-15 14:41:40','2014-09-15 14:41:40','2014-09-15 14:41:40'),('ES-PO','PROVINCE','Pontevedra','PO',NULL,'PO',NULL,'2014-09-15 14:41:40','2014-09-15 14:41:40','2014-09-15 14:41:40','2014-09-15 14:41:40'),('ES-PV','REGION','Pas Vasco','PV',NULL,'PV',NULL,'2014-09-15 14:41:40','2014-09-15 14:41:40','2014-09-15 14:41:40','2014-09-15 14:41:40'),('ES-S','PROVINCE','Cantabria','S',NULL,'S',NULL,'2014-09-15 14:41:40','2014-09-15 14:41:40','2014-09-15 14:41:40','2014-09-15 14:41:40'),('ES-SA','PROVINCE','Salamanca','SA',NULL,'SA',NULL,'2014-09-15 14:41:40','2014-09-15 14:41:40','2014-09-15 14:41:40','2014-09-15 14:41:40'),('ES-SE','PROVINCE','Sevilla','SE',NULL,'SE',NULL,'2014-09-15 14:41:40','2014-09-15 14:41:40','2014-09-15 14:41:40','2014-09-15 14:41:40'),('ES-SG','PROVINCE','Segovia','SG',NULL,'SG',NULL,'2014-09-15 14:41:40','2014-09-15 14:41:40','2014-09-15 14:41:40','2014-09-15 14:41:40'),('ES-SO','PROVINCE','Soria','SO',NULL,'SO',NULL,'2014-09-15 14:41:40','2014-09-15 14:41:40','2014-09-15 14:41:40','2014-09-15 14:41:40'),('ES-SS','PROVINCE','Guipzcoa','SS',NULL,'SS',NULL,'2014-09-15 14:41:40','2014-09-15 14:41:40','2014-09-15 14:41:40','2014-09-15 14:41:40'),('ES-T','PROVINCE','Tarragona','T',NULL,'T',NULL,'2014-09-15 14:41:40','2014-09-15 14:41:40','2014-09-15 14:41:40','2014-09-15 14:41:40'),('ES-TE','PROVINCE','Teruel','TE',NULL,'TE',NULL,'2014-09-15 14:41:40','2014-09-15 14:41:40','2014-09-15 14:41:40','2014-09-15 14:41:40'),('ES-TF','PROVINCE','Santa Cruz de Tenerife','TF',NULL,'TF',NULL,'2014-09-15 14:41:40','2014-09-15 14:41:40','2014-09-15 14:41:40','2014-09-15 14:41:40'),('ES-TO','PROVINCE','Toledo','TO',NULL,'TO',NULL,'2014-09-15 14:41:40','2014-09-15 14:41:40','2014-09-15 14:41:40','2014-09-15 14:41:40'),('ES-V','PROVINCE','Valencia','V',NULL,'V',NULL,'2014-09-15 14:41:40','2014-09-15 14:41:40','2014-09-15 14:41:40','2014-09-15 14:41:40'),('ES-VA','PROVINCE','Valladolid','VA',NULL,'VA',NULL,'2014-09-15 14:41:40','2014-09-15 14:41:40','2014-09-15 14:41:40','2014-09-15 14:41:40'),('ES-VC','REGION','Comunidad Valenciana','VC',NULL,'VC',NULL,'2014-09-15 14:41:40','2014-09-15 14:41:40','2014-09-15 14:41:40','2014-09-15 14:41:40'),('ES-VI','PROVINCE','lava','VI',NULL,'VI',NULL,'2014-09-15 14:41:40','2014-09-15 14:41:40','2014-09-15 14:41:40','2014-09-15 14:41:40'),('ES-Z','PROVINCE','Zaragoza','Z',NULL,'Z',NULL,'2014-09-15 14:41:40','2014-09-15 14:41:40','2014-09-15 14:41:40','2014-09-15 14:41:40'),('ES-ZA','PROVINCE','Zamora','ZA',NULL,'ZA',NULL,'2014-09-15 14:41:40','2014-09-15 14:41:40','2014-09-15 14:41:40','2014-09-15 14:41:40'),('ESH','COUNTRY','Western Sahara','EH','732','ESH',NULL,'2014-09-15 14:41:38','2014-09-15 14:41:37','2014-09-15 14:41:38','2014-09-15 14:41:37'),('ESP','COUNTRY','Spain','ES','724','ESP',NULL,'2014-09-15 14:41:38','2014-09-15 14:41:37','2014-09-15 14:41:38','2014-09-15 14:41:37'),('EST','COUNTRY','Estonia','EE','233','EST',NULL,'2014-09-15 14:41:37','2014-09-15 14:41:37','2014-09-15 14:41:37','2014-09-15 14:41:37'),('ETH','COUNTRY','Ethiopia','ET','231','ETH',NULL,'2014-09-15 14:41:37','2014-09-15 14:41:37','2014-09-15 14:41:37','2014-09-15 14:41:37'),('EU','GROUP','European Union','EU',NULL,'EU',NULL,'2014-09-15 14:41:38','2014-09-15 14:41:37','2014-09-15 14:41:38','2014-09-15 14:41:37'),('FIN','COUNTRY','Finland','FI','246','FIN',NULL,'2014-09-15 14:41:37','2014-09-15 14:41:37','2014-09-15 14:41:37','2014-09-15 14:41:37'),('FJI','COUNTRY','Fiji','FJ','242','FJI',NULL,'2014-09-15 14:41:37','2014-09-15 14:41:37','2014-09-15 14:41:37','2014-09-15 14:41:37'),('FL','STATE','Florida','FL',NULL,'FL',NULL,'2014-09-15 14:41:45','2014-09-15 14:41:45','2014-09-15 14:41:45','2014-09-15 14:41:45'),('FLK','COUNTRY','Falkland Islands (malvinas)','FK','238','FLK',NULL,'2014-09-15 14:41:37','2014-09-15 14:41:37','2014-09-15 14:41:37','2014-09-15 14:41:37'),('FM','STATE','Federated States of Micronesia','FM',NULL,'FM',NULL,'2014-09-15 14:41:45','2014-09-15 14:41:45','2014-09-15 14:41:45','2014-09-15 14:41:45'),('FR-01','COUNTY','Ain','01',NULL,'AIN',NULL,'2014-09-15 14:41:41','2014-09-15 14:41:41','2014-09-15 14:41:41','2014-09-15 14:41:41'),('FR-02','COUNTY','Aisne','02',NULL,'AIS',NULL,'2014-09-15 14:41:41','2014-09-15 14:41:41','2014-09-15 14:41:41','2014-09-15 14:41:41'),('FR-03','COUNTY','Allier','03',NULL,'ALL',NULL,'2014-09-15 14:41:41','2014-09-15 14:41:41','2014-09-15 14:41:41','2014-09-15 14:41:41'),('FR-04','COUNTY','Alpes de Hautes-Provence','04',NULL,'AHP',NULL,'2014-09-15 14:41:41','2014-09-15 14:41:41','2014-09-15 14:41:41','2014-09-15 14:41:41'),('FR-05','COUNTY','Hautes-Alpes','05',NULL,'HAL',NULL,'2014-09-15 14:41:41','2014-09-15 14:41:41','2014-09-15 14:41:41','2014-09-15 14:41:41'),('FR-06','COUNTY','Alpes-Maritimes','06',NULL,'ALM',NULL,'2014-09-15 14:41:41','2014-09-15 14:41:41','2014-09-15 14:41:41','2014-09-15 14:41:41'),('FR-07','COUNTY','Ardche','07',NULL,'ARD',NULL,'2014-09-15 14:41:41','2014-09-15 14:41:41','2014-09-15 14:41:41','2014-09-15 14:41:41'),('FR-08','COUNTY','Ardennes','08',NULL,'ARE',NULL,'2014-09-15 14:41:41','2014-09-15 14:41:41','2014-09-15 14:41:41','2014-09-15 14:41:41'),('FR-09','COUNTY','Arige','09',NULL,'ARI',NULL,'2014-09-15 14:41:41','2014-09-15 14:41:41','2014-09-15 14:41:41','2014-09-15 14:41:41'),('FR-10','COUNTY','Aube','10',NULL,'AUB',NULL,'2014-09-15 14:41:41','2014-09-15 14:41:41','2014-09-15 14:41:41','2014-09-15 14:41:41'),('FR-11','COUNTY','Aude','11',NULL,'AUD',NULL,'2014-09-15 14:41:41','2014-09-15 14:41:41','2014-09-15 14:41:41','2014-09-15 14:41:41'),('FR-12','COUNTY','Aveyron','12',NULL,'AVE',NULL,'2014-09-15 14:41:41','2014-09-15 14:41:41','2014-09-15 14:41:41','2014-09-15 14:41:41'),('FR-13','COUNTY','Bouches-du-Rhne','13',NULL,'BDR',NULL,'2014-09-15 14:41:41','2014-09-15 14:41:41','2014-09-15 14:41:41','2014-09-15 14:41:41'),('FR-14','COUNTY','Calvados','14',NULL,'CAL',NULL,'2014-09-15 14:41:41','2014-09-15 14:41:41','2014-09-15 14:41:41','2014-09-15 14:41:41'),('FR-15','COUNTY','Cantal','15',NULL,'CAN',NULL,'2014-09-15 14:41:41','2014-09-15 14:41:41','2014-09-15 14:41:41','2014-09-15 14:41:41'),('FR-16','COUNTY','Charente','16',NULL,'CHA',NULL,'2014-09-15 14:41:41','2014-09-15 14:41:41','2014-09-15 14:41:41','2014-09-15 14:41:41'),('FR-17','COUNTY','Charente-Maritime','17',NULL,'CHM',NULL,'2014-09-15 14:41:41','2014-09-15 14:41:41','2014-09-15 14:41:41','2014-09-15 14:41:41'),('FR-18','COUNTY','Cher','18',NULL,'CHE',NULL,'2014-09-15 14:41:41','2014-09-15 14:41:41','2014-09-15 14:41:41','2014-09-15 14:41:41'),('FR-19','COUNTY','Corrze','19',NULL,'COR',NULL,'2014-09-15 14:41:41','2014-09-15 14:41:41','2014-09-15 14:41:41','2014-09-15 14:41:41'),('FR-20','COUNTY','Corse','20',NULL,'COS',NULL,'2014-09-15 14:41:41','2014-09-15 14:41:41','2014-09-15 14:41:41','2014-09-15 14:41:41'),('FR-21','COUNTY','Cte-d\'Or','21',NULL,'COO',NULL,'2014-09-15 14:41:41','2014-09-15 14:41:41','2014-09-15 14:41:41','2014-09-15 14:41:41'),('FR-22','COUNTY','Ctes d\'Armor','22',NULL,'COA',NULL,'2014-09-15 14:41:41','2014-09-15 14:41:41','2014-09-15 14:41:41','2014-09-15 14:41:41'),('FR-23','COUNTY','Creuse','23',NULL,'CRE',NULL,'2014-09-15 14:41:41','2014-09-15 14:41:41','2014-09-15 14:41:41','2014-09-15 14:41:41'),('FR-24','COUNTY','Dordogne','24',NULL,'DOR',NULL,'2014-09-15 14:41:41','2014-09-15 14:41:41','2014-09-15 14:41:41','2014-09-15 14:41:41'),('FR-25','COUNTY','Doubs','25',NULL,'DOU',NULL,'2014-09-15 14:41:41','2014-09-15 14:41:41','2014-09-15 14:41:41','2014-09-15 14:41:41'),('FR-26','COUNTY','Drme','26',NULL,'DRO',NULL,'2014-09-15 14:41:41','2014-09-15 14:41:41','2014-09-15 14:41:41','2014-09-15 14:41:41'),('FR-27','COUNTY','Eure','27',NULL,'EUR',NULL,'2014-09-15 14:41:41','2014-09-15 14:41:41','2014-09-15 14:41:41','2014-09-15 14:41:41'),('FR-28','COUNTY','Eure-et-Loir','28',NULL,'EUL',NULL,'2014-09-15 14:41:41','2014-09-15 14:41:41','2014-09-15 14:41:41','2014-09-15 14:41:41'),('FR-29','COUNTY','Finistre','29',NULL,'FIN',NULL,'2014-09-15 14:41:41','2014-09-15 14:41:41','2014-09-15 14:41:41','2014-09-15 14:41:41'),('FR-2A','COUNTY','Corse-du-Sud','2A',NULL,'CDS',NULL,'2014-09-15 14:41:41','2014-09-15 14:41:41','2014-09-15 14:41:41','2014-09-15 14:41:41'),('FR-2B','COUNTY','Haute-Corse','2B',NULL,'HCO',NULL,'2014-09-15 14:41:41','2014-09-15 14:41:41','2014-09-15 14:41:41','2014-09-15 14:41:41'),('FR-30','COUNTY','Gard','30',NULL,'GAR',NULL,'2014-09-15 14:41:41','2014-09-15 14:41:41','2014-09-15 14:41:41','2014-09-15 14:41:41'),('FR-31','COUNTY','Haute-Garonne','31',NULL,'HAG',NULL,'2014-09-15 14:41:41','2014-09-15 14:41:41','2014-09-15 14:41:41','2014-09-15 14:41:41'),('FR-32','COUNTY','Gers','32',NULL,'GER',NULL,'2014-09-15 14:41:41','2014-09-15 14:41:41','2014-09-15 14:41:41','2014-09-15 14:41:41'),('FR-33','COUNTY','Gironde','33',NULL,'GIR',NULL,'2014-09-15 14:41:41','2014-09-15 14:41:41','2014-09-15 14:41:41','2014-09-15 14:41:41'),('FR-34','COUNTY','Hrault','34',NULL,'HER',NULL,'2014-09-15 14:41:41','2014-09-15 14:41:41','2014-09-15 14:41:41','2014-09-15 14:41:41'),('FR-35','COUNTY','Ille-et-Vilaine','35',NULL,'ILL',NULL,'2014-09-15 14:41:41','2014-09-15 14:41:41','2014-09-15 14:41:41','2014-09-15 14:41:41'),('FR-36','COUNTY','Indre','36',NULL,'IND',NULL,'2014-09-15 14:41:41','2014-09-15 14:41:41','2014-09-15 14:41:41','2014-09-15 14:41:41'),('FR-37','COUNTY','Indre-et-Loire','37',NULL,'IEL',NULL,'2014-09-15 14:41:41','2014-09-15 14:41:41','2014-09-15 14:41:41','2014-09-15 14:41:41'),('FR-38','COUNTY','Isre','38',NULL,'ISE',NULL,'2014-09-15 14:41:41','2014-09-15 14:41:41','2014-09-15 14:41:41','2014-09-15 14:41:41'),('FR-39','COUNTY','Jura','39',NULL,'JUR',NULL,'2014-09-15 14:41:41','2014-09-15 14:41:41','2014-09-15 14:41:41','2014-09-15 14:41:41'),('FR-40','COUNTY','Landes','40',NULL,'LAN',NULL,'2014-09-15 14:41:41','2014-09-15 14:41:41','2014-09-15 14:41:41','2014-09-15 14:41:41'),('FR-41','COUNTY','Loir-et-Cher','41',NULL,'LEC',NULL,'2014-09-15 14:41:41','2014-09-15 14:41:41','2014-09-15 14:41:41','2014-09-15 14:41:41'),('FR-42','COUNTY','Loire','42',NULL,'LOI',NULL,'2014-09-15 14:41:41','2014-09-15 14:41:41','2014-09-15 14:41:41','2014-09-15 14:41:41'),('FR-43','COUNTY','Haute-Loire','43',NULL,'HLO',NULL,'2014-09-15 14:41:41','2014-09-15 14:41:41','2014-09-15 14:41:41','2014-09-15 14:41:41'),('FR-44','COUNTY','Loire-Atlantique','44',NULL,'LOA',NULL,'2014-09-15 14:41:41','2014-09-15 14:41:41','2014-09-15 14:41:41','2014-09-15 14:41:41'),('FR-45','COUNTY','Loiret','45',NULL,'LOR',NULL,'2014-09-15 14:41:41','2014-09-15 14:41:41','2014-09-15 14:41:41','2014-09-15 14:41:41'),('FR-46','COUNTY','Lot','46',NULL,'LOT',NULL,'2014-09-15 14:41:41','2014-09-15 14:41:41','2014-09-15 14:41:41','2014-09-15 14:41:41'),('FR-47','COUNTY','Lot-et-Garonne','47',NULL,'LOG',NULL,'2014-09-15 14:41:41','2014-09-15 14:41:41','2014-09-15 14:41:41','2014-09-15 14:41:41'),('FR-48','COUNTY','Lozre','48',NULL,'LOZ',NULL,'2014-09-15 14:41:41','2014-09-15 14:41:41','2014-09-15 14:41:41','2014-09-15 14:41:41'),('FR-49','COUNTY','Maine-et-Loire','49',NULL,'MEL',NULL,'2014-09-15 14:41:41','2014-09-15 14:41:41','2014-09-15 14:41:41','2014-09-15 14:41:41'),('FR-50','COUNTY','Manche','50',NULL,'MAN',NULL,'2014-09-15 14:41:41','2014-09-15 14:41:41','2014-09-15 14:41:41','2014-09-15 14:41:41'),('FR-51','COUNTY','Marne','51',NULL,'MAR',NULL,'2014-09-15 14:41:41','2014-09-15 14:41:41','2014-09-15 14:41:41','2014-09-15 14:41:41'),('FR-52','COUNTY','Haute-Marne','52',NULL,'HMA',NULL,'2014-09-15 14:41:41','2014-09-15 14:41:41','2014-09-15 14:41:41','2014-09-15 14:41:41'),('FR-53','COUNTY','Mayenne','53',NULL,'MAY',NULL,'2014-09-15 14:41:41','2014-09-15 14:41:41','2014-09-15 14:41:41','2014-09-15 14:41:41'),('FR-54','COUNTY','Meurthe-et-Moselle','54',NULL,'MEM',NULL,'2014-09-15 14:41:41','2014-09-15 14:41:41','2014-09-15 14:41:41','2014-09-15 14:41:41'),('FR-55','COUNTY','Meuse','55',NULL,'MEU',NULL,'2014-09-15 14:41:41','2014-09-15 14:41:41','2014-09-15 14:41:41','2014-09-15 14:41:41'),('FR-56','COUNTY','Morbihan','56',NULL,'MOR',NULL,'2014-09-15 14:41:41','2014-09-15 14:41:41','2014-09-15 14:41:41','2014-09-15 14:41:41'),('FR-57','COUNTY','Moselle','57',NULL,'MOS',NULL,'2014-09-15 14:41:41','2014-09-15 14:41:41','2014-09-15 14:41:41','2014-09-15 14:41:41'),('FR-58','COUNTY','Nivre','58',NULL,'NIE',NULL,'2014-09-15 14:41:41','2014-09-15 14:41:41','2014-09-15 14:41:41','2014-09-15 14:41:41'),('FR-59','COUNTY','Nord','59',NULL,'NOR',NULL,'2014-09-15 14:41:41','2014-09-15 14:41:41','2014-09-15 14:41:41','2014-09-15 14:41:41'),('FR-60','COUNTY','Oise','60',NULL,'OIS',NULL,'2014-09-15 14:41:41','2014-09-15 14:41:41','2014-09-15 14:41:41','2014-09-15 14:41:41'),('FR-61','COUNTY','Orne','61',NULL,'ORN',NULL,'2014-09-15 14:41:41','2014-09-15 14:41:41','2014-09-15 14:41:41','2014-09-15 14:41:41'),('FR-62','COUNTY','Pas-de-Calais','62',NULL,'PDC',NULL,'2014-09-15 14:41:41','2014-09-15 14:41:41','2014-09-15 14:41:41','2014-09-15 14:41:41'),('FR-63','COUNTY','Puy-de-Dme','63',NULL,'PUY',NULL,'2014-09-15 14:41:41','2014-09-15 14:41:41','2014-09-15 14:41:41','2014-09-15 14:41:41'),('FR-64','COUNTY','Pyrnes-Atlantiques','64',NULL,'PYA',NULL,'2014-09-15 14:41:41','2014-09-15 14:41:41','2014-09-15 14:41:41','2014-09-15 14:41:41'),('FR-65','COUNTY','Hautes-Pyrnes','65',NULL,'HPY',NULL,'2014-09-15 14:41:41','2014-09-15 14:41:41','2014-09-15 14:41:41','2014-09-15 14:41:41'),('FR-66','COUNTY','Pyrnes-Orientales','66',NULL,'PYO',NULL,'2014-09-15 14:41:41','2014-09-15 14:41:41','2014-09-15 14:41:41','2014-09-15 14:41:41'),('FR-67','COUNTY','Bas-Rhin','67',NULL,'BRH',NULL,'2014-09-15 14:41:41','2014-09-15 14:41:41','2014-09-15 14:41:41','2014-09-15 14:41:41'),('FR-68','COUNTY','Haut-Rhin','68',NULL,'HRH',NULL,'2014-09-15 14:41:41','2014-09-15 14:41:41','2014-09-15 14:41:41','2014-09-15 14:41:41'),('FR-69','COUNTY','Rhne','69',NULL,'RHO',NULL,'2014-09-15 14:41:41','2014-09-15 14:41:41','2014-09-15 14:41:41','2014-09-15 14:41:41'),('FR-70','COUNTY','Haute-Sane','70',NULL,'HAS',NULL,'2014-09-15 14:41:41','2014-09-15 14:41:41','2014-09-15 14:41:41','2014-09-15 14:41:41'),('FR-71','COUNTY','Sane-et-Loire','71',NULL,'SEL',NULL,'2014-09-15 14:41:41','2014-09-15 14:41:41','2014-09-15 14:41:41','2014-09-15 14:41:41'),('FR-72','COUNTY','Sarthe','72',NULL,'SAR',NULL,'2014-09-15 14:41:41','2014-09-15 14:41:41','2014-09-15 14:41:41','2014-09-15 14:41:41'),('FR-73','COUNTY','Savoie','73',NULL,'SAV',NULL,'2014-09-15 14:41:41','2014-09-15 14:41:41','2014-09-15 14:41:41','2014-09-15 14:41:41'),('FR-74','COUNTY','Haute-Savoie','74',NULL,'HAS',NULL,'2014-09-15 14:41:41','2014-09-15 14:41:41','2014-09-15 14:41:41','2014-09-15 14:41:41'),('FR-75','COUNTY','Paris','75',NULL,'PAR',NULL,'2014-09-15 14:41:41','2014-09-15 14:41:41','2014-09-15 14:41:41','2014-09-15 14:41:41'),('FR-76','COUNTY','Seine-Maritime','76',NULL,'SMA',NULL,'2014-09-15 14:41:41','2014-09-15 14:41:41','2014-09-15 14:41:41','2014-09-15 14:41:41'),('FR-77','COUNTY','Seine-et-Marne','77',NULL,'SEM',NULL,'2014-09-15 14:41:41','2014-09-15 14:41:41','2014-09-15 14:41:41','2014-09-15 14:41:41'),('FR-78','COUNTY','Yvelines','78',NULL,'YVE',NULL,'2014-09-15 14:41:41','2014-09-15 14:41:41','2014-09-15 14:41:41','2014-09-15 14:41:41'),('FR-79','COUNTY','Deux-Svres','79',NULL,'DSE',NULL,'2014-09-15 14:41:41','2014-09-15 14:41:41','2014-09-15 14:41:41','2014-09-15 14:41:41'),('FR-80','COUNTY','Somme','80',NULL,'SOM',NULL,'2014-09-15 14:41:41','2014-09-15 14:41:41','2014-09-15 14:41:41','2014-09-15 14:41:41'),('FR-81','COUNTY','Tarn','81',NULL,'TAR',NULL,'2014-09-15 14:41:41','2014-09-15 14:41:41','2014-09-15 14:41:41','2014-09-15 14:41:41'),('FR-82','COUNTY','Tarn-et-Garonne','82',NULL,'TAG',NULL,'2014-09-15 14:41:41','2014-09-15 14:41:41','2014-09-15 14:41:41','2014-09-15 14:41:41'),('FR-83','COUNTY','Var','83',NULL,'VAR',NULL,'2014-09-15 14:41:41','2014-09-15 14:41:41','2014-09-15 14:41:41','2014-09-15 14:41:41'),('FR-84','COUNTY','Vaucluse','84',NULL,'VAU',NULL,'2014-09-15 14:41:41','2014-09-15 14:41:41','2014-09-15 14:41:41','2014-09-15 14:41:41'),('FR-85','COUNTY','Vende','85',NULL,'VEN',NULL,'2014-09-15 14:41:41','2014-09-15 14:41:41','2014-09-15 14:41:41','2014-09-15 14:41:41'),('FR-86','COUNTY','Vienne','86',NULL,'VIE',NULL,'2014-09-15 14:41:41','2014-09-15 14:41:41','2014-09-15 14:41:41','2014-09-15 14:41:41'),('FR-87','COUNTY','Haute-Vienne','87',NULL,'HVI',NULL,'2014-09-15 14:41:41','2014-09-15 14:41:41','2014-09-15 14:41:41','2014-09-15 14:41:41'),('FR-88','COUNTY','Vosges','88',NULL,'VOS',NULL,'2014-09-15 14:41:41','2014-09-15 14:41:41','2014-09-15 14:41:41','2014-09-15 14:41:41'),('FR-89','COUNTY','Yonne','89',NULL,'YON',NULL,'2014-09-15 14:41:41','2014-09-15 14:41:41','2014-09-15 14:41:41','2014-09-15 14:41:41'),('FR-90','COUNTY','Territoire-de-Belfort','90',NULL,'TDB',NULL,'2014-09-15 14:41:41','2014-09-15 14:41:41','2014-09-15 14:41:41','2014-09-15 14:41:41'),('FR-91','COUNTY','Essonne','91',NULL,'ESS',NULL,'2014-09-15 14:41:41','2014-09-15 14:41:41','2014-09-15 14:41:41','2014-09-15 14:41:41'),('FR-92','COUNTY','Hauts-de-Seine','92',NULL,'HDS',NULL,'2014-09-15 14:41:41','2014-09-15 14:41:41','2014-09-15 14:41:41','2014-09-15 14:41:41'),('FR-93','COUNTY','Seine-Saint-Denis','93',NULL,'SSD',NULL,'2014-09-15 14:41:41','2014-09-15 14:41:41','2014-09-15 14:41:41','2014-09-15 14:41:41'),('FR-94','COUNTY','Val-de-Marne','94',NULL,'VDM',NULL,'2014-09-15 14:41:41','2014-09-15 14:41:41','2014-09-15 14:41:41','2014-09-15 14:41:41'),('FR-95','COUNTY','Val-d\'Oise','95',NULL,'VDO',NULL,'2014-09-15 14:41:41','2014-09-15 14:41:41','2014-09-15 14:41:41','2014-09-15 14:41:41'),('FR-971','COUNTY','Guadeloupe','971',NULL,'GUA',NULL,'2014-09-15 14:41:41','2014-09-15 14:41:41','2014-09-15 14:41:41','2014-09-15 14:41:41'),('FR-972','COUNTY','Guyane','972',NULL,'GUY',NULL,'2014-09-15 14:41:41','2014-09-15 14:41:41','2014-09-15 14:41:41','2014-09-15 14:41:41'),('FR-973','COUNTY','Martinique','973',NULL,'MAR',NULL,'2014-09-15 14:41:41','2014-09-15 14:41:41','2014-09-15 14:41:41','2014-09-15 14:41:41'),('FR-974','COUNTY','La Runion','974',NULL,'REU',NULL,'2014-09-15 14:41:41','2014-09-15 14:41:41','2014-09-15 14:41:41','2014-09-15 14:41:41'),('FR-975','COUNTY','St Pierre et Miquelon','975',NULL,'SPM',NULL,'2014-09-15 14:41:41','2014-09-15 14:41:41','2014-09-15 14:41:41','2014-09-15 14:41:41'),('FR-976','COUNTY','Mayotte','976',NULL,'MAY',NULL,'2014-09-15 14:41:41','2014-09-15 14:41:41','2014-09-15 14:41:41','2014-09-15 14:41:41'),('FR-98','COUNTY','Monaco','98',NULL,'MON',NULL,'2014-09-15 14:41:41','2014-09-15 14:41:41','2014-09-15 14:41:41','2014-09-15 14:41:41'),('FR-986','COUNTY','Wallis et Futuna','986',NULL,'WeF',NULL,'2014-09-15 14:41:41','2014-09-15 14:41:41','2014-09-15 14:41:41','2014-09-15 14:41:41'),('FR-987','COUNTY','Polynsie Franaise','987',NULL,'POF',NULL,'2014-09-15 14:41:41','2014-09-15 14:41:41','2014-09-15 14:41:41','2014-09-15 14:41:41'),('FR-988','COUNTY','Nouvelle Caldonie','988',NULL,'NOC',NULL,'2014-09-15 14:41:41','2014-09-15 14:41:41','2014-09-15 14:41:41','2014-09-15 14:41:41'),('FR-ACY74','COUNTY_CITY','Annecy','ACY',NULL,'ACY',NULL,'2014-09-15 14:41:41','2014-09-15 14:41:41','2014-09-15 14:41:41','2014-09-15 14:41:41'),('FR-AGE47','COUNTY_CITY','Agen','AGE',NULL,'AGE',NULL,'2014-09-15 14:41:41','2014-09-15 14:41:41','2014-09-15 14:41:41','2014-09-15 14:41:41'),('FR-AJA2A','COUNTY_CITY','Ajaccio','AJA',NULL,'AJA',NULL,'2014-09-15 14:41:41','2014-09-15 14:41:41','2014-09-15 14:41:41','2014-09-15 14:41:41'),('FR-ALB81','COUNTY_CITY','Albi','ALB',NULL,'ALB',NULL,'2014-09-15 14:41:41','2014-09-15 14:41:41','2014-09-15 14:41:41','2014-09-15 14:41:41'),('FR-ALE61','COUNTY_CITY','Alenon','ALE',NULL,'ALE',NULL,'2014-09-15 14:41:41','2014-09-15 14:41:41','2014-09-15 14:41:41','2014-09-15 14:41:41'),('FR-ALS','REGION','Alsace','ALS',NULL,'ALS',NULL,'2014-09-15 14:41:41','2014-09-15 14:41:41','2014-09-15 14:41:41','2014-09-15 14:41:41'),('FR-AMI80','COUNTY_CITY','Amiens','AMI',NULL,'AMI',NULL,'2014-09-15 14:41:41','2014-09-15 14:41:41','2014-09-15 14:41:41','2014-09-15 14:41:41'),('FR-ANG16','COUNTY_CITY','Angoulme','ANG',NULL,'ANG',NULL,'2014-09-15 14:41:41','2014-09-15 14:41:41','2014-09-15 14:41:41','2014-09-15 14:41:41'),('FR-ANG49','COUNTY_CITY','Angers','ANG',NULL,'ANG',NULL,'2014-09-15 14:41:41','2014-09-15 14:41:41','2014-09-15 14:41:41','2014-09-15 14:41:41'),('FR-AQU','REGION','Aquitaine','AQU',NULL,'AQU',NULL,'2014-09-15 14:41:41','2014-09-15 14:41:41','2014-09-15 14:41:41','2014-09-15 14:41:41'),('FR-ARR62','COUNTY_CITY','Arras','ARR',NULL,'ARR',NULL,'2014-09-15 14:41:41','2014-09-15 14:41:41','2014-09-15 14:41:41','2014-09-15 14:41:41'),('FR-AUC32','COUNTY_CITY','Auch','AUC',NULL,'AUC',NULL,'2014-09-15 14:41:41','2014-09-15 14:41:41','2014-09-15 14:41:41','2014-09-15 14:41:41'),('FR-AUR15','COUNTY_CITY','Aurillac','AUR',NULL,'AUR',NULL,'2014-09-15 14:41:41','2014-09-15 14:41:41','2014-09-15 14:41:41','2014-09-15 14:41:41'),('FR-AUV','REGION','Auvergne','AUV',NULL,'AUV',NULL,'2014-09-15 14:41:41','2014-09-15 14:41:41','2014-09-15 14:41:41','2014-09-15 14:41:41'),('FR-AVG84','COUNTY_CITY','Avignon','AVG',NULL,'AVG',NULL,'2014-09-15 14:41:41','2014-09-15 14:41:41','2014-09-15 14:41:41','2014-09-15 14:41:41'),('FR-AXR89','COUNTY_CITY','Auxerre','AXR',NULL,'AXR',NULL,'2014-09-15 14:41:41','2014-09-15 14:41:41','2014-09-15 14:41:41','2014-09-15 14:41:41'),('FR-BAN','REGION','Basse-Normandie','BAN',NULL,'BAN',NULL,'2014-09-15 14:41:41','2014-09-15 14:41:41','2014-09-15 14:41:41','2014-09-15 14:41:41'),('FR-BAS2B','COUNTY_CITY','Bastia','BAS',NULL,'BAS',NULL,'2014-09-15 14:41:41','2014-09-15 14:41:41','2014-09-15 14:41:41','2014-09-15 14:41:41'),('FR-BBY93','COUNTY_CITY','Bobigny','BBY',NULL,'BBY',NULL,'2014-09-15 14:41:41','2014-09-15 14:41:41','2014-09-15 14:41:41','2014-09-15 14:41:41'),('FR-BEB01','COUNTY_CITY','Bourg-en-Bresse','BEB',NULL,'BEB',NULL,'2014-09-15 14:41:41','2014-09-15 14:41:41','2014-09-15 14:41:41','2014-09-15 14:41:41'),('FR-BES25','COUNTY_CITY','Besanon','BES',NULL,'BES',NULL,'2014-09-15 14:41:41','2014-09-15 14:41:41','2014-09-15 14:41:41','2014-09-15 14:41:41'),('FR-BLD55','COUNTY_CITY','Bar-le-Duc','BLD',NULL,'BLD',NULL,'2014-09-15 14:41:41','2014-09-15 14:41:41','2014-09-15 14:41:41','2014-09-15 14:41:41'),('FR-BLF90','COUNTY_CITY','Belfort','BLF',NULL,'BLF',NULL,'2014-09-15 14:41:41','2014-09-15 14:41:41','2014-09-15 14:41:41','2014-09-15 14:41:41'),('FR-BLO41','COUNTY_CITY','Blois','BLO',NULL,'BLO',NULL,'2014-09-15 14:41:41','2014-09-15 14:41:41','2014-09-15 14:41:41','2014-09-15 14:41:41'),('FR-BOR33','COUNTY_CITY','Bordeaux','BOR',NULL,'BOR',NULL,'2014-09-15 14:41:41','2014-09-15 14:41:41','2014-09-15 14:41:41','2014-09-15 14:41:41'),('FR-BOU','REGION','Bourgogne','BOU',NULL,'BOU',NULL,'2014-09-15 14:41:41','2014-09-15 14:41:41','2014-09-15 14:41:41','2014-09-15 14:41:41'),('FR-BOU18','COUNTY_CITY','Bourges','BOU',NULL,'BOU',NULL,'2014-09-15 14:41:41','2014-09-15 14:41:41','2014-09-15 14:41:41','2014-09-15 14:41:41'),('FR-BRE','REGION','Bretagne','BRE',NULL,'BRE',NULL,'2014-09-15 14:41:41','2014-09-15 14:41:41','2014-09-15 14:41:41','2014-09-15 14:41:41'),('FR-BVA60','COUNTY_CITY','Beauvais','BVA',NULL,'BVA',NULL,'2014-09-15 14:41:41','2014-09-15 14:41:41','2014-09-15 14:41:41','2014-09-15 14:41:41'),('FR-CAE14','COUNTY_CITY','Caen','CAE',NULL,'CAE',NULL,'2014-09-15 14:41:41','2014-09-15 14:41:41','2014-09-15 14:41:41','2014-09-15 14:41:41'),('FR-CAH46','COUNTY_CITY','Cahors','CAH',NULL,'CAH',NULL,'2014-09-15 14:41:41','2014-09-15 14:41:41','2014-09-15 14:41:41','2014-09-15 14:41:41'),('FR-CAR11','COUNTY_CITY','Carcassonne','CAR',NULL,'CAR',NULL,'2014-09-15 14:41:41','2014-09-15 14:41:41','2014-09-15 14:41:41','2014-09-15 14:41:41'),('FR-CBY73','COUNTY_CITY','Chambry','CBY',NULL,'CBY',NULL,'2014-09-15 14:41:41','2014-09-15 14:41:41','2014-09-15 14:41:41','2014-09-15 14:41:41'),('FR-CEC51','COUNTY_CITY','Chlons-en-Champagne','CEC',NULL,'CEC',NULL,'2014-09-15 14:41:41','2014-09-15 14:41:41','2014-09-15 14:41:41','2014-09-15 14:41:41'),('FR-CEN','REGION','Centre','CEN',NULL,'CEN',NULL,'2014-09-15 14:41:41','2014-09-15 14:41:41','2014-09-15 14:41:41','2014-09-15 14:41:41'),('FR-CHA','REGION','Champagne-Ardenne','CHA',NULL,'CHA',NULL,'2014-09-15 14:41:41','2014-09-15 14:41:41','2014-09-15 14:41:41','2014-09-15 14:41:41'),('FR-CHA28','COUNTY_CITY','Chartres','CHA',NULL,'CHA',NULL,'2014-09-15 14:41:41','2014-09-15 14:41:41','2014-09-15 14:41:41','2014-09-15 14:41:41'),('FR-CHM08','COUNTY_CITY','Charleville-Mzires','CHM',NULL,'CHM',NULL,'2014-09-15 14:41:41','2014-09-15 14:41:41','2014-09-15 14:41:41','2014-09-15 14:41:41'),('FR-CHM52','COUNTY_CITY','Chaumont','CHM',NULL,'CHM',NULL,'2014-09-15 14:41:41','2014-09-15 14:41:41','2014-09-15 14:41:41','2014-09-15 14:41:41'),('FR-CHT36','COUNTY_CITY','Chteauroux','CHT',NULL,'CHT',NULL,'2014-09-15 14:41:41','2014-09-15 14:41:41','2014-09-15 14:41:41','2014-09-15 14:41:41'),('FR-CLF63','COUNTY_CITY','Clermont-Ferrand','CLF',NULL,'CLF',NULL,'2014-09-15 14:41:41','2014-09-15 14:41:41','2014-09-15 14:41:41','2014-09-15 14:41:41'),('FR-CLM68','COUNTY_CITY','Colmar','CLM',NULL,'CLM',NULL,'2014-09-15 14:41:41','2014-09-15 14:41:41','2014-09-15 14:41:41','2014-09-15 14:41:41'),('FR-COR','REGION','Corse','COR',NULL,'COR',NULL,'2014-09-15 14:41:41','2014-09-15 14:41:41','2014-09-15 14:41:41','2014-09-15 14:41:41'),('FR-CTL94','COUNTY_CITY','Crteil','CTL',NULL,'CTL',NULL,'2014-09-15 14:41:41','2014-09-15 14:41:41','2014-09-15 14:41:41','2014-09-15 14:41:41'),('FR-DIG04','COUNTY_CITY','Digne','DIG',NULL,'DIG',NULL,'2014-09-15 14:41:41','2014-09-15 14:41:41','2014-09-15 14:41:41','2014-09-15 14:41:41'),('FR-DIJ21','COUNTY_CITY','Dijon','DIJ',NULL,'DIJ',NULL,'2014-09-15 14:41:41','2014-09-15 14:41:41','2014-09-15 14:41:41','2014-09-15 14:41:41'),('FR-DOM','REGION','Departement d\'outre Mer','DOM',NULL,'DOM',NULL,'2014-09-15 14:41:42','2014-09-15 14:41:41','2014-09-15 14:41:42','2014-09-15 14:41:41'),('FR-EPI88','COUNTY_CITY','pinal','EPI',NULL,'EPI',NULL,'2014-09-15 14:41:41','2014-09-15 14:41:41','2014-09-15 14:41:41','2014-09-15 14:41:41'),('FR-EVR27','COUNTY_CITY','vreux','EVR',NULL,'EVR',NULL,'2014-09-15 14:41:41','2014-09-15 14:41:41','2014-09-15 14:41:41','2014-09-15 14:41:41'),('FR-EVR91','COUNTY_CITY','vry','EVR',NULL,'EVR',NULL,'2014-09-15 14:41:41','2014-09-15 14:41:41','2014-09-15 14:41:41','2014-09-15 14:41:41'),('FR-FCO','REGION','Franche-Comt','FCO',NULL,'FCO',NULL,'2014-09-15 14:41:41','2014-09-15 14:41:41','2014-09-15 14:41:41','2014-09-15 14:41:41'),('FR-FOI09','COUNTY_CITY','Foix','FOI',NULL,'FOI',NULL,'2014-09-15 14:41:41','2014-09-15 14:41:41','2014-09-15 14:41:41','2014-09-15 14:41:41'),('FR-GAP05','COUNTY_CITY','Gap','GAP',NULL,'GAP',NULL,'2014-09-15 14:41:41','2014-09-15 14:41:41','2014-09-15 14:41:41','2014-09-15 14:41:41'),('FR-GRE38','COUNTY_CITY','Grenoble','GRE',NULL,'GRE',NULL,'2014-09-15 14:41:41','2014-09-15 14:41:41','2014-09-15 14:41:41','2014-09-15 14:41:41'),('FR-GUE23','COUNTY_CITY','Guret','GUE',NULL,'GUE',NULL,'2014-09-15 14:41:41','2014-09-15 14:41:41','2014-09-15 14:41:41','2014-09-15 14:41:41'),('FR-HNO','REGION','Haute-Normandie','HNO',NULL,'HNO',NULL,'2014-09-15 14:41:41','2014-09-15 14:41:41','2014-09-15 14:41:41','2014-09-15 14:41:41'),('FR-IDF','REGION','Ile-de-France','IDF',NULL,'IDF',NULL,'2014-09-15 14:41:42','2014-09-15 14:41:41','2014-09-15 14:41:42','2014-09-15 14:41:41'),('FR-LAO02','COUNTY_CITY','Laon','LAO',NULL,'LAO',NULL,'2014-09-15 14:41:41','2014-09-15 14:41:41','2014-09-15 14:41:41','2014-09-15 14:41:41'),('FR-LAR','REGION','Languedoc-Roussillon','LAR',NULL,'LAR',NULL,'2014-09-15 14:41:41','2014-09-15 14:41:41','2014-09-15 14:41:41','2014-09-15 14:41:41'),('FR-LIL59','COUNTY_CITY','Lille','LIL',NULL,'LIL',NULL,'2014-09-15 14:41:41','2014-09-15 14:41:41','2014-09-15 14:41:41','2014-09-15 14:41:41'),('FR-LIM','REGION','Limousin','LIM',NULL,'LIM',NULL,'2014-09-15 14:41:41','2014-09-15 14:41:41','2014-09-15 14:41:41','2014-09-15 14:41:41'),('FR-LMA72','COUNTY_CITY','Le Mans','LMA',NULL,'LMA',NULL,'2014-09-15 14:41:41','2014-09-15 14:41:41','2014-09-15 14:41:41','2014-09-15 14:41:41'),('FR-LMG87','COUNTY_CITY','Limoges','LMG',NULL,'LMG',NULL,'2014-09-15 14:41:41','2014-09-15 14:41:41','2014-09-15 14:41:41','2014-09-15 14:41:41'),('FR-LON39','COUNTY_CITY','Lons-le-Saunier','LON',NULL,'LON',NULL,'2014-09-15 14:41:41','2014-09-15 14:41:41','2014-09-15 14:41:41','2014-09-15 14:41:41'),('FR-LOR','REGION','Lorraine','LOR',NULL,'LOR',NULL,'2014-09-15 14:41:41','2014-09-15 14:41:41','2014-09-15 14:41:41','2014-09-15 14:41:41'),('FR-LRO17','COUNTY_CITY','La Rochelle','LRO',NULL,'LRO',NULL,'2014-09-15 14:41:41','2014-09-15 14:41:41','2014-09-15 14:41:41','2014-09-15 14:41:41'),('FR-LVL53','COUNTY_CITY','Laval','LVL',NULL,'LVL',NULL,'2014-09-15 14:41:41','2014-09-15 14:41:41','2014-09-15 14:41:41','2014-09-15 14:41:41'),('FR-LYO69','COUNTY_CITY','Lyon','LYO',NULL,'LYO',NULL,'2014-09-15 14:41:41','2014-09-15 14:41:41','2014-09-15 14:41:41','2014-09-15 14:41:41'),('FR-MAR13','COUNTY_CITY','Marseille','MAR',NULL,'MAR',NULL,'2014-09-15 14:41:41','2014-09-15 14:41:41','2014-09-15 14:41:41','2014-09-15 14:41:41'),('FR-MCN71','COUNTY_CITY','Mcon','MCN',NULL,'MCN',NULL,'2014-09-15 14:41:41','2014-09-15 14:41:41','2014-09-15 14:41:41','2014-09-15 14:41:41'),('FR-MDM40','COUNTY_CITY','Mont-de-Marsan','MDM',NULL,'MDM',NULL,'2014-09-15 14:41:41','2014-09-15 14:41:41','2014-09-15 14:41:41','2014-09-15 14:41:41'),('FR-MEN48','COUNTY_CITY','Mende','MEN',NULL,'MEN',NULL,'2014-09-15 14:41:41','2014-09-15 14:41:41','2014-09-15 14:41:41','2014-09-15 14:41:41'),('FR-MET57','COUNTY_CITY','Metz','MET',NULL,'MET',NULL,'2014-09-15 14:41:41','2014-09-15 14:41:41','2014-09-15 14:41:41','2014-09-15 14:41:41'),('FR-MIP','REGION','Midi-Pyrnes','MIP',NULL,'MIP',NULL,'2014-09-15 14:41:41','2014-09-15 14:41:41','2014-09-15 14:41:41','2014-09-15 14:41:41'),('FR-MLN77','COUNTY_CITY','Melun','MLN',NULL,'MLN',NULL,'2014-09-15 14:41:41','2014-09-15 14:41:41','2014-09-15 14:41:41','2014-09-15 14:41:41'),('FR-MON34','COUNTY_CITY','Montpellier','MON',NULL,'MON',NULL,'2014-09-15 14:41:41','2014-09-15 14:41:41','2014-09-15 14:41:41','2014-09-15 14:41:41'),('FR-MOU03','COUNTY_CITY','Moulins','MOU',NULL,'MOU',NULL,'2014-09-15 14:41:41','2014-09-15 14:41:41','2014-09-15 14:41:41','2014-09-15 14:41:41'),('FR-MTB82','COUNTY_CITY','Montauban','MTB',NULL,'MTB',NULL,'2014-09-15 14:41:41','2014-09-15 14:41:41','2014-09-15 14:41:41','2014-09-15 14:41:41'),('FR-NAN44','COUNTY_CITY','Nantes','NAN',NULL,'NAN',NULL,'2014-09-15 14:41:41','2014-09-15 14:41:41','2014-09-15 14:41:41','2014-09-15 14:41:41'),('FR-NCY54','COUNTY_CITY','Nancy','NCY',NULL,'NCY',NULL,'2014-09-15 14:41:41','2014-09-15 14:41:41','2014-09-15 14:41:41','2014-09-15 14:41:41'),('FR-NEV58','COUNTY_CITY','Nevers','NEV',NULL,'NEV',NULL,'2014-09-15 14:41:41','2014-09-15 14:41:41','2014-09-15 14:41:41','2014-09-15 14:41:41'),('FR-NIC06','COUNTY_CITY','Nice','NIC',NULL,'NIC',NULL,'2014-09-15 14:41:41','2014-09-15 14:41:41','2014-09-15 14:41:41','2014-09-15 14:41:41'),('FR-NIM30','COUNTY_CITY','Nmes','NIM',NULL,'NIM',NULL,'2014-09-15 14:41:41','2014-09-15 14:41:41','2014-09-15 14:41:41','2014-09-15 14:41:41'),('FR-NIO79','COUNTY_CITY','Niort','NIO',NULL,'NIO',NULL,'2014-09-15 14:41:41','2014-09-15 14:41:41','2014-09-15 14:41:41','2014-09-15 14:41:41'),('FR-NPC','REGION','Nord-Pas-de-Calais','NPC',NULL,'NPC',NULL,'2014-09-15 14:41:41','2014-09-15 14:41:41','2014-09-15 14:41:41','2014-09-15 14:41:41'),('FR-NTR92','COUNTY_CITY','Nanterre','NTR',NULL,'NTR',NULL,'2014-09-15 14:41:41','2014-09-15 14:41:41','2014-09-15 14:41:41','2014-09-15 14:41:41'),('FR-ORL45','COUNTY_CITY','Orlans','ORL',NULL,'ORL',NULL,'2014-09-15 14:41:41','2014-09-15 14:41:41','2014-09-15 14:41:41','2014-09-15 14:41:41'),('FR-PAC','REGION','Provence-Alpes-Cte d\'Azur','PAC',NULL,'PAC',NULL,'2014-09-15 14:41:41','2014-09-15 14:41:41','2014-09-15 14:41:41','2014-09-15 14:41:41'),('FR-PAR75','COUNTY_CITY','Paris','PAR',NULL,'PAR',NULL,'2014-09-15 14:41:41','2014-09-15 14:41:41','2014-09-15 14:41:41','2014-09-15 14:41:41'),('FR-PAU64','COUNTY_CITY','Pau','PAU',NULL,'PAU',NULL,'2014-09-15 14:41:41','2014-09-15 14:41:41','2014-09-15 14:41:41','2014-09-15 14:41:41'),('FR-PDL','REGION','Pays de la Loire','PDL',NULL,'PDL',NULL,'2014-09-15 14:41:41','2014-09-15 14:41:41','2014-09-15 14:41:41','2014-09-15 14:41:41'),('FR-PER24','COUNTY_CITY','Prigueux','PER',NULL,'PER',NULL,'2014-09-15 14:41:41','2014-09-15 14:41:41','2014-09-15 14:41:41','2014-09-15 14:41:41'),('FR-PEV43','COUNTY_CITY','Le Puy-en-Velay','PEV',NULL,'PEV',NULL,'2014-09-15 14:41:41','2014-09-15 14:41:41','2014-09-15 14:41:41','2014-09-15 14:41:41'),('FR-PIC','REGION','Picardie','PIC',NULL,'PIC',NULL,'2014-09-15 14:41:41','2014-09-15 14:41:41','2014-09-15 14:41:41','2014-09-15 14:41:41'),('FR-POC','REGION','Poitou-Charentes','POC',NULL,'POC',NULL,'2014-09-15 14:41:41','2014-09-15 14:41:41','2014-09-15 14:41:41','2014-09-15 14:41:41'),('FR-POI86','COUNTY_CITY','Poitiers','POI',NULL,'POI',NULL,'2014-09-15 14:41:41','2014-09-15 14:41:41','2014-09-15 14:41:41','2014-09-15 14:41:41'),('FR-PPG66','COUNTY_CITY','Perpignan','PPG',NULL,'PPG',NULL,'2014-09-15 14:41:41','2014-09-15 14:41:41','2014-09-15 14:41:41','2014-09-15 14:41:41'),('FR-PRI07','COUNTY_CITY','Privas','PRI',NULL,'PRI',NULL,'2014-09-15 14:41:41','2014-09-15 14:41:41','2014-09-15 14:41:41','2014-09-15 14:41:41'),('FR-PTO95','COUNTY_CITY','Pontoise','PTO',NULL,'PTO',NULL,'2014-09-15 14:41:41','2014-09-15 14:41:41','2014-09-15 14:41:41','2014-09-15 14:41:41'),('FR-QUI29','COUNTY_CITY','Quimper','QUI',NULL,'QUI',NULL,'2014-09-15 14:41:41','2014-09-15 14:41:41','2014-09-15 14:41:41','2014-09-15 14:41:41'),('FR-RAL','REGION','Rhne-Alpes','RAL',NULL,'RAL',NULL,'2014-09-15 14:41:41','2014-09-15 14:41:41','2014-09-15 14:41:41','2014-09-15 14:41:41'),('FR-REN35','COUNTY_CITY','Rennes','REN',NULL,'REN',NULL,'2014-09-15 14:41:41','2014-09-15 14:41:41','2014-09-15 14:41:41','2014-09-15 14:41:41'),('FR-ROD12','COUNTY_CITY','Rodez','ROD',NULL,'ROD',NULL,'2014-09-15 14:41:41','2014-09-15 14:41:41','2014-09-15 14:41:41','2014-09-15 14:41:41'),('FR-ROU76','COUNTY_CITY','Rouen','ROU',NULL,'ROU',NULL,'2014-09-15 14:41:41','2014-09-15 14:41:41','2014-09-15 14:41:41','2014-09-15 14:41:41'),('FR-RSY85','COUNTY_CITY','La Roche-sur-Yon','RSY',NULL,'RSY',NULL,'2014-09-15 14:41:41','2014-09-15 14:41:41','2014-09-15 14:41:41','2014-09-15 14:41:41'),('FR-SBG67','COUNTY_CITY','Strasbourg','SBG',NULL,'SBG',NULL,'2014-09-15 14:41:41','2014-09-15 14:41:41','2014-09-15 14:41:41','2014-09-15 14:41:41'),('FR-SBR22','COUNTY_CITY','Saint-Brieuc','SBR',NULL,'SBR',NULL,'2014-09-15 14:41:41','2014-09-15 14:41:41','2014-09-15 14:41:41','2014-09-15 14:41:41'),('FR-SET42','COUNTY_CITY','Saint-tienne','SET',NULL,'SET',NULL,'2014-09-15 14:41:41','2014-09-15 14:41:41','2014-09-15 14:41:41','2014-09-15 14:41:41'),('FR-SLO50','COUNTY_CITY','Saint-L','SLO',NULL,'SLO',NULL,'2014-09-15 14:41:41','2014-09-15 14:41:41','2014-09-15 14:41:41','2014-09-15 14:41:41'),('FR-TBS65','COUNTY_CITY','Tarbes','TBS',NULL,'TBS',NULL,'2014-09-15 14:41:41','2014-09-15 14:41:41','2014-09-15 14:41:41','2014-09-15 14:41:41'),('FR-TLN83','COUNTY_CITY','Toulon','TLN',NULL,'TLN',NULL,'2014-09-15 14:41:41','2014-09-15 14:41:41','2014-09-15 14:41:41','2014-09-15 14:41:41'),('FR-TLS31','COUNTY_CITY','Toulouse','TLS',NULL,'TLS',NULL,'2014-09-15 14:41:41','2014-09-15 14:41:41','2014-09-15 14:41:41','2014-09-15 14:41:41'),('FR-TOM','REGION','Territoire d\'outre Mer','TOM',NULL,'TOM',NULL,'2014-09-15 14:41:42','2014-09-15 14:41:41','2014-09-15 14:41:42','2014-09-15 14:41:41'),('FR-TOU37','COUNTY_CITY','Tours','TOU',NULL,'TOU',NULL,'2014-09-15 14:41:41','2014-09-15 14:41:41','2014-09-15 14:41:41','2014-09-15 14:41:41'),('FR-TRO10','COUNTY_CITY','Troyes','TRO',NULL,'TRO',NULL,'2014-09-15 14:41:41','2014-09-15 14:41:41','2014-09-15 14:41:41','2014-09-15 14:41:41'),('FR-TUL19','COUNTY_CITY','Tulle','TUL',NULL,'TUL',NULL,'2014-09-15 14:41:41','2014-09-15 14:41:41','2014-09-15 14:41:41','2014-09-15 14:41:41'),('FR-VAL26','COUNTY_CITY','Valence','VAL',NULL,'VAL',NULL,'2014-09-15 14:41:41','2014-09-15 14:41:41','2014-09-15 14:41:41','2014-09-15 14:41:41'),('FR-VAN56','COUNTY_CITY','Vannes','VAN',NULL,'VAN',NULL,'2014-09-15 14:41:41','2014-09-15 14:41:41','2014-09-15 14:41:41','2014-09-15 14:41:41'),('FR-VSL70','COUNTY_CITY','Vesoul','VSL',NULL,'VSL',NULL,'2014-09-15 14:41:41','2014-09-15 14:41:41','2014-09-15 14:41:41','2014-09-15 14:41:41'),('FR-VSS78','COUNTY_CITY','Versailles','VSS',NULL,'VSS',NULL,'2014-09-15 14:41:41','2014-09-15 14:41:41','2014-09-15 14:41:41','2014-09-15 14:41:41'),('FRA','COUNTRY','France','FR','250','FRA',NULL,'2014-09-15 14:41:37','2014-09-15 14:41:37','2014-09-15 14:41:37','2014-09-15 14:41:37'),('FRO','COUNTRY','Faroe Islands','FO','234','FRO',NULL,'2014-09-15 14:41:37','2014-09-15 14:41:37','2014-09-15 14:41:37','2014-09-15 14:41:37'),('FSM','COUNTRY','Micronesia, Federated States Of','FM','583','FSM',NULL,'2014-09-15 14:41:37','2014-09-15 14:41:37','2014-09-15 14:41:37','2014-09-15 14:41:37'),('FXX','COUNTRY','France, Metropolitan','FX','249','FXX',NULL,'2014-09-15 14:41:37','2014-09-15 14:41:37','2014-09-15 14:41:37','2014-09-15 14:41:37'),('GA','STATE','Georgia','GA',NULL,'GA',NULL,'2014-09-15 14:41:45','2014-09-15 14:41:45','2014-09-15 14:41:45','2014-09-15 14:41:45'),('GAB','COUNTRY','Gabon','GA','266','GAB',NULL,'2014-09-15 14:41:37','2014-09-15 14:41:37','2014-09-15 14:41:37','2014-09-15 14:41:37'),('GB-ABDN','COUNTY','Aberdeenshire','ABDN',NULL,'ABDN',NULL,'2014-09-15 14:41:45','2014-09-15 14:41:45','2014-09-15 14:41:45','2014-09-15 14:41:45'),('GB-AGSY','COUNTY','Anglesey/Sir Fon','AGSY',NULL,'AGSY',NULL,'2014-09-15 14:41:45','2014-09-15 14:41:45','2014-09-15 14:41:45','2014-09-15 14:41:45'),('GB-ANGS','COUNTY','Angus/Forfarshire','ANGS',NULL,'ANGS',NULL,'2014-09-15 14:41:45','2014-09-15 14:41:45','2014-09-15 14:41:45','2014-09-15 14:41:45'),('GB-ARGL','COUNTY','Argyllshire','ARGL',NULL,'ARGL',NULL,'2014-09-15 14:41:45','2014-09-15 14:41:45','2014-09-15 14:41:45','2014-09-15 14:41:45'),('GB-AYRS','COUNTY','Ayrshire','AYRS',NULL,'AYRS',NULL,'2014-09-15 14:41:45','2014-09-15 14:41:45','2014-09-15 14:41:45','2014-09-15 14:41:45'),('GB-BANF','COUNTY','Banffshire','BANF',NULL,'BANF',NULL,'2014-09-15 14:41:45','2014-09-15 14:41:45','2014-09-15 14:41:45','2014-09-15 14:41:45'),('GB-BDFD','COUNTY','Bedfordshire','BDFD',NULL,'BDFD',NULL,'2014-09-15 14:41:45','2014-09-15 14:41:45','2014-09-15 14:41:45','2014-09-15 14:41:45'),('GB-BREK','COUNTY','Brecknockshire/Sir Frycheiniog','BREK',NULL,'BREK',NULL,'2014-09-15 14:41:45','2014-09-15 14:41:45','2014-09-15 14:41:45','2014-09-15 14:41:45'),('GB-BRKS','COUNTY','Berkshire','BRKS',NULL,'BRKS',NULL,'2014-09-15 14:41:45','2014-09-15 14:41:45','2014-09-15 14:41:45','2014-09-15 14:41:45'),('GB-BUCKS','COUNTY','Buckinghamshire','BUCKS',NULL,'BUCKS',NULL,'2014-09-15 14:41:45','2014-09-15 14:41:45','2014-09-15 14:41:45','2014-09-15 14:41:45'),('GB-BUTE','COUNTY','Buteshire','BUTE',NULL,'BUTE',NULL,'2014-09-15 14:41:45','2014-09-15 14:41:45','2014-09-15 14:41:45','2014-09-15 14:41:45'),('GB-BWKS','COUNTY','Berwickshire','BWKS',NULL,'BWKS',NULL,'2014-09-15 14:41:45','2014-09-15 14:41:45','2014-09-15 14:41:45','2014-09-15 14:41:45'),('GB-CAMBS','COUNTY','Cambridgeshire','CAMBS',NULL,'CAMBS',NULL,'2014-09-15 14:41:45','2014-09-15 14:41:45','2014-09-15 14:41:45','2014-09-15 14:41:45'),('GB-CDGN','COUNTY','Cardiganshire/Ceredigion','CDGN',NULL,'CDGN',NULL,'2014-09-15 14:41:45','2014-09-15 14:41:45','2014-09-15 14:41:45','2014-09-15 14:41:45'),('GB-CHES','COUNTY','Cheshire','CHES',NULL,'CHES',NULL,'2014-09-15 14:41:45','2014-09-15 14:41:45','2014-09-15 14:41:45','2014-09-15 14:41:45'),('GB-CLAK','COUNTY','Clackmannanshire','CLAK',NULL,'CLAK',NULL,'2014-09-15 14:41:45','2014-09-15 14:41:45','2014-09-15 14:41:45','2014-09-15 14:41:45'),('GB-CMRN','COUNTY','Carmarthenshire/Sir Gaerfyrddin','CMRN',NULL,'CMRN',NULL,'2014-09-15 14:41:45','2014-09-15 14:41:45','2014-09-15 14:41:45','2014-09-15 14:41:45'),('GB-CMTY','COUNTY','Cromartyshire','CMTY',NULL,'CMTY',NULL,'2014-09-15 14:41:45','2014-09-15 14:41:45','2014-09-15 14:41:45','2014-09-15 14:41:45'),('GB-CNFN','COUNTY','Caernarfonshire/Sir Gaernarfon','CNFN',NULL,'CNFN',NULL,'2014-09-15 14:41:45','2014-09-15 14:41:45','2014-09-15 14:41:45','2014-09-15 14:41:45'),('GB-CNWL','COUNTY','Cornwall','CNWL',NULL,'CNWL',NULL,'2014-09-15 14:41:45','2014-09-15 14:41:45','2014-09-15 14:41:45','2014-09-15 14:41:45'),('GB-CTHN','COUNTY','Caithness','CTHN',NULL,'CTHN',NULL,'2014-09-15 14:41:45','2014-09-15 14:41:45','2014-09-15 14:41:45','2014-09-15 14:41:45'),('GB-CUMB','COUNTY','Cumberland','CUMB',NULL,'CUMB',NULL,'2014-09-15 14:41:45','2014-09-15 14:41:45','2014-09-15 14:41:45','2014-09-15 14:41:45'),('GB-DENB','COUNTY','Denbighshire/Sir Ddinbych','DENB',NULL,'DENB',NULL,'2014-09-15 14:41:45','2014-09-15 14:41:45','2014-09-15 14:41:45','2014-09-15 14:41:45'),('GB-DEVON','COUNTY','Devon','DEVON',NULL,'DEVON',NULL,'2014-09-15 14:41:45','2014-09-15 14:41:45','2014-09-15 14:41:45','2014-09-15 14:41:45'),('GB-DMBR','COUNTY','Dunbartonshire/Dumbartonshire','DMBR',NULL,'DMBR',NULL,'2014-09-15 14:41:45','2014-09-15 14:41:45','2014-09-15 14:41:45','2014-09-15 14:41:45'),('GB-DMFS','COUNTY','Dumfriesshire','DMFS',NULL,'DMFS',NULL,'2014-09-15 14:41:45','2014-09-15 14:41:45','2014-09-15 14:41:45','2014-09-15 14:41:45'),('GB-DRBYS','COUNTY','Derbyshire','DRBYS',NULL,'DRBYS',NULL,'2014-09-15 14:41:45','2014-09-15 14:41:45','2014-09-15 14:41:45','2014-09-15 14:41:45'),('GB-DRHM','COUNTY','Durham','DRHM',NULL,'DRHM',NULL,'2014-09-15 14:41:45','2014-09-15 14:41:45','2014-09-15 14:41:45','2014-09-15 14:41:45'),('GB-DRST','COUNTY','Dorset','DRST',NULL,'DRST',NULL,'2014-09-15 14:41:45','2014-09-15 14:41:45','2014-09-15 14:41:45','2014-09-15 14:41:45'),('GB-ELOTH','COUNTY','East Lothian/Haddingtonshire','ELOTH',NULL,'ELOTH',NULL,'2014-09-15 14:41:45','2014-09-15 14:41:45','2014-09-15 14:41:45','2014-09-15 14:41:45'),('GB-ESSX','COUNTY','Essex','ESSX',NULL,'ESSX',NULL,'2014-09-15 14:41:45','2014-09-15 14:41:45','2014-09-15 14:41:45','2014-09-15 14:41:45'),('GB-FIFE','COUNTY','Fife','FIFE',NULL,'FIFE',NULL,'2014-09-15 14:41:45','2014-09-15 14:41:45','2014-09-15 14:41:45','2014-09-15 14:41:45'),('GB-FTSH','COUNTY','Flintshire/Sir Fflint','FTSH',NULL,'FTSH',NULL,'2014-09-15 14:41:45','2014-09-15 14:41:45','2014-09-15 14:41:45','2014-09-15 14:41:45'),('GB-GLAM','COUNTY','Glamorgan/Morgannwg','GLAM',NULL,'GLAM',NULL,'2014-09-15 14:41:45','2014-09-15 14:41:45','2014-09-15 14:41:45','2014-09-15 14:41:45'),('GB-GLOU','COUNTY','Gloucestershire','GLOU',NULL,'GLOU',NULL,'2014-09-15 14:41:45','2014-09-15 14:41:45','2014-09-15 14:41:45','2014-09-15 14:41:45'),('GB-HAMPS','COUNTY','Hampshire','HAMPS',NULL,'HAMPS',NULL,'2014-09-15 14:41:45','2014-09-15 14:41:45','2014-09-15 14:41:45','2014-09-15 14:41:45'),('GB-HERTS','COUNTY','Hertfordshire','HERTS',NULL,'HERTS',NULL,'2014-09-15 14:41:45','2014-09-15 14:41:45','2014-09-15 14:41:45','2014-09-15 14:41:45'),('GB-HRFDS','COUNTY','Herefordshire','HRFDS',NULL,'HRFDS',NULL,'2014-09-15 14:41:45','2014-09-15 14:41:45','2014-09-15 14:41:45','2014-09-15 14:41:45'),('GB-HUNTS','COUNTY','Huntingdonshire','HUNTS',NULL,'HUNTS',NULL,'2014-09-15 14:41:45','2014-09-15 14:41:45','2014-09-15 14:41:45','2014-09-15 14:41:45'),('GB-INVER','COUNTY','Inverness-shire','INVER',NULL,'INVER',NULL,'2014-09-15 14:41:45','2014-09-15 14:41:45','2014-09-15 14:41:45','2014-09-15 14:41:45'),('GB-KENT','COUNTY','Kent','KENT',NULL,'KENT',NULL,'2014-09-15 14:41:45','2014-09-15 14:41:45','2014-09-15 14:41:45','2014-09-15 14:41:45'),('GB-KNDN','COUNTY','Kincardineshire','KNDN',NULL,'KNDN',NULL,'2014-09-15 14:41:45','2014-09-15 14:41:45','2014-09-15 14:41:45','2014-09-15 14:41:45'),('GB-KRCUD','COUNTY','Kirkcudbrightshire','KRCUD',NULL,'KRCUD',NULL,'2014-09-15 14:41:45','2014-09-15 14:41:45','2014-09-15 14:41:45','2014-09-15 14:41:45'),('GB-KRSS','COUNTY','Kinross-shire','KRSS',NULL,'KRSS',NULL,'2014-09-15 14:41:45','2014-09-15 14:41:45','2014-09-15 14:41:45','2014-09-15 14:41:45'),('GB-LANCS','COUNTY','Lancashire','LANCS',NULL,'LANCS',NULL,'2014-09-15 14:41:45','2014-09-15 14:41:45','2014-09-15 14:41:45','2014-09-15 14:41:45'),('GB-LIECS','COUNTY','Leicestershire','LIECS',NULL,'LIECS',NULL,'2014-09-15 14:41:45','2014-09-15 14:41:45','2014-09-15 14:41:45','2014-09-15 14:41:45'),('GB-LINCS','COUNTY','Lincolnshire','LINCS',NULL,'LINCS',NULL,'2014-09-15 14:41:45','2014-09-15 14:41:45','2014-09-15 14:41:45','2014-09-15 14:41:45'),('GB-LRKS','COUNTY','Lanarkshire','LRKS',NULL,'LRKS',NULL,'2014-09-15 14:41:45','2014-09-15 14:41:45','2014-09-15 14:41:45','2014-09-15 14:41:45'),('GB-MIENT','COUNTY','Merioneth/Meirionnydd','MIENT',NULL,'MIENT',NULL,'2014-09-15 14:41:45','2014-09-15 14:41:45','2014-09-15 14:41:45','2014-09-15 14:41:45'),('GB-MLOTH','COUNTY','Midlothian/Edinburghshire','MLOTH',NULL,'MLOTH',NULL,'2014-09-15 14:41:45','2014-09-15 14:41:45','2014-09-15 14:41:45','2014-09-15 14:41:45'),('GB-MMTH','COUNTY','Monmouthshire/Sir Fynwy','MMTH',NULL,'MMTH',NULL,'2014-09-15 14:41:45','2014-09-15 14:41:45','2014-09-15 14:41:45','2014-09-15 14:41:45'),('GB-MNTGS','COUNTY','Montgomeryshire/Sir Drefaldwyn','MNTGS',NULL,'MNTGS',NULL,'2014-09-15 14:41:45','2014-09-15 14:41:45','2014-09-15 14:41:45','2014-09-15 14:41:45'),('GB-MORAY','COUNTY','Morayshire','MORAY',NULL,'MORAY',NULL,'2014-09-15 14:41:45','2014-09-15 14:41:45','2014-09-15 14:41:45','2014-09-15 14:41:45'),('GB-MSEX','COUNTY','Middlesex','MSEX',NULL,'MSEX',NULL,'2014-09-15 14:41:45','2014-09-15 14:41:45','2014-09-15 14:41:45','2014-09-15 14:41:45'),('GB-NAIRN','COUNTY','Nairnshire','NAIRN',NULL,'NAIRN',NULL,'2014-09-15 14:41:45','2014-09-15 14:41:45','2014-09-15 14:41:45','2014-09-15 14:41:45'),('GB-NFLK','COUNTY','Norfolk','NFLK',NULL,'NFLK',NULL,'2014-09-15 14:41:45','2014-09-15 14:41:45','2014-09-15 14:41:45','2014-09-15 14:41:45'),('GB-NHANTS','COUNTY','Northamptonshire','NHANTS',NULL,'NHANTS',NULL,'2014-09-15 14:41:45','2014-09-15 14:41:45','2014-09-15 14:41:45','2014-09-15 14:41:45'),('GB-NHUMB','COUNTY','Northumberland','NHUMB',NULL,'NHUMB',NULL,'2014-09-15 14:41:45','2014-09-15 14:41:45','2014-09-15 14:41:45','2014-09-15 14:41:45'),('GB-NOTTS','COUNTY','Nottinghamshire','NOTTS',NULL,'NOTTS',NULL,'2014-09-15 14:41:45','2014-09-15 14:41:45','2014-09-15 14:41:45','2014-09-15 14:41:45'),('GB-ORK','COUNTY','Orkney','ORK',NULL,'ORK',NULL,'2014-09-15 14:41:45','2014-09-15 14:41:45','2014-09-15 14:41:45','2014-09-15 14:41:45'),('GB-OXFD','COUNTY','Oxfordshire','OXFD',NULL,'OXFD',NULL,'2014-09-15 14:41:45','2014-09-15 14:41:45','2014-09-15 14:41:45','2014-09-15 14:41:45'),('GB-PEEBS','COUNTY','Peeblesshire','PEEBS',NULL,'PEEBS',NULL,'2014-09-15 14:41:45','2014-09-15 14:41:45','2014-09-15 14:41:45','2014-09-15 14:41:45'),('GB-PERTH','COUNTY','Perthshire','PERTH',NULL,'PERTH',NULL,'2014-09-15 14:41:45','2014-09-15 14:41:45','2014-09-15 14:41:45','2014-09-15 14:41:45'),('GB-PMBRK','COUNTY','Pembrokeshire/Sir Benfro','PMBRK',NULL,'PMBRK',NULL,'2014-09-15 14:41:45','2014-09-15 14:41:45','2014-09-15 14:41:45','2014-09-15 14:41:45'),('GB-RNFR','COUNTY','Renfrewshire','RNFR',NULL,'RNFR',NULL,'2014-09-15 14:41:45','2014-09-15 14:41:45','2014-09-15 14:41:45','2014-09-15 14:41:45'),('GB-RNRS','COUNTY','Radnorshire/Sir Faesyfed','RNRS',NULL,'RNRS',NULL,'2014-09-15 14:41:45','2014-09-15 14:41:45','2014-09-15 14:41:45','2014-09-15 14:41:45'),('GB-ROSS','COUNTY','Ross-shire','ROSS',NULL,'ROSS',NULL,'2014-09-15 14:41:45','2014-09-15 14:41:45','2014-09-15 14:41:45','2014-09-15 14:41:45'),('GB-ROXB','COUNTY','Roxburghshire','ROXB',NULL,'ROXB',NULL,'2014-09-15 14:41:45','2014-09-15 14:41:45','2014-09-15 14:41:45','2014-09-15 14:41:45'),('GB-RUTL','COUNTY','Rutland','RUTL',NULL,'RUTL',NULL,'2014-09-15 14:41:45','2014-09-15 14:41:45','2014-09-15 14:41:45','2014-09-15 14:41:45'),('GB-SELKS','COUNTY','Selkirkshire','SELKS',NULL,'SELKS',NULL,'2014-09-15 14:41:45','2014-09-15 14:41:45','2014-09-15 14:41:45','2014-09-15 14:41:45'),('GB-SFFK','COUNTY','Suffolk','SFFK',NULL,'SFFK',NULL,'2014-09-15 14:41:45','2014-09-15 14:41:45','2014-09-15 14:41:45','2014-09-15 14:41:45'),('GB-SHET','COUNTY','Shetland','SHET',NULL,'SHET',NULL,'2014-09-15 14:41:45','2014-09-15 14:41:45','2014-09-15 14:41:45','2014-09-15 14:41:45'),('GB-SHROPS','COUNTY','Shropshire','SHROPS',NULL,'SHROPS',NULL,'2014-09-15 14:41:45','2014-09-15 14:41:45','2014-09-15 14:41:45','2014-09-15 14:41:45'),('GB-SOMST','COUNTY','Somerset','SOMST',NULL,'SOMST',NULL,'2014-09-15 14:41:45','2014-09-15 14:41:45','2014-09-15 14:41:45','2014-09-15 14:41:45'),('GB-STAFFS','COUNTY','Staffordshire','STAFFS',NULL,'STAFFS',NULL,'2014-09-15 14:41:45','2014-09-15 14:41:45','2014-09-15 14:41:45','2014-09-15 14:41:45'),('GB-STLNG','COUNTY','Stirlingshire','STLNG',NULL,'STLNG',NULL,'2014-09-15 14:41:45','2014-09-15 14:41:45','2014-09-15 14:41:45','2014-09-15 14:41:45'),('GB-SURR','COUNTY','Surrey','SURR',NULL,'SURR',NULL,'2014-09-15 14:41:45','2014-09-15 14:41:45','2014-09-15 14:41:45','2014-09-15 14:41:45'),('GB-SUSX','COUNTY','Sussex','SUSX',NULL,'SUSX',NULL,'2014-09-15 14:41:45','2014-09-15 14:41:45','2014-09-15 14:41:45','2014-09-15 14:41:45'),('GB-SUTH','COUNTY','Sutherland','SUTH',NULL,'SUTH',NULL,'2014-09-15 14:41:45','2014-09-15 14:41:45','2014-09-15 14:41:45','2014-09-15 14:41:45'),('GB-WGNSH','COUNTY','Wigtownshire','WGNSH',NULL,'WGNSH',NULL,'2014-09-15 14:41:45','2014-09-15 14:41:45','2014-09-15 14:41:45','2014-09-15 14:41:45'),('GB-WILTS','COUNTY','Wiltshire','WILTS',NULL,'WILTS',NULL,'2014-09-15 14:41:45','2014-09-15 14:41:45','2014-09-15 14:41:45','2014-09-15 14:41:45'),('GB-WLOTH','COUNTY','West Lothian/Linlithgowshire','WLOTH',NULL,'WLOTH',NULL,'2014-09-15 14:41:45','2014-09-15 14:41:45','2014-09-15 14:41:45','2014-09-15 14:41:45'),('GB-WMLD','COUNTY','Westmorland','WMLD',NULL,'WMLD',NULL,'2014-09-15 14:41:45','2014-09-15 14:41:45','2014-09-15 14:41:45','2014-09-15 14:41:45'),('GB-WORCS','COUNTY','Worcestershire','WORCS',NULL,'WORCS',NULL,'2014-09-15 14:41:45','2014-09-15 14:41:45','2014-09-15 14:41:45','2014-09-15 14:41:45'),('GB-WWKS','COUNTY','Warwickshire','WWKS',NULL,'WWKS',NULL,'2014-09-15 14:41:45','2014-09-15 14:41:45','2014-09-15 14:41:45','2014-09-15 14:41:45'),('GB-YORKS','COUNTY','Yorkshire','YORKS',NULL,'YORKS',NULL,'2014-09-15 14:41:45','2014-09-15 14:41:45','2014-09-15 14:41:45','2014-09-15 14:41:45'),('GBR','COUNTRY','United Kingdom','GB','826','GBR',NULL,'2014-09-15 14:41:38','2014-09-15 14:41:37','2014-09-15 14:41:38','2014-09-15 14:41:37'),('GEO','COUNTRY','Georgia','GE','268','GEO',NULL,'2014-09-15 14:41:37','2014-09-15 14:41:37','2014-09-15 14:41:37','2014-09-15 14:41:37'),('GGY','COUNTRY','Guernsey','GG','831','GGY',NULL,'2014-09-15 14:41:37','2014-09-15 14:41:37','2014-09-15 14:41:37','2014-09-15 14:41:37'),('GHA','COUNTRY','Ghana','GH','288','GHA',NULL,'2014-09-15 14:41:37','2014-09-15 14:41:37','2014-09-15 14:41:37','2014-09-15 14:41:37'),('GIB','COUNTRY','Gibraltar','GI','292','GIB',NULL,'2014-09-15 14:41:37','2014-09-15 14:41:37','2014-09-15 14:41:37','2014-09-15 14:41:37'),('GIN','COUNTRY','Guinea','GN','324','GIN',NULL,'2014-09-15 14:41:37','2014-09-15 14:41:37','2014-09-15 14:41:37','2014-09-15 14:41:37'),('GLP','COUNTRY','Guadeloupe','GP','312','GLP',NULL,'2014-09-15 14:41:37','2014-09-15 14:41:37','2014-09-15 14:41:37','2014-09-15 14:41:37'),('GMB','COUNTRY','Gambia','GM','270','GMB',NULL,'2014-09-15 14:41:37','2014-09-15 14:41:37','2014-09-15 14:41:37','2014-09-15 14:41:37'),('GNB','COUNTRY','Guinea-bissau','GW','624','GNB',NULL,'2014-09-15 14:41:37','2014-09-15 14:41:37','2014-09-15 14:41:37','2014-09-15 14:41:37'),('GNQ','COUNTRY','Equatorial Guinea','GQ','226','GNQ',NULL,'2014-09-15 14:41:37','2014-09-15 14:41:37','2014-09-15 14:41:37','2014-09-15 14:41:37'),('GRC','COUNTRY','Greece','GR','300','GRC',NULL,'2014-09-15 14:41:37','2014-09-15 14:41:37','2014-09-15 14:41:37','2014-09-15 14:41:37'),('GRD','COUNTRY','Grenada','GD','308','GRD',NULL,'2014-09-15 14:41:37','2014-09-15 14:41:37','2014-09-15 14:41:37','2014-09-15 14:41:37'),('GRL','COUNTRY','Greenland','GL','304','GRL',NULL,'2014-09-15 14:41:37','2014-09-15 14:41:37','2014-09-15 14:41:37','2014-09-15 14:41:37'),('GTM','COUNTRY','Guatemala','GT','320','GTM',NULL,'2014-09-15 14:41:37','2014-09-15 14:41:37','2014-09-15 14:41:37','2014-09-15 14:41:37'),('GU','STATE','Guam','GU',NULL,'GU',NULL,'2014-09-15 14:41:45','2014-09-15 14:41:45','2014-09-15 14:41:45','2014-09-15 14:41:45'),('GUF','COUNTRY','French Guiana','GF','254','GUF',NULL,'2014-09-15 14:41:37','2014-09-15 14:41:37','2014-09-15 14:41:37','2014-09-15 14:41:37'),('GUM','COUNTRY','Guam','GU','316','GUM',NULL,'2014-09-15 14:41:37','2014-09-15 14:41:37','2014-09-15 14:41:37','2014-09-15 14:41:37'),('GUY','COUNTRY','Guyana','GY','328','GUY',NULL,'2014-09-15 14:41:37','2014-09-15 14:41:37','2014-09-15 14:41:37','2014-09-15 14:41:37'),('HI','STATE','Hawaii','HI',NULL,'HI',NULL,'2014-09-15 14:41:45','2014-09-15 14:41:45','2014-09-15 14:41:45','2014-09-15 14:41:45'),('HKG','COUNTRY','Hong Kong','HK','344','HKG',NULL,'2014-09-15 14:41:37','2014-09-15 14:41:37','2014-09-15 14:41:37','2014-09-15 14:41:37'),('HMD','COUNTRY','Heard And Mc Donald Islands','HM','334','HMD',NULL,'2014-09-15 14:41:37','2014-09-15 14:41:37','2014-09-15 14:41:37','2014-09-15 14:41:37'),('HND','COUNTRY','Honduras','HN','340','HND',NULL,'2014-09-15 14:41:37','2014-09-15 14:41:37','2014-09-15 14:41:37','2014-09-15 14:41:37'),('HRV','COUNTRY','Croatia (local Name: Hrvatska)','HR','191','HRV',NULL,'2014-09-15 14:41:37','2014-09-15 14:41:37','2014-09-15 14:41:37','2014-09-15 14:41:37'),('HTI','COUNTRY','Haiti','HT','332','HTI',NULL,'2014-09-15 14:41:37','2014-09-15 14:41:37','2014-09-15 14:41:37','2014-09-15 14:41:37'),('HUN','COUNTRY','Hungary','HU','348','HUN',NULL,'2014-09-15 14:41:37','2014-09-15 14:41:37','2014-09-15 14:41:37','2014-09-15 14:41:37'),('IA','STATE','Iowa','IA',NULL,'IA',NULL,'2014-09-15 14:41:45','2014-09-15 14:41:45','2014-09-15 14:41:45','2014-09-15 14:41:45'),('ID','STATE','Idaho','ID',NULL,'ID',NULL,'2014-09-15 14:41:45','2014-09-15 14:41:45','2014-09-15 14:41:45','2014-09-15 14:41:45'),('IDN','COUNTRY','Indonesia','ID','360','IDN',NULL,'2014-09-15 14:41:37','2014-09-15 14:41:37','2014-09-15 14:41:37','2014-09-15 14:41:37'),('IE-CAVN','COUNTY','Cavan','CAVN',NULL,'CAVN',NULL,'2014-09-15 14:41:43','2014-09-15 14:41:43','2014-09-15 14:41:43','2014-09-15 14:41:43'),('IE-CLARE','COUNTY','Clare','CLARE',NULL,'CLARE',NULL,'2014-09-15 14:41:43','2014-09-15 14:41:43','2014-09-15 14:41:43','2014-09-15 14:41:43'),('IE-CORK','COUNTY','Cork','CORK',NULL,'CORK',NULL,'2014-09-15 14:41:43','2014-09-15 14:41:43','2014-09-15 14:41:43','2014-09-15 14:41:43'),('IE-CRLW','COUNTY','Carlow','CRLW',NULL,'CRLW',NULL,'2014-09-15 14:41:43','2014-09-15 14:41:43','2014-09-15 14:41:43','2014-09-15 14:41:43'),('IE-DBLN','COUNTY','Dublin','DBLN',NULL,'DBLN',NULL,'2014-09-15 14:41:43','2014-09-15 14:41:43','2014-09-15 14:41:43','2014-09-15 14:41:43'),('IE-DNGL','COUNTY','Donegal','DNGL',NULL,'DNGL',NULL,'2014-09-15 14:41:43','2014-09-15 14:41:43','2014-09-15 14:41:43','2014-09-15 14:41:43'),('IE-GALW','COUNTY','Galway','GALW',NULL,'GALW',NULL,'2014-09-15 14:41:43','2014-09-15 14:41:43','2014-09-15 14:41:43','2014-09-15 14:41:43'),('IE-KERRY','COUNTY','Kerry','KERRY',NULL,'KERRY',NULL,'2014-09-15 14:41:43','2014-09-15 14:41:43','2014-09-15 14:41:43','2014-09-15 14:41:43'),('IE-KLDR','COUNTY','Kildare','KLDR',NULL,'KLDR',NULL,'2014-09-15 14:41:43','2014-09-15 14:41:43','2014-09-15 14:41:43','2014-09-15 14:41:43'),('IE-KLKNY','COUNTY','Kilkenny','KLKNY',NULL,'KLKNY',NULL,'2014-09-15 14:41:43','2014-09-15 14:41:43','2014-09-15 14:41:43','2014-09-15 14:41:43'),('IE-LAOIS','COUNTY','Laois','LAOIS',NULL,'LAOIS',NULL,'2014-09-15 14:41:43','2014-09-15 14:41:43','2014-09-15 14:41:43','2014-09-15 14:41:43'),('IE-LGFD','COUNTY','Longford','LGFD',NULL,'LGFD',NULL,'2014-09-15 14:41:43','2014-09-15 14:41:43','2014-09-15 14:41:43','2014-09-15 14:41:43'),('IE-LMRK','COUNTY','Limerick','LMRK',NULL,'LMRK',NULL,'2014-09-15 14:41:43','2014-09-15 14:41:43','2014-09-15 14:41:43','2014-09-15 14:41:43'),('IE-LOUTH','COUNTY','Louth','LOUTH',NULL,'LOUTH',NULL,'2014-09-15 14:41:43','2014-09-15 14:41:43','2014-09-15 14:41:43','2014-09-15 14:41:43'),('IE-LTRM','COUNTY','Leitrim','LTRM',NULL,'LTRM',NULL,'2014-09-15 14:41:43','2014-09-15 14:41:43','2014-09-15 14:41:43','2014-09-15 14:41:43'),('IE-MAYO','COUNTY','Mayo','MAYO',NULL,'MAYO',NULL,'2014-09-15 14:41:43','2014-09-15 14:41:43','2014-09-15 14:41:43','2014-09-15 14:41:43'),('IE-MEATH','COUNTY','Meath','MEATH',NULL,'MEATH',NULL,'2014-09-15 14:41:43','2014-09-15 14:41:43','2014-09-15 14:41:43','2014-09-15 14:41:43'),('IE-MNGHN','COUNTY','Monaghan','MNGHN',NULL,'MNGHN',NULL,'2014-09-15 14:41:43','2014-09-15 14:41:43','2014-09-15 14:41:43','2014-09-15 14:41:43'),('IE-OFLY','COUNTY','Offaly','OFLY',NULL,'OFLY',NULL,'2014-09-15 14:41:43','2014-09-15 14:41:43','2014-09-15 14:41:43','2014-09-15 14:41:43'),('IE-RSCMN','COUNTY','Roscommon','RSCMN',NULL,'RSCMN',NULL,'2014-09-15 14:41:43','2014-09-15 14:41:43','2014-09-15 14:41:43','2014-09-15 14:41:43'),('IE-SLIGO','COUNTY','Sligo','SLIGO',NULL,'SLIGO',NULL,'2014-09-15 14:41:43','2014-09-15 14:41:43','2014-09-15 14:41:43','2014-09-15 14:41:43'),('IE-TPRY','COUNTY','Tipperary','TPRY',NULL,'TPRY',NULL,'2014-09-15 14:41:43','2014-09-15 14:41:43','2014-09-15 14:41:43','2014-09-15 14:41:43'),('IE-WKLW','COUNTY','Wicklow','WKLW',NULL,'WKLW',NULL,'2014-09-15 14:41:43','2014-09-15 14:41:43','2014-09-15 14:41:43','2014-09-15 14:41:43'),('IE-WMETH','COUNTY','West Meath','WMETH',NULL,'WMETH',NULL,'2014-09-15 14:41:43','2014-09-15 14:41:43','2014-09-15 14:41:43','2014-09-15 14:41:43'),('IE-WTFD','COUNTY','Waterford','WTFD',NULL,'WTFD',NULL,'2014-09-15 14:41:43','2014-09-15 14:41:43','2014-09-15 14:41:43','2014-09-15 14:41:43'),('IE-WXFD','COUNTY','Wexford','WXFD',NULL,'WXFD',NULL,'2014-09-15 14:41:43','2014-09-15 14:41:43','2014-09-15 14:41:43','2014-09-15 14:41:43'),('IL','STATE','Illinois','IL',NULL,'IL',NULL,'2014-09-15 14:41:45','2014-09-15 14:41:45','2014-09-15 14:41:45','2014-09-15 14:41:45'),('IN','STATE','Indiana','IN',NULL,'IN',NULL,'2014-09-15 14:41:45','2014-09-15 14:41:45','2014-09-15 14:41:45','2014-09-15 14:41:45'),('IN-AN','STATE','ANDAMAN AND NICOBAR','AN',NULL,'AN',NULL,'2014-09-15 14:41:43','2014-09-15 14:41:43','2014-09-15 14:41:43','2014-09-15 14:41:43'),('IN-AP','STATE','ANDHRA PRADESH','AP',NULL,'AP',NULL,'2014-09-15 14:41:43','2014-09-15 14:41:43','2014-09-15 14:41:43','2014-09-15 14:41:43'),('IN-AR','STATE','ARUNACHAL PRADESH','AR',NULL,'AR',NULL,'2014-09-15 14:41:43','2014-09-15 14:41:43','2014-09-15 14:41:43','2014-09-15 14:41:43'),('IN-AS','STATE','ASSAM','AS',NULL,'AS',NULL,'2014-09-15 14:41:43','2014-09-15 14:41:43','2014-09-15 14:41:43','2014-09-15 14:41:43'),('IN-BR','STATE','BIHAR','BR',NULL,'BR',NULL,'2014-09-15 14:41:43','2014-09-15 14:41:43','2014-09-15 14:41:43','2014-09-15 14:41:43'),('IN-CH','STATE','CHANDIGARH','CH',NULL,'CH',NULL,'2014-09-15 14:41:43','2014-09-15 14:41:43','2014-09-15 14:41:43','2014-09-15 14:41:43'),('IN-CT','STATE','CHHATTISGARH','CT',NULL,'CT',NULL,'2014-09-15 14:41:43','2014-09-15 14:41:43','2014-09-15 14:41:43','2014-09-15 14:41:43'),('IN-DD','STATE','DAMAN AND DIU','DD',NULL,'DD',NULL,'2014-09-15 14:41:43','2014-09-15 14:41:43','2014-09-15 14:41:43','2014-09-15 14:41:43'),('IN-DN','STATE','DADRA AND NAGER HAVELI','DN',NULL,'DN',NULL,'2014-09-15 14:41:43','2014-09-15 14:41:43','2014-09-15 14:41:43','2014-09-15 14:41:43'),('IN-GA','STATE','GOA','GA',NULL,'GA',NULL,'2014-09-15 14:41:43','2014-09-15 14:41:43','2014-09-15 14:41:43','2014-09-15 14:41:43'),('IN-GJ','STATE','GUJARAT','GJ',NULL,'GJ',NULL,'2014-09-15 14:41:43','2014-09-15 14:41:43','2014-09-15 14:41:43','2014-09-15 14:41:43'),('IN-HP','STATE','HIMACHAL PRADESH','HP',NULL,'HP',NULL,'2014-09-15 14:41:43','2014-09-15 14:41:43','2014-09-15 14:41:43','2014-09-15 14:41:43'),('IN-HR','STATE','HARYANA','HR',NULL,'HR',NULL,'2014-09-15 14:41:43','2014-09-15 14:41:43','2014-09-15 14:41:43','2014-09-15 14:41:43'),('IN-JH','STATE','JHARKHAND','JH',NULL,'JH',NULL,'2014-09-15 14:41:43','2014-09-15 14:41:43','2014-09-15 14:41:43','2014-09-15 14:41:43'),('IN-JK','STATE','JAMMU AND KASHMIR','JK',NULL,'JK',NULL,'2014-09-15 14:41:43','2014-09-15 14:41:43','2014-09-15 14:41:43','2014-09-15 14:41:43'),('IN-KA','STATE','KARNATAKA','KA',NULL,'KA',NULL,'2014-09-15 14:41:43','2014-09-15 14:41:43','2014-09-15 14:41:43','2014-09-15 14:41:43'),('IN-KL','STATE','KERALA','KL',NULL,'KL',NULL,'2014-09-15 14:41:43','2014-09-15 14:41:43','2014-09-15 14:41:43','2014-09-15 14:41:43'),('IN-LD','STATE','LAKSHADWEEP','LD',NULL,'LD',NULL,'2014-09-15 14:41:43','2014-09-15 14:41:43','2014-09-15 14:41:43','2014-09-15 14:41:43'),('IN-MH','STATE','MAHARASHTRA','MH',NULL,'MH',NULL,'2014-09-15 14:41:43','2014-09-15 14:41:43','2014-09-15 14:41:43','2014-09-15 14:41:43'),('IN-ML','STATE','MEGHALAYA','ML',NULL,'ML',NULL,'2014-09-15 14:41:43','2014-09-15 14:41:43','2014-09-15 14:41:43','2014-09-15 14:41:43'),('IN-MN','STATE','MANIPUR','MN',NULL,'MN',NULL,'2014-09-15 14:41:43','2014-09-15 14:41:43','2014-09-15 14:41:43','2014-09-15 14:41:43'),('IN-MP','STATE','MADHYA PRADESH','MP',NULL,'MP',NULL,'2014-09-15 14:41:43','2014-09-15 14:41:43','2014-09-15 14:41:43','2014-09-15 14:41:43'),('IN-MZ','STATE','MIZORAM','MZ',NULL,'MZ',NULL,'2014-09-15 14:41:43','2014-09-15 14:41:43','2014-09-15 14:41:43','2014-09-15 14:41:43'),('IN-ND','STATE','NEW DELHI','ND',NULL,'ND',NULL,'2014-09-15 14:41:43','2014-09-15 14:41:43','2014-09-15 14:41:43','2014-09-15 14:41:43'),('IN-NL','STATE','NAGALAND','NL',NULL,'NL',NULL,'2014-09-15 14:41:43','2014-09-15 14:41:43','2014-09-15 14:41:43','2014-09-15 14:41:43'),('IN-OD','STATE','ODISHA','OD',NULL,'OD',NULL,'2014-09-15 14:41:43','2014-09-15 14:41:43','2014-09-15 14:41:43','2014-09-15 14:41:43'),('IN-OR','STATE','ORISSA','OR',NULL,'OR',NULL,'2014-09-15 14:41:43','2014-09-15 14:41:43','2014-09-15 14:41:43','2014-09-15 14:41:43'),('IN-PB','STATE','PUNJAB','PB',NULL,'PB',NULL,'2014-09-15 14:41:43','2014-09-15 14:41:43','2014-09-15 14:41:43','2014-09-15 14:41:43'),('IN-PU','STATE','PUDUCHERRY','PU',NULL,'PU',NULL,'2014-09-15 14:41:43','2014-09-15 14:41:43','2014-09-15 14:41:43','2014-09-15 14:41:43'),('IN-PY','STATE','PONDICHERRY','PY',NULL,'PY',NULL,'2014-09-15 14:41:43','2014-09-15 14:41:43','2014-09-15 14:41:43','2014-09-15 14:41:43'),('IN-RJ','STATE','RAJASTHAN','RJ',NULL,'RJ',NULL,'2014-09-15 14:41:43','2014-09-15 14:41:43','2014-09-15 14:41:43','2014-09-15 14:41:43'),('IN-SK','STATE','SIKKIM','SK',NULL,'SK',NULL,'2014-09-15 14:41:43','2014-09-15 14:41:43','2014-09-15 14:41:43','2014-09-15 14:41:43'),('IN-TN','STATE','TAMIL NADU','TN',NULL,'TN',NULL,'2014-09-15 14:41:43','2014-09-15 14:41:43','2014-09-15 14:41:43','2014-09-15 14:41:43'),('IN-TR','STATE','TRIPURA','TR',NULL,'TR',NULL,'2014-09-15 14:41:43','2014-09-15 14:41:43','2014-09-15 14:41:43','2014-09-15 14:41:43'),('IN-UK','STATE','UTTARAKHAND','UK',NULL,'UK',NULL,'2014-09-15 14:41:43','2014-09-15 14:41:43','2014-09-15 14:41:43','2014-09-15 14:41:43'),('IN-UP','STATE','UTTAR PRADESH','UP',NULL,'UP',NULL,'2014-09-15 14:41:43','2014-09-15 14:41:43','2014-09-15 14:41:43','2014-09-15 14:41:43'),('IN-UT','STATE','UTTARANCHAL','UT',NULL,'UT',NULL,'2014-09-15 14:41:43','2014-09-15 14:41:43','2014-09-15 14:41:43','2014-09-15 14:41:43'),('IN-WB','STATE','WEST BENGAL','WB',NULL,'WB',NULL,'2014-09-15 14:41:43','2014-09-15 14:41:43','2014-09-15 14:41:43','2014-09-15 14:41:43'),('IND','COUNTRY','India','IN','356','IND',NULL,'2014-09-15 14:41:37','2014-09-15 14:41:37','2014-09-15 14:41:37','2014-09-15 14:41:37'),('IOT','COUNTRY','British Indian Ocean Territory','IO','086','IOT',NULL,'2014-09-15 14:41:37','2014-09-15 14:41:37','2014-09-15 14:41:37','2014-09-15 14:41:37'),('IRL','COUNTRY','Ireland','IE','372','IRL',NULL,'2014-09-15 14:41:37','2014-09-15 14:41:37','2014-09-15 14:41:37','2014-09-15 14:41:37'),('IRN','COUNTRY','Iran (islamic Republic Of)','IR','364','IRN',NULL,'2014-09-15 14:41:37','2014-09-15 14:41:37','2014-09-15 14:41:37','2014-09-15 14:41:37'),('IRQ','COUNTRY','Iraq','IQ','368','IRQ',NULL,'2014-09-15 14:41:37','2014-09-15 14:41:37','2014-09-15 14:41:37','2014-09-15 14:41:37'),('ISL','COUNTRY','Iceland','IS','352','ISL',NULL,'2014-09-15 14:41:37','2014-09-15 14:41:37','2014-09-15 14:41:37','2014-09-15 14:41:37'),('ISR','COUNTRY','Israel','IL','376','ISR',NULL,'2014-09-15 14:41:37','2014-09-15 14:41:37','2014-09-15 14:41:37','2014-09-15 14:41:37'),('IT-AG','PROVINCE','Agrigento','AG',NULL,'AG',NULL,'2014-09-15 14:41:43','2014-09-15 14:41:43','2014-09-15 14:41:43','2014-09-15 14:41:43'),('IT-AL','PROVINCE','Alessandria','AL',NULL,'AL',NULL,'2014-09-15 14:41:43','2014-09-15 14:41:43','2014-09-15 14:41:43','2014-09-15 14:41:43'),('IT-AN','PROVINCE','Ancona','AN',NULL,'AN',NULL,'2014-09-15 14:41:43','2014-09-15 14:41:43','2014-09-15 14:41:43','2014-09-15 14:41:43'),('IT-AO','PROVINCE','Aosta','AO',NULL,'AO',NULL,'2014-09-15 14:41:43','2014-09-15 14:41:43','2014-09-15 14:41:43','2014-09-15 14:41:43'),('IT-AP','PROVINCE','Ascoli Piceno','AP',NULL,'AP',NULL,'2014-09-15 14:41:43','2014-09-15 14:41:43','2014-09-15 14:41:43','2014-09-15 14:41:43'),('IT-AQ','PROVINCE','L\'Aquila','AQ',NULL,'AQ',NULL,'2014-09-15 14:41:43','2014-09-15 14:41:43','2014-09-15 14:41:43','2014-09-15 14:41:43'),('IT-AR','PROVINCE','Arezzo','AR',NULL,'AR',NULL,'2014-09-15 14:41:43','2014-09-15 14:41:43','2014-09-15 14:41:43','2014-09-15 14:41:43'),('IT-AT','PROVINCE','Asti','AT',NULL,'AT',NULL,'2014-09-15 14:41:43','2014-09-15 14:41:43','2014-09-15 14:41:43','2014-09-15 14:41:43'),('IT-AV','PROVINCE','Avellino','AV',NULL,'AV',NULL,'2014-09-15 14:41:43','2014-09-15 14:41:43','2014-09-15 14:41:43','2014-09-15 14:41:43'),('IT-BA','PROVINCE','Bari','BA',NULL,'BA',NULL,'2014-09-15 14:41:43','2014-09-15 14:41:43','2014-09-15 14:41:43','2014-09-15 14:41:43'),('IT-BG','PROVINCE','Bergamo','BG',NULL,'BG',NULL,'2014-09-15 14:41:43','2014-09-15 14:41:43','2014-09-15 14:41:43','2014-09-15 14:41:43'),('IT-BI','PROVINCE','Biella','BI',NULL,'BI',NULL,'2014-09-15 14:41:43','2014-09-15 14:41:43','2014-09-15 14:41:43','2014-09-15 14:41:43'),('IT-BL','PROVINCE','Belluno','BL',NULL,'BL',NULL,'2014-09-15 14:41:43','2014-09-15 14:41:43','2014-09-15 14:41:43','2014-09-15 14:41:43'),('IT-BN','PROVINCE','Benevento','BN',NULL,'BN',NULL,'2014-09-15 14:41:43','2014-09-15 14:41:43','2014-09-15 14:41:43','2014-09-15 14:41:43'),('IT-BO','PROVINCE','Bologna','BO',NULL,'BO',NULL,'2014-09-15 14:41:43','2014-09-15 14:41:43','2014-09-15 14:41:43','2014-09-15 14:41:43'),('IT-BR','PROVINCE','Brindisi','BR',NULL,'BR',NULL,'2014-09-15 14:41:43','2014-09-15 14:41:43','2014-09-15 14:41:43','2014-09-15 14:41:43'),('IT-BS','PROVINCE','Brescia','BS',NULL,'BS',NULL,'2014-09-15 14:41:43','2014-09-15 14:41:43','2014-09-15 14:41:43','2014-09-15 14:41:43'),('IT-BT','PROVINCE','Barletta-Andria-Trani','BT',NULL,'BT',NULL,'2014-09-15 14:41:43','2014-09-15 14:41:43','2014-09-15 14:41:43','2014-09-15 14:41:43'),('IT-BZ','PROVINCE','Bolzano','BZ',NULL,'BZ',NULL,'2014-09-15 14:41:43','2014-09-15 14:41:43','2014-09-15 14:41:43','2014-09-15 14:41:43'),('IT-CA','PROVINCE','Cagliari','CA',NULL,'CA',NULL,'2014-09-15 14:41:43','2014-09-15 14:41:43','2014-09-15 14:41:43','2014-09-15 14:41:43'),('IT-CB','PROVINCE','Campobasso','CB',NULL,'CB',NULL,'2014-09-15 14:41:43','2014-09-15 14:41:43','2014-09-15 14:41:43','2014-09-15 14:41:43'),('IT-CE','PROVINCE','Caserta','CE',NULL,'CE',NULL,'2014-09-15 14:41:43','2014-09-15 14:41:43','2014-09-15 14:41:43','2014-09-15 14:41:43'),('IT-CH','PROVINCE','Chieti','CH',NULL,'CH',NULL,'2014-09-15 14:41:43','2014-09-15 14:41:43','2014-09-15 14:41:43','2014-09-15 14:41:43'),('IT-CI','PROVINCE','Carbonia-Iglesias','CI',NULL,'CI',NULL,'2014-09-15 14:41:43','2014-09-15 14:41:43','2014-09-15 14:41:43','2014-09-15 14:41:43'),('IT-CL','PROVINCE','Caltanissetta','CL',NULL,'CL',NULL,'2014-09-15 14:41:43','2014-09-15 14:41:43','2014-09-15 14:41:43','2014-09-15 14:41:43'),('IT-CN','PROVINCE','Cuneo','CN',NULL,'CN',NULL,'2014-09-15 14:41:43','2014-09-15 14:41:43','2014-09-15 14:41:43','2014-09-15 14:41:43'),('IT-CO','PROVINCE','Como','CO',NULL,'CO',NULL,'2014-09-15 14:41:43','2014-09-15 14:41:43','2014-09-15 14:41:43','2014-09-15 14:41:43'),('IT-CR','PROVINCE','Cremona','CR',NULL,'CR',NULL,'2014-09-15 14:41:43','2014-09-15 14:41:43','2014-09-15 14:41:43','2014-09-15 14:41:43'),('IT-CS','PROVINCE','Cosenza','CS',NULL,'CS',NULL,'2014-09-15 14:41:43','2014-09-15 14:41:43','2014-09-15 14:41:43','2014-09-15 14:41:43'),('IT-CT','PROVINCE','Catania','CT',NULL,'CT',NULL,'2014-09-15 14:41:43','2014-09-15 14:41:43','2014-09-15 14:41:43','2014-09-15 14:41:43'),('IT-CZ','PROVINCE','Catanzaro','CZ',NULL,'CZ',NULL,'2014-09-15 14:41:43','2014-09-15 14:41:43','2014-09-15 14:41:43','2014-09-15 14:41:43'),('IT-EN','PROVINCE','Enna','EN',NULL,'EN',NULL,'2014-09-15 14:41:43','2014-09-15 14:41:43','2014-09-15 14:41:43','2014-09-15 14:41:43'),('IT-FC','PROVINCE','Forli\'-Cesena','FC',NULL,'FC',NULL,'2014-09-15 14:41:43','2014-09-15 14:41:43','2014-09-15 14:41:43','2014-09-15 14:41:43'),('IT-FE','PROVINCE','Ferrara','FE',NULL,'FE',NULL,'2014-09-15 14:41:43','2014-09-15 14:41:43','2014-09-15 14:41:43','2014-09-15 14:41:43'),('IT-FG','PROVINCE','Foggia','FG',NULL,'FG',NULL,'2014-09-15 14:41:43','2014-09-15 14:41:43','2014-09-15 14:41:43','2014-09-15 14:41:43'),('IT-FI','PROVINCE','Firenze','FI',NULL,'FI',NULL,'2014-09-15 14:41:43','2014-09-15 14:41:43','2014-09-15 14:41:43','2014-09-15 14:41:43'),('IT-FM','PROVINCE','Fermo','FM',NULL,'FM',NULL,'2014-09-15 14:41:43','2014-09-15 14:41:43','2014-09-15 14:41:43','2014-09-15 14:41:43'),('IT-FR','PROVINCE','Frosinone','FR',NULL,'FR',NULL,'2014-09-15 14:41:43','2014-09-15 14:41:43','2014-09-15 14:41:43','2014-09-15 14:41:43'),('IT-GE','PROVINCE','Genova','GE',NULL,'GE',NULL,'2014-09-15 14:41:43','2014-09-15 14:41:43','2014-09-15 14:41:43','2014-09-15 14:41:43'),('IT-GO','PROVINCE','Gorizia','GO',NULL,'GO',NULL,'2014-09-15 14:41:43','2014-09-15 14:41:43','2014-09-15 14:41:43','2014-09-15 14:41:43'),('IT-GR','PROVINCE','Grosseto','GR',NULL,'GR',NULL,'2014-09-15 14:41:43','2014-09-15 14:41:43','2014-09-15 14:41:43','2014-09-15 14:41:43'),('IT-IM','PROVINCE','Imperia','IM',NULL,'IM',NULL,'2014-09-15 14:41:43','2014-09-15 14:41:43','2014-09-15 14:41:43','2014-09-15 14:41:43'),('IT-IS','PROVINCE','Isernia','IS',NULL,'IS',NULL,'2014-09-15 14:41:43','2014-09-15 14:41:43','2014-09-15 14:41:43','2014-09-15 14:41:43'),('IT-KR','PROVINCE','Crotone','KR',NULL,'KR',NULL,'2014-09-15 14:41:43','2014-09-15 14:41:43','2014-09-15 14:41:43','2014-09-15 14:41:43'),('IT-LC','PROVINCE','Lecco','LC',NULL,'LC',NULL,'2014-09-15 14:41:43','2014-09-15 14:41:43','2014-09-15 14:41:43','2014-09-15 14:41:43'),('IT-LE','PROVINCE','Lecce','LE',NULL,'LE',NULL,'2014-09-15 14:41:43','2014-09-15 14:41:43','2014-09-15 14:41:43','2014-09-15 14:41:43'),('IT-LI','PROVINCE','Livorno','LI',NULL,'LI',NULL,'2014-09-15 14:41:43','2014-09-15 14:41:43','2014-09-15 14:41:43','2014-09-15 14:41:43'),('IT-LO','PROVINCE','Lodi','LO',NULL,'LO',NULL,'2014-09-15 14:41:43','2014-09-15 14:41:43','2014-09-15 14:41:43','2014-09-15 14:41:43'),('IT-LT','PROVINCE','Latina','LT',NULL,'LT',NULL,'2014-09-15 14:41:43','2014-09-15 14:41:43','2014-09-15 14:41:43','2014-09-15 14:41:43'),('IT-LU','PROVINCE','Lucca','LU',NULL,'LU',NULL,'2014-09-15 14:41:43','2014-09-15 14:41:43','2014-09-15 14:41:43','2014-09-15 14:41:43'),('IT-MB','PROVINCE','Monza e Brianza','MB',NULL,'MB',NULL,'2014-09-15 14:41:43','2014-09-15 14:41:43','2014-09-15 14:41:43','2014-09-15 14:41:43'),('IT-MC','PROVINCE','Macerata','MC',NULL,'MC',NULL,'2014-09-15 14:41:43','2014-09-15 14:41:43','2014-09-15 14:41:43','2014-09-15 14:41:43'),('IT-ME','PROVINCE','Messina','ME',NULL,'ME',NULL,'2014-09-15 14:41:43','2014-09-15 14:41:43','2014-09-15 14:41:43','2014-09-15 14:41:43'),('IT-MI','PROVINCE','Milano','MI',NULL,'MI',NULL,'2014-09-15 14:41:43','2014-09-15 14:41:43','2014-09-15 14:41:43','2014-09-15 14:41:43'),('IT-MN','PROVINCE','Mantova','MN',NULL,'MN',NULL,'2014-09-15 14:41:43','2014-09-15 14:41:43','2014-09-15 14:41:43','2014-09-15 14:41:43'),('IT-MO','PROVINCE','Modena','MO',NULL,'MO',NULL,'2014-09-15 14:41:43','2014-09-15 14:41:43','2014-09-15 14:41:43','2014-09-15 14:41:43'),('IT-MS','PROVINCE','Massa-Carrara','MS',NULL,'MS',NULL,'2014-09-15 14:41:43','2014-09-15 14:41:43','2014-09-15 14:41:43','2014-09-15 14:41:43'),('IT-MT','PROVINCE','Matera','MT',NULL,'MT',NULL,'2014-09-15 14:41:43','2014-09-15 14:41:43','2014-09-15 14:41:43','2014-09-15 14:41:43'),('IT-NA','PROVINCE','Napoli','NA',NULL,'NA',NULL,'2014-09-15 14:41:43','2014-09-15 14:41:43','2014-09-15 14:41:43','2014-09-15 14:41:43'),('IT-NO','PROVINCE','Novara','NO',NULL,'NO',NULL,'2014-09-15 14:41:43','2014-09-15 14:41:43','2014-09-15 14:41:43','2014-09-15 14:41:43'),('IT-NU','PROVINCE','Nuoro','NU',NULL,'NU',NULL,'2014-09-15 14:41:43','2014-09-15 14:41:43','2014-09-15 14:41:43','2014-09-15 14:41:43'),('IT-OG','PROVINCE','Ogliastra','OG',NULL,'OG',NULL,'2014-09-15 14:41:43','2014-09-15 14:41:43','2014-09-15 14:41:43','2014-09-15 14:41:43'),('IT-OR','PROVINCE','Oristano','OR',NULL,'OR',NULL,'2014-09-15 14:41:43','2014-09-15 14:41:43','2014-09-15 14:41:43','2014-09-15 14:41:43'),('IT-OT','PROVINCE','Olbia-Tempio','OT',NULL,'OT',NULL,'2014-09-15 14:41:43','2014-09-15 14:41:43','2014-09-15 14:41:43','2014-09-15 14:41:43'),('IT-PA','PROVINCE','Palermo','PA',NULL,'PA',NULL,'2014-09-15 14:41:43','2014-09-15 14:41:43','2014-09-15 14:41:43','2014-09-15 14:41:43'),('IT-PC','PROVINCE','Piacenza','PC',NULL,'PC',NULL,'2014-09-15 14:41:43','2014-09-15 14:41:43','2014-09-15 14:41:43','2014-09-15 14:41:43'),('IT-PD','PROVINCE','Padova','PD',NULL,'PD',NULL,'2014-09-15 14:41:43','2014-09-15 14:41:43','2014-09-15 14:41:43','2014-09-15 14:41:43'),('IT-PE','PROVINCE','Pescara','PE',NULL,'PE',NULL,'2014-09-15 14:41:43','2014-09-15 14:41:43','2014-09-15 14:41:43','2014-09-15 14:41:43'),('IT-PG','PROVINCE','Perugia','PG',NULL,'PG',NULL,'2014-09-15 14:41:43','2014-09-15 14:41:43','2014-09-15 14:41:43','2014-09-15 14:41:43'),('IT-PI','PROVINCE','Pisa','PI',NULL,'PI',NULL,'2014-09-15 14:41:43','2014-09-15 14:41:43','2014-09-15 14:41:43','2014-09-15 14:41:43'),('IT-PN','PROVINCE','Pordenone','PN',NULL,'PN',NULL,'2014-09-15 14:41:43','2014-09-15 14:41:43','2014-09-15 14:41:43','2014-09-15 14:41:43'),('IT-PO','PROVINCE','Prato','PO',NULL,'PO',NULL,'2014-09-15 14:41:43','2014-09-15 14:41:43','2014-09-15 14:41:43','2014-09-15 14:41:43'),('IT-PR','PROVINCE','Parma','PR',NULL,'PR',NULL,'2014-09-15 14:41:43','2014-09-15 14:41:43','2014-09-15 14:41:43','2014-09-15 14:41:43'),('IT-PT','PROVINCE','Pistoia','PT',NULL,'PT',NULL,'2014-09-15 14:41:43','2014-09-15 14:41:43','2014-09-15 14:41:43','2014-09-15 14:41:43'),('IT-PU','PROVINCE','Pesaro e Urbino','PU',NULL,'PU',NULL,'2014-09-15 14:41:43','2014-09-15 14:41:43','2014-09-15 14:41:43','2014-09-15 14:41:43'),('IT-PV','PROVINCE','Pavia','PV',NULL,'PV',NULL,'2014-09-15 14:41:43','2014-09-15 14:41:43','2014-09-15 14:41:43','2014-09-15 14:41:43'),('IT-PZ','PROVINCE','Potenza','PZ',NULL,'PZ',NULL,'2014-09-15 14:41:43','2014-09-15 14:41:43','2014-09-15 14:41:43','2014-09-15 14:41:43'),('IT-RA','PROVINCE','Ravenna','RA',NULL,'RA',NULL,'2014-09-15 14:41:43','2014-09-15 14:41:43','2014-09-15 14:41:43','2014-09-15 14:41:43'),('IT-RC','PROVINCE','Reggio Calabria','RC',NULL,'RC',NULL,'2014-09-15 14:41:43','2014-09-15 14:41:43','2014-09-15 14:41:43','2014-09-15 14:41:43'),('IT-RE','PROVINCE','Reggio Emilia','RE',NULL,'RE',NULL,'2014-09-15 14:41:43','2014-09-15 14:41:43','2014-09-15 14:41:43','2014-09-15 14:41:43'),('IT-RG','PROVINCE','Ragusa','RG',NULL,'RG',NULL,'2014-09-15 14:41:43','2014-09-15 14:41:43','2014-09-15 14:41:43','2014-09-15 14:41:43'),('IT-RI','PROVINCE','Rieti','RI',NULL,'RI',NULL,'2014-09-15 14:41:43','2014-09-15 14:41:43','2014-09-15 14:41:43','2014-09-15 14:41:43'),('IT-RM','PROVINCE','Roma','RM',NULL,'RM',NULL,'2014-09-15 14:41:43','2014-09-15 14:41:43','2014-09-15 14:41:43','2014-09-15 14:41:43'),('IT-RN','PROVINCE','Rimini','RN',NULL,'RN',NULL,'2014-09-15 14:41:43','2014-09-15 14:41:43','2014-09-15 14:41:43','2014-09-15 14:41:43'),('IT-RO','PROVINCE','Rovigo','RO',NULL,'RO',NULL,'2014-09-15 14:41:43','2014-09-15 14:41:43','2014-09-15 14:41:43','2014-09-15 14:41:43'),('IT-SA','PROVINCE','Salerno','SA',NULL,'SA',NULL,'2014-09-15 14:41:43','2014-09-15 14:41:43','2014-09-15 14:41:43','2014-09-15 14:41:43'),('IT-SI','PROVINCE','Siena','SI',NULL,'SI',NULL,'2014-09-15 14:41:43','2014-09-15 14:41:43','2014-09-15 14:41:43','2014-09-15 14:41:43'),('IT-SO','PROVINCE','Sondrio','SO',NULL,'SO',NULL,'2014-09-15 14:41:43','2014-09-15 14:41:43','2014-09-15 14:41:43','2014-09-15 14:41:43'),('IT-SP','PROVINCE','La Spezia','SP',NULL,'SP',NULL,'2014-09-15 14:41:43','2014-09-15 14:41:43','2014-09-15 14:41:43','2014-09-15 14:41:43'),('IT-SR','PROVINCE','Siracusa','SR',NULL,'SR',NULL,'2014-09-15 14:41:43','2014-09-15 14:41:43','2014-09-15 14:41:43','2014-09-15 14:41:43'),('IT-SS','PROVINCE','Sassari','SS',NULL,'SS',NULL,'2014-09-15 14:41:43','2014-09-15 14:41:43','2014-09-15 14:41:43','2014-09-15 14:41:43'),('IT-SV','PROVINCE','Savona','SV',NULL,'SV',NULL,'2014-09-15 14:41:43','2014-09-15 14:41:43','2014-09-15 14:41:43','2014-09-15 14:41:43'),('IT-TA','PROVINCE','Taranto','TA',NULL,'TA',NULL,'2014-09-15 14:41:43','2014-09-15 14:41:43','2014-09-15 14:41:43','2014-09-15 14:41:43'),('IT-TE','PROVINCE','Teramo','TE',NULL,'TE',NULL,'2014-09-15 14:41:43','2014-09-15 14:41:43','2014-09-15 14:41:43','2014-09-15 14:41:43'),('IT-TN','PROVINCE','Trento','TN',NULL,'TN',NULL,'2014-09-15 14:41:43','2014-09-15 14:41:43','2014-09-15 14:41:43','2014-09-15 14:41:43'),('IT-TO','PROVINCE','Torino','TO',NULL,'TO',NULL,'2014-09-15 14:41:43','2014-09-15 14:41:43','2014-09-15 14:41:43','2014-09-15 14:41:43'),('IT-TP','PROVINCE','Trapani','TP',NULL,'TP',NULL,'2014-09-15 14:41:43','2014-09-15 14:41:43','2014-09-15 14:41:43','2014-09-15 14:41:43'),('IT-TR','PROVINCE','Terni','TR',NULL,'TR',NULL,'2014-09-15 14:41:43','2014-09-15 14:41:43','2014-09-15 14:41:43','2014-09-15 14:41:43'),('IT-TS','PROVINCE','Trieste','TS',NULL,'TS',NULL,'2014-09-15 14:41:43','2014-09-15 14:41:43','2014-09-15 14:41:43','2014-09-15 14:41:43'),('IT-TV','PROVINCE','Treviso','TV',NULL,'TV',NULL,'2014-09-15 14:41:43','2014-09-15 14:41:43','2014-09-15 14:41:43','2014-09-15 14:41:43'),('IT-UD','PROVINCE','Udine','UD',NULL,'UD',NULL,'2014-09-15 14:41:43','2014-09-15 14:41:43','2014-09-15 14:41:43','2014-09-15 14:41:43'),('IT-VA','PROVINCE','Varese','VA',NULL,'VA',NULL,'2014-09-15 14:41:44','2014-09-15 14:41:43','2014-09-15 14:41:44','2014-09-15 14:41:43'),('IT-VB','PROVINCE','Verbano-Cusio-Ossola','VB',NULL,'VB',NULL,'2014-09-15 14:41:44','2014-09-15 14:41:43','2014-09-15 14:41:44','2014-09-15 14:41:43'),('IT-VC','PROVINCE','Vercelli','VC',NULL,'VC',NULL,'2014-09-15 14:41:44','2014-09-15 14:41:43','2014-09-15 14:41:44','2014-09-15 14:41:43'),('IT-VE','PROVINCE','Venezia','VE',NULL,'VE',NULL,'2014-09-15 14:41:44','2014-09-15 14:41:43','2014-09-15 14:41:44','2014-09-15 14:41:43'),('IT-VI','PROVINCE','Vicenza','VI',NULL,'VI',NULL,'2014-09-15 14:41:44','2014-09-15 14:41:43','2014-09-15 14:41:44','2014-09-15 14:41:43'),('IT-VR','PROVINCE','Verona','VR',NULL,'VR',NULL,'2014-09-15 14:41:44','2014-09-15 14:41:43','2014-09-15 14:41:44','2014-09-15 14:41:43'),('IT-VS','PROVINCE','Medio Campidano','VS',NULL,'VS',NULL,'2014-09-15 14:41:43','2014-09-15 14:41:43','2014-09-15 14:41:43','2014-09-15 14:41:43'),('IT-VT','PROVINCE','Viterbo','VT',NULL,'VT',NULL,'2014-09-15 14:41:44','2014-09-15 14:41:43','2014-09-15 14:41:44','2014-09-15 14:41:43'),('IT-VV','PROVINCE','Vibo Valentia','VV',NULL,'VV',NULL,'2014-09-15 14:41:44','2014-09-15 14:41:43','2014-09-15 14:41:44','2014-09-15 14:41:43'),('ITA','COUNTRY','Italy','IT','380','ITA',NULL,'2014-09-15 14:41:37','2014-09-15 14:41:37','2014-09-15 14:41:37','2014-09-15 14:41:37'),('JAM','COUNTRY','Jamaica','JM','388','JAM',NULL,'2014-09-15 14:41:37','2014-09-15 14:41:37','2014-09-15 14:41:37','2014-09-15 14:41:37'),('JEY','COUNTRY','Jersey','JE','832','JEY',NULL,'2014-09-15 14:41:37','2014-09-15 14:41:37','2014-09-15 14:41:37','2014-09-15 14:41:37'),('JOR','COUNTRY','Jordan','JO','400','JOR',NULL,'2014-09-15 14:41:37','2014-09-15 14:41:37','2014-09-15 14:41:37','2014-09-15 14:41:37'),('JPN','COUNTRY','Japan','JP','392','JPN',NULL,'2014-09-15 14:41:37','2014-09-15 14:41:37','2014-09-15 14:41:37','2014-09-15 14:41:37'),('KAZ','COUNTRY','Kazakhstan','KZ','398','KAZ',NULL,'2014-09-15 14:41:37','2014-09-15 14:41:37','2014-09-15 14:41:37','2014-09-15 14:41:37'),('KEN','COUNTRY','Kenya','KE','404','KEN',NULL,'2014-09-15 14:41:37','2014-09-15 14:41:37','2014-09-15 14:41:37','2014-09-15 14:41:37'),('KGZ','COUNTRY','Kyrgyzstan','KG','417','KGZ',NULL,'2014-09-15 14:41:37','2014-09-15 14:41:37','2014-09-15 14:41:37','2014-09-15 14:41:37'),('KHM','COUNTRY','Cambodia','KH','116','KHM',NULL,'2014-09-15 14:41:37','2014-09-15 14:41:37','2014-09-15 14:41:37','2014-09-15 14:41:37'),('KIR','COUNTRY','Kiribati','KI','296','KIR',NULL,'2014-09-15 14:41:37','2014-09-15 14:41:37','2014-09-15 14:41:37','2014-09-15 14:41:37'),('KNA','COUNTRY','Saint Kitts And Nevis','KN','659','KNA',NULL,'2014-09-15 14:41:38','2014-09-15 14:41:37','2014-09-15 14:41:38','2014-09-15 14:41:37'),('KOR','COUNTRY','Korea, Republic Of','KR','410','KOR',NULL,'2014-09-15 14:41:37','2014-09-15 14:41:37','2014-09-15 14:41:37','2014-09-15 14:41:37'),('KS','STATE','Kansas','KS',NULL,'KS',NULL,'2014-09-15 14:41:45','2014-09-15 14:41:45','2014-09-15 14:41:45','2014-09-15 14:41:45'),('KWT','COUNTRY','Kuwait','KW','414','KWT',NULL,'2014-09-15 14:41:37','2014-09-15 14:41:37','2014-09-15 14:41:37','2014-09-15 14:41:37'),('KY','STATE','Kentucky','KY',NULL,'KY',NULL,'2014-09-15 14:41:45','2014-09-15 14:41:45','2014-09-15 14:41:45','2014-09-15 14:41:45'),('LA','STATE','Louisiana','LA',NULL,'LA',NULL,'2014-09-15 14:41:45','2014-09-15 14:41:45','2014-09-15 14:41:45','2014-09-15 14:41:45'),('LAO','COUNTRY','Lao People\'s Democratic Republic','LA','418','LAO',NULL,'2014-09-15 14:41:37','2014-09-15 14:41:37','2014-09-15 14:41:37','2014-09-15 14:41:37'),('LBN','COUNTRY','Lebanon','LB','422','LBN',NULL,'2014-09-15 14:41:37','2014-09-15 14:41:37','2014-09-15 14:41:37','2014-09-15 14:41:37'),('LBR','COUNTRY','Liberia','LR','430','LBR',NULL,'2014-09-15 14:41:37','2014-09-15 14:41:37','2014-09-15 14:41:37','2014-09-15 14:41:37'),('LBY','COUNTRY','Libyan Arab Jamahiriya','LY','434','LBY',NULL,'2014-09-15 14:41:37','2014-09-15 14:41:37','2014-09-15 14:41:37','2014-09-15 14:41:37'),('LCA','COUNTRY','Saint Lucia','LC','662','LCA',NULL,'2014-09-15 14:41:38','2014-09-15 14:41:37','2014-09-15 14:41:38','2014-09-15 14:41:37'),('LIE','COUNTRY','Liechtenstein','LI','438','LIE',NULL,'2014-09-15 14:41:37','2014-09-15 14:41:37','2014-09-15 14:41:37','2014-09-15 14:41:37'),('LKA','COUNTRY','Sri Lanka','LK','144','LKA',NULL,'2014-09-15 14:41:38','2014-09-15 14:41:37','2014-09-15 14:41:38','2014-09-15 14:41:37'),('LSO','COUNTRY','Lesotho','LS','426','LSO',NULL,'2014-09-15 14:41:37','2014-09-15 14:41:37','2014-09-15 14:41:37','2014-09-15 14:41:37'),('LTU','COUNTRY','Lithuania','LT','440','LTU',NULL,'2014-09-15 14:41:37','2014-09-15 14:41:37','2014-09-15 14:41:37','2014-09-15 14:41:37'),('LUX','COUNTRY','Luxembourg','LU','442','LUX',NULL,'2014-09-15 14:41:37','2014-09-15 14:41:37','2014-09-15 14:41:37','2014-09-15 14:41:37'),('LVA','COUNTRY','Latvia','LV','428','LVA',NULL,'2014-09-15 14:41:37','2014-09-15 14:41:37','2014-09-15 14:41:37','2014-09-15 14:41:37'),('MA','STATE','Massachusetts','MA',NULL,'MA',NULL,'2014-09-15 14:41:45','2014-09-15 14:41:45','2014-09-15 14:41:45','2014-09-15 14:41:45'),('MAC','COUNTRY','Macau','MO','446','MAC',NULL,'2014-09-15 14:41:37','2014-09-15 14:41:37','2014-09-15 14:41:37','2014-09-15 14:41:37'),('MAR','COUNTRY','Morocco','MA','504','MAR',NULL,'2014-09-15 14:41:37','2014-09-15 14:41:37','2014-09-15 14:41:37','2014-09-15 14:41:37'),('MB','PROVINCE','Manitoba','MB',NULL,'MB',NULL,'2014-09-15 14:41:39','2014-09-15 14:41:39','2014-09-15 14:41:39','2014-09-15 14:41:39'),('MCO','COUNTRY','Monaco','MC','492','MCO',NULL,'2014-09-15 14:41:37','2014-09-15 14:41:37','2014-09-15 14:41:37','2014-09-15 14:41:37'),('MD','STATE','Maryland','MD',NULL,'MD',NULL,'2014-09-15 14:41:45','2014-09-15 14:41:45','2014-09-15 14:41:45','2014-09-15 14:41:45'),('MDA','COUNTRY','Moldova, Republic Of','MD','498','MDA',NULL,'2014-09-15 14:41:37','2014-09-15 14:41:37','2014-09-15 14:41:37','2014-09-15 14:41:37'),('MDG','COUNTRY','Madagascar','MG','450','MDG',NULL,'2014-09-15 14:41:37','2014-09-15 14:41:37','2014-09-15 14:41:37','2014-09-15 14:41:37'),('MDV','COUNTRY','Maldives','MV','462','MDV',NULL,'2014-09-15 14:41:37','2014-09-15 14:41:37','2014-09-15 14:41:37','2014-09-15 14:41:37'),('ME','STATE','Maine','ME',NULL,'ME',NULL,'2014-09-15 14:41:45','2014-09-15 14:41:45','2014-09-15 14:41:45','2014-09-15 14:41:45'),('MEX','COUNTRY','Mexico','MX','484','MEX',NULL,'2014-09-15 14:41:37','2014-09-15 14:41:37','2014-09-15 14:41:37','2014-09-15 14:41:37'),('MEXCAN','GROUP','Mexico/Canada','MEXCAN',NULL,'MEXCAN',NULL,'2014-09-15 14:41:44','2014-09-15 14:41:44','2014-09-15 14:41:44','2014-09-15 14:41:44'),('MH','STATE','Marshall Islands','MH',NULL,'MH',NULL,'2014-09-15 14:41:45','2014-09-15 14:41:45','2014-09-15 14:41:45','2014-09-15 14:41:45'),('MHL','COUNTRY','Marshall Islands','MH','584','MHL',NULL,'2014-09-15 14:41:37','2014-09-15 14:41:37','2014-09-15 14:41:37','2014-09-15 14:41:37'),('MI','STATE','Michigan','MI',NULL,'MI',NULL,'2014-09-15 14:41:45','2014-09-15 14:41:45','2014-09-15 14:41:45','2014-09-15 14:41:45'),('MKD','COUNTRY','Macedonia, The Former Yugoslav Republic Of','MK','807','MKD',NULL,'2014-09-15 14:41:37','2014-09-15 14:41:37','2014-09-15 14:41:37','2014-09-15 14:41:37'),('MLI','COUNTRY','Mali','ML','466','MLI',NULL,'2014-09-15 14:41:37','2014-09-15 14:41:37','2014-09-15 14:41:37','2014-09-15 14:41:37'),('MLT','COUNTRY','Malta','MT','470','MLT',NULL,'2014-09-15 14:41:37','2014-09-15 14:41:37','2014-09-15 14:41:37','2014-09-15 14:41:37'),('MMR','COUNTRY','Myanmar','MM','104','MMR',NULL,'2014-09-15 14:41:37','2014-09-15 14:41:37','2014-09-15 14:41:37','2014-09-15 14:41:37'),('MN','STATE','Minnesota','MN',NULL,'MN',NULL,'2014-09-15 14:41:45','2014-09-15 14:41:45','2014-09-15 14:41:45','2014-09-15 14:41:45'),('MNE','COUNTRY','Montenegro','ME','499','MNE',NULL,'2014-09-15 14:41:37','2014-09-15 14:41:37','2014-09-15 14:41:37','2014-09-15 14:41:37'),('MNG','COUNTRY','Mongolia','MN','496','MNG',NULL,'2014-09-15 14:41:37','2014-09-15 14:41:37','2014-09-15 14:41:37','2014-09-15 14:41:37'),('MNP','COUNTRY','Northern Mariana Islands','MP','580','MNP',NULL,'2014-09-15 14:41:38','2014-09-15 14:41:37','2014-09-15 14:41:38','2014-09-15 14:41:37'),('MO','STATE','Missouri','MO',NULL,'MO',NULL,'2014-09-15 14:41:45','2014-09-15 14:41:45','2014-09-15 14:41:45','2014-09-15 14:41:45'),('MOZ','COUNTRY','Mozambique','MZ','508','MOZ',NULL,'2014-09-15 14:41:37','2014-09-15 14:41:37','2014-09-15 14:41:37','2014-09-15 14:41:37'),('MP','STATE','Northern Mariana Islands','MP',NULL,'MP',NULL,'2014-09-15 14:41:45','2014-09-15 14:41:45','2014-09-15 14:41:45','2014-09-15 14:41:45'),('MRT','COUNTRY','Mauritania','MR','478','MRT',NULL,'2014-09-15 14:41:37','2014-09-15 14:41:37','2014-09-15 14:41:37','2014-09-15 14:41:37'),('MS','STATE','Mississippi','MS',NULL,'MS',NULL,'2014-09-15 14:41:45','2014-09-15 14:41:45','2014-09-15 14:41:45','2014-09-15 14:41:45'),('MSR','COUNTRY','Montserrat','MS','500','MSR',NULL,'2014-09-15 14:41:37','2014-09-15 14:41:37','2014-09-15 14:41:37','2014-09-15 14:41:37'),('MT','STATE','Montana','MT',NULL,'MT',NULL,'2014-09-15 14:41:45','2014-09-15 14:41:45','2014-09-15 14:41:45','2014-09-15 14:41:45'),('MTQ','COUNTRY','Martinique','MQ','474','MTQ',NULL,'2014-09-15 14:41:37','2014-09-15 14:41:37','2014-09-15 14:41:37','2014-09-15 14:41:37'),('MUS','COUNTRY','Mauritius','MU','480','MUS',NULL,'2014-09-15 14:41:37','2014-09-15 14:41:37','2014-09-15 14:41:37','2014-09-15 14:41:37'),('MWI','COUNTRY','Malawi','MW','454','MWI',NULL,'2014-09-15 14:41:37','2014-09-15 14:41:37','2014-09-15 14:41:37','2014-09-15 14:41:37'),('MX-AG','STATE','Aguascalientes','AGU',NULL,'AGU',NULL,'2014-09-15 14:41:44','2014-09-15 14:41:44','2014-09-15 14:41:44','2014-09-15 14:41:44'),('MX-BN','STATE','Baja California','BCN',NULL,'BCN',NULL,'2014-09-15 14:41:44','2014-09-15 14:41:44','2014-09-15 14:41:44','2014-09-15 14:41:44'),('MX-BS','STATE','Baja California Sur','BCS',NULL,'BCS',NULL,'2014-09-15 14:41:44','2014-09-15 14:41:44','2014-09-15 14:41:44','2014-09-15 14:41:44'),('MX-CA','STATE','Coahuila','COA',NULL,'COA',NULL,'2014-09-15 14:41:44','2014-09-15 14:41:44','2014-09-15 14:41:44','2014-09-15 14:41:44'),('MX-CH','STATE','Chihuahua','CHH',NULL,'CHH',NULL,'2014-09-15 14:41:44','2014-09-15 14:41:44','2014-09-15 14:41:44','2014-09-15 14:41:44'),('MX-CL','STATE','Colima','COL',NULL,'COL',NULL,'2014-09-15 14:41:44','2014-09-15 14:41:44','2014-09-15 14:41:44','2014-09-15 14:41:44'),('MX-CM','STATE','Campeche','CAM',NULL,'CAM',NULL,'2014-09-15 14:41:44','2014-09-15 14:41:44','2014-09-15 14:41:44','2014-09-15 14:41:44'),('MX-CP','STATE','Chiapas','CHP',NULL,'CHP',NULL,'2014-09-15 14:41:44','2014-09-15 14:41:44','2014-09-15 14:41:44','2014-09-15 14:41:44'),('MX-DF','STATE','Distrito Federal','DIF',NULL,'DIF',NULL,'2014-09-15 14:41:44','2014-09-15 14:41:44','2014-09-15 14:41:44','2014-09-15 14:41:44'),('MX-DU','STATE','Durango','DUR',NULL,'DUR',NULL,'2014-09-15 14:41:44','2014-09-15 14:41:44','2014-09-15 14:41:44','2014-09-15 14:41:44'),('MX-GJ','STATE','Guanajuato','GUA',NULL,'GUA',NULL,'2014-09-15 14:41:44','2014-09-15 14:41:44','2014-09-15 14:41:44','2014-09-15 14:41:44'),('MX-GR','STATE','Guerrero','GRO',NULL,'GRO',NULL,'2014-09-15 14:41:44','2014-09-15 14:41:44','2014-09-15 14:41:44','2014-09-15 14:41:44'),('MX-HI','STATE','Hidalgo','HID',NULL,'HID',NULL,'2014-09-15 14:41:44','2014-09-15 14:41:44','2014-09-15 14:41:44','2014-09-15 14:41:44'),('MX-JA','STATE','Jalisco','JAL',NULL,'JAL',NULL,'2014-09-15 14:41:44','2014-09-15 14:41:44','2014-09-15 14:41:44','2014-09-15 14:41:44'),('MX-MC','STATE','Michoacn','MIC',NULL,'MIC',NULL,'2014-09-15 14:41:44','2014-09-15 14:41:44','2014-09-15 14:41:44','2014-09-15 14:41:44'),('MX-MR','STATE','Morelos','MOR',NULL,'MOR',NULL,'2014-09-15 14:41:44','2014-09-15 14:41:44','2014-09-15 14:41:44','2014-09-15 14:41:44'),('MX-MX','STATE','Mxico','MEX',NULL,'MEX',NULL,'2014-09-15 14:41:44','2014-09-15 14:41:44','2014-09-15 14:41:44','2014-09-15 14:41:44'),('MX-NA','STATE','Nayarit','NAY',NULL,'NAY',NULL,'2014-09-15 14:41:44','2014-09-15 14:41:44','2014-09-15 14:41:44','2014-09-15 14:41:44'),('MX-NL','STATE','Nuevo Len','NLE',NULL,'NLE',NULL,'2014-09-15 14:41:44','2014-09-15 14:41:44','2014-09-15 14:41:44','2014-09-15 14:41:44'),('MX-OA','STATE','Oaxaca','OAX',NULL,'OAX',NULL,'2014-09-15 14:41:44','2014-09-15 14:41:44','2014-09-15 14:41:44','2014-09-15 14:41:44'),('MX-PU','STATE','Puebla','PUE',NULL,'PUE',NULL,'2014-09-15 14:41:44','2014-09-15 14:41:44','2014-09-15 14:41:44','2014-09-15 14:41:44'),('MX-QE','STATE','Quertaro','QUE',NULL,'QUE',NULL,'2014-09-15 14:41:44','2014-09-15 14:41:44','2014-09-15 14:41:44','2014-09-15 14:41:44'),('MX-QR','STATE','Quintana Roo','ROO',NULL,'ROO',NULL,'2014-09-15 14:41:44','2014-09-15 14:41:44','2014-09-15 14:41:44','2014-09-15 14:41:44'),('MX-SI','STATE','Sinaloa','SIN',NULL,'SIN',NULL,'2014-09-15 14:41:44','2014-09-15 14:41:44','2014-09-15 14:41:44','2014-09-15 14:41:44'),('MX-SL','STATE','San Luis Potos','SLP',NULL,'SLP',NULL,'2014-09-15 14:41:44','2014-09-15 14:41:44','2014-09-15 14:41:44','2014-09-15 14:41:44'),('MX-SO','STATE','Sonora','SON',NULL,'SON',NULL,'2014-09-15 14:41:44','2014-09-15 14:41:44','2014-09-15 14:41:44','2014-09-15 14:41:44'),('MX-TB','STATE','Tabasco','TAB',NULL,'TAB',NULL,'2014-09-15 14:41:44','2014-09-15 14:41:44','2014-09-15 14:41:44','2014-09-15 14:41:44'),('MX-TL','STATE','Tlaxcala','TLA',NULL,'TLA',NULL,'2014-09-15 14:41:44','2014-09-15 14:41:44','2014-09-15 14:41:44','2014-09-15 14:41:44'),('MX-TM','STATE','Tamaulipas','TAM',NULL,'TAM',NULL,'2014-09-15 14:41:44','2014-09-15 14:41:44','2014-09-15 14:41:44','2014-09-15 14:41:44'),('MX-VE','STATE','Veracruz','VER',NULL,'VER',NULL,'2014-09-15 14:41:44','2014-09-15 14:41:44','2014-09-15 14:41:44','2014-09-15 14:41:44'),('MX-YU','STATE','Yucatn','YUC',NULL,'YUC',NULL,'2014-09-15 14:41:44','2014-09-15 14:41:44','2014-09-15 14:41:44','2014-09-15 14:41:44'),('MX-ZA','STATE','Zacatecas','ZAC',NULL,'ZAC',NULL,'2014-09-15 14:41:44','2014-09-15 14:41:44','2014-09-15 14:41:44','2014-09-15 14:41:44'),('MYS','COUNTRY','Malaysia','MY','458','MYS',NULL,'2014-09-15 14:41:37','2014-09-15 14:41:37','2014-09-15 14:41:37','2014-09-15 14:41:37'),('MYT','COUNTRY','Mayotte','YT','175','MYT',NULL,'2014-09-15 14:41:37','2014-09-15 14:41:37','2014-09-15 14:41:37','2014-09-15 14:41:37'),('NAM','COUNTRY','Namibia','NA','516','NAM',NULL,'2014-09-15 14:41:37','2014-09-15 14:41:37','2014-09-15 14:41:37','2014-09-15 14:41:37'),('NB','PROVINCE','New Brunswick','NB',NULL,'NB',NULL,'2014-09-15 14:41:39','2014-09-15 14:41:39','2014-09-15 14:41:39','2014-09-15 14:41:39'),('NC','STATE','North Carolina','NC',NULL,'NC',NULL,'2014-09-15 14:41:45','2014-09-15 14:41:45','2014-09-15 14:41:45','2014-09-15 14:41:45'),('NCL','COUNTRY','New Caledonia','NC','540','NCL',NULL,'2014-09-15 14:41:38','2014-09-15 14:41:37','2014-09-15 14:41:38','2014-09-15 14:41:37'),('ND','STATE','North Dakota','ND',NULL,'ND',NULL,'2014-09-15 14:41:45','2014-09-15 14:41:45','2014-09-15 14:41:45','2014-09-15 14:41:45'),('NE','STATE','Nebraska','NE',NULL,'NE',NULL,'2014-09-15 14:41:45','2014-09-15 14:41:45','2014-09-15 14:41:45','2014-09-15 14:41:45'),('NER','COUNTRY','Niger','NE','562','NER',NULL,'2014-09-15 14:41:38','2014-09-15 14:41:37','2014-09-15 14:41:38','2014-09-15 14:41:37'),('NFK','COUNTRY','Norfolk Island','NF','574','NFK',NULL,'2014-09-15 14:41:38','2014-09-15 14:41:37','2014-09-15 14:41:38','2014-09-15 14:41:37'),('NGA','COUNTRY','Nigeria','NG','566','NGA',NULL,'2014-09-15 14:41:38','2014-09-15 14:41:37','2014-09-15 14:41:38','2014-09-15 14:41:37'),('NH','STATE','New Hampshire','NH',NULL,'NH',NULL,'2014-09-15 14:41:45','2014-09-15 14:41:45','2014-09-15 14:41:45','2014-09-15 14:41:45'),('NIC','COUNTRY','Nicaragua','NI','558','NIC',NULL,'2014-09-15 14:41:38','2014-09-15 14:41:37','2014-09-15 14:41:38','2014-09-15 14:41:37'),('NIRL','COUNTRY','N.Ireland','NIR','897','NIRL',NULL,'2014-09-15 14:41:37','2014-09-15 14:41:37','2014-09-15 14:41:37','2014-09-15 14:41:37'),('NIRL-ARMG','COUNTY','Armagh','ARMG',NULL,'ARMG',NULL,'2014-09-15 14:41:45','2014-09-15 14:41:45','2014-09-15 14:41:45','2014-09-15 14:41:45'),('NIRL-ATRM','COUNTY','Antrim','ATRM',NULL,'ATRM',NULL,'2014-09-15 14:41:45','2014-09-15 14:41:45','2014-09-15 14:41:45','2014-09-15 14:41:45'),('NIRL-DOWN','COUNTY','Down','DOWN',NULL,'DOWN',NULL,'2014-09-15 14:41:45','2014-09-15 14:41:45','2014-09-15 14:41:45','2014-09-15 14:41:45'),('NIRL-FMNH','COUNTY','Fermanagh','FMNH',NULL,'FMNH',NULL,'2014-09-15 14:41:45','2014-09-15 14:41:45','2014-09-15 14:41:45','2014-09-15 14:41:45'),('NIRL-LDRY','COUNTY','Londonderry','LDRY',NULL,'LDRY',NULL,'2014-09-15 14:41:45','2014-09-15 14:41:45','2014-09-15 14:41:45','2014-09-15 14:41:45'),('NIRL-TYR','COUNTY','Tyrone','TYR',NULL,'TYR',NULL,'2014-09-15 14:41:45','2014-09-15 14:41:45','2014-09-15 14:41:45','2014-09-15 14:41:45'),('NIU','COUNTRY','Niue','NU','570','NIU',NULL,'2014-09-15 14:41:38','2014-09-15 14:41:37','2014-09-15 14:41:38','2014-09-15 14:41:37'),('NJ','STATE','New Jersey','NJ',NULL,'NJ',NULL,'2014-09-15 14:41:45','2014-09-15 14:41:45','2014-09-15 14:41:45','2014-09-15 14:41:45'),('NL','PROVINCE','Newfoundland and Labrador','NL',NULL,'NL',NULL,'2014-09-15 14:41:39','2014-09-15 14:41:39','2014-09-15 14:41:39','2014-09-15 14:41:39'),('NL-DR','PROVINCE','Drenthe','DR',NULL,'DR',NULL,'2014-09-15 14:41:44','2014-09-15 14:41:44','2014-09-15 14:41:44','2014-09-15 14:41:44'),('NL-FL','PROVINCE','Flevoland','FL',NULL,'FL',NULL,'2014-09-15 14:41:44','2014-09-15 14:41:44','2014-09-15 14:41:44','2014-09-15 14:41:44'),('NL-FR','PROVINCE','Friesland','FR',NULL,'FR',NULL,'2014-09-15 14:41:44','2014-09-15 14:41:44','2014-09-15 14:41:44','2014-09-15 14:41:44'),('NL-GL','PROVINCE','Gelderland','GL',NULL,'GL',NULL,'2014-09-15 14:41:44','2014-09-15 14:41:44','2014-09-15 14:41:44','2014-09-15 14:41:44'),('NL-GR','PROVINCE','Groningen','GR',NULL,'GR',NULL,'2014-09-15 14:41:44','2014-09-15 14:41:44','2014-09-15 14:41:44','2014-09-15 14:41:44'),('NL-LB','PROVINCE','Limburg','LB',NULL,'LB',NULL,'2014-09-15 14:41:44','2014-09-15 14:41:44','2014-09-15 14:41:44','2014-09-15 14:41:44'),('NL-NB','PROVINCE','Noord-Brabant','NB',NULL,'NB',NULL,'2014-09-15 14:41:44','2014-09-15 14:41:44','2014-09-15 14:41:44','2014-09-15 14:41:44'),('NL-NH','PROVINCE','Noord-Holland','NH',NULL,'NH',NULL,'2014-09-15 14:41:44','2014-09-15 14:41:44','2014-09-15 14:41:44','2014-09-15 14:41:44'),('NL-OV','PROVINCE','Overijssel','OV',NULL,'OV',NULL,'2014-09-15 14:41:44','2014-09-15 14:41:44','2014-09-15 14:41:44','2014-09-15 14:41:44'),('NL-UT','PROVINCE','Utrecht','UT',NULL,'UT',NULL,'2014-09-15 14:41:44','2014-09-15 14:41:44','2014-09-15 14:41:44','2014-09-15 14:41:44'),('NL-ZE','PROVINCE','Zeeland','ZE',NULL,'ZE',NULL,'2014-09-15 14:41:44','2014-09-15 14:41:44','2014-09-15 14:41:44','2014-09-15 14:41:44'),('NL-ZH','PROVINCE','Zuid-Holland','ZH',NULL,'ZH',NULL,'2014-09-15 14:41:44','2014-09-15 14:41:44','2014-09-15 14:41:44','2014-09-15 14:41:44'),('NL-ZL','PROVINCE','Zeeland','ZL',NULL,'ZL',NULL,'2014-09-15 14:41:44','2014-09-15 14:41:44','2014-09-15 14:41:44','2014-09-15 14:41:44'),('NLD','COUNTRY','Netherlands','NL','528','NLD',NULL,'2014-09-15 14:41:38','2014-09-15 14:41:37','2014-09-15 14:41:38','2014-09-15 14:41:37'),('NM','STATE','New Mexico','NM',NULL,'NM',NULL,'2014-09-15 14:41:45','2014-09-15 14:41:45','2014-09-15 14:41:45','2014-09-15 14:41:45'),('NOR','COUNTRY','Norway','NO','578','NOR',NULL,'2014-09-15 14:41:38','2014-09-15 14:41:37','2014-09-15 14:41:38','2014-09-15 14:41:37'),('NPL','COUNTRY','Nepal','NP','524','NPL',NULL,'2014-09-15 14:41:38','2014-09-15 14:41:37','2014-09-15 14:41:38','2014-09-15 14:41:37'),('NRU','COUNTRY','Nauru','NR','520','NRU',NULL,'2014-09-15 14:41:38','2014-09-15 14:41:37','2014-09-15 14:41:38','2014-09-15 14:41:37'),('NS','PROVINCE','Nova Scotia','NS',NULL,'NS',NULL,'2014-09-15 14:41:39','2014-09-15 14:41:39','2014-09-15 14:41:39','2014-09-15 14:41:39'),('NT','PROVINCE','Northwest Territories','NT',NULL,'NT',NULL,'2014-09-15 14:41:39','2014-09-15 14:41:39','2014-09-15 14:41:39','2014-09-15 14:41:39'),('NU','PROVINCE','Nunavut','NU',NULL,'NU',NULL,'2014-09-15 14:41:39','2014-09-15 14:41:39','2014-09-15 14:41:39','2014-09-15 14:41:39'),('NV','STATE','Nevada','NV',NULL,'NV',NULL,'2014-09-15 14:41:45','2014-09-15 14:41:45','2014-09-15 14:41:45','2014-09-15 14:41:45'),('NY','STATE','New York','NY',NULL,'NY',NULL,'2014-09-15 14:41:45','2014-09-15 14:41:45','2014-09-15 14:41:45','2014-09-15 14:41:45'),('NZL','COUNTRY','New Zealand','NZ','554','NZL',NULL,'2014-09-15 14:41:38','2014-09-15 14:41:37','2014-09-15 14:41:38','2014-09-15 14:41:37'),('OH','STATE','Ohio','OH',NULL,'OH',NULL,'2014-09-15 14:41:45','2014-09-15 14:41:45','2014-09-15 14:41:45','2014-09-15 14:41:45'),('OK','STATE','Oklahoma','OK',NULL,'OK',NULL,'2014-09-15 14:41:45','2014-09-15 14:41:45','2014-09-15 14:41:45','2014-09-15 14:41:45'),('OMN','COUNTRY','Oman','OM','512','OMN',NULL,'2014-09-15 14:41:38','2014-09-15 14:41:37','2014-09-15 14:41:38','2014-09-15 14:41:37'),('ON','PROVINCE','Ontario','ON',NULL,'ON',NULL,'2014-09-15 14:41:39','2014-09-15 14:41:39','2014-09-15 14:41:39','2014-09-15 14:41:39'),('OR','STATE','Oregon','OR',NULL,'OR',NULL,'2014-09-15 14:41:45','2014-09-15 14:41:45','2014-09-15 14:41:45','2014-09-15 14:41:45'),('PA','STATE','Pennsylvania','PA',NULL,'PA',NULL,'2014-09-15 14:41:45','2014-09-15 14:41:45','2014-09-15 14:41:45','2014-09-15 14:41:45'),('PAK','COUNTRY','Pakistan','PK','586','PAK',NULL,'2014-09-15 14:41:38','2014-09-15 14:41:37','2014-09-15 14:41:38','2014-09-15 14:41:37'),('PAN','COUNTRY','Panama','PA','591','PAN',NULL,'2014-09-15 14:41:38','2014-09-15 14:41:37','2014-09-15 14:41:38','2014-09-15 14:41:37'),('PCN','COUNTRY','Pitcairn','PN','612','PCN',NULL,'2014-09-15 14:41:38','2014-09-15 14:41:37','2014-09-15 14:41:38','2014-09-15 14:41:37'),('PE','PROVINCE','Prince Edward Island','PE',NULL,'PE',NULL,'2014-09-15 14:41:39','2014-09-15 14:41:39','2014-09-15 14:41:39','2014-09-15 14:41:39'),('PER','COUNTRY','Peru','PE','604','PER',NULL,'2014-09-15 14:41:38','2014-09-15 14:41:37','2014-09-15 14:41:38','2014-09-15 14:41:37'),('PHL','COUNTRY','Philippines','PH','608','PHL',NULL,'2014-09-15 14:41:38','2014-09-15 14:41:37','2014-09-15 14:41:38','2014-09-15 14:41:37'),('PL-D','STATE','dolnolskie','D',NULL,'D',NULL,'2014-09-15 14:41:44','2014-09-15 14:41:44','2014-09-15 14:41:44','2014-09-15 14:41:44'),('PL-KP','STATE','kujawsko-pomorskie','KP',NULL,'KP',NULL,'2014-09-15 14:41:44','2014-09-15 14:41:44','2014-09-15 14:41:44','2014-09-15 14:41:44'),('PL-LB','STATE','lubelskie','LB',NULL,'LB',NULL,'2014-09-15 14:41:44','2014-09-15 14:41:44','2014-09-15 14:41:44','2014-09-15 14:41:44'),('PL-LS','STATE','lubuskie','LS',NULL,'LS',NULL,'2014-09-15 14:41:44','2014-09-15 14:41:44','2014-09-15 14:41:44','2014-09-15 14:41:44'),('PL-MP','STATE','maopolskie','MP',NULL,'MP',NULL,'2014-09-15 14:41:44','2014-09-15 14:41:44','2014-09-15 14:41:44','2014-09-15 14:41:44'),('PL-MZ','STATE','mazowieckie','MZ',NULL,'MZ',NULL,'2014-09-15 14:41:44','2014-09-15 14:41:44','2014-09-15 14:41:44','2014-09-15 14:41:44'),('PL-OP','STATE','opolskie','OP',NULL,'OP',NULL,'2014-09-15 14:41:44','2014-09-15 14:41:44','2014-09-15 14:41:44','2014-09-15 14:41:44'),('PL-PK','STATE','podkarpackie','PK',NULL,'PK',NULL,'2014-09-15 14:41:44','2014-09-15 14:41:44','2014-09-15 14:41:44','2014-09-15 14:41:44'),('PL-PL','STATE','podlaskie','PL',NULL,'PL',NULL,'2014-09-15 14:41:44','2014-09-15 14:41:44','2014-09-15 14:41:44','2014-09-15 14:41:44'),('PL-PM','STATE','pomorskie','PM',NULL,'PM',NULL,'2014-09-15 14:41:44','2014-09-15 14:41:44','2014-09-15 14:41:44','2014-09-15 14:41:44'),('PL-K','STATE','witokrzyskie','K',NULL,'K',NULL,'2014-09-15 14:41:44','2014-09-15 14:41:44','2014-09-15 14:41:44','2014-09-15 14:41:44'),('PL-L','STATE','lskie','L',NULL,'L',NULL,'2014-09-15 14:41:44','2014-09-15 14:41:44','2014-09-15 14:41:44','2014-09-15 14:41:44'),('PL-WM','STATE','warmisko-mazurskie','WM',NULL,'WM',NULL,'2014-09-15 14:41:44','2014-09-15 14:41:44','2014-09-15 14:41:44','2014-09-15 14:41:44'),('PL-WP','STATE','wielkopolskie','WP',NULL,'WP',NULL,'2014-09-15 14:41:44','2014-09-15 14:41:44','2014-09-15 14:41:44','2014-09-15 14:41:44'),('PL-ZP','STATE','zachodniopomorskie','ZP',NULL,'ZP',NULL,'2014-09-15 14:41:44','2014-09-15 14:41:44','2014-09-15 14:41:44','2014-09-15 14:41:44'),('PL-D','STATE','dzkie','D',NULL,'D',NULL,'2014-09-15 14:41:44','2014-09-15 14:41:44','2014-09-15 14:41:44','2014-09-15 14:41:44'),('PLW','COUNTRY','Palau','PW','585','PLW',NULL,'2014-09-15 14:41:38','2014-09-15 14:41:37','2014-09-15 14:41:38','2014-09-15 14:41:37'),('PNG','COUNTRY','Papua New Guinea','PG','598','PNG',NULL,'2014-09-15 14:41:38','2014-09-15 14:41:37','2014-09-15 14:41:38','2014-09-15 14:41:37'),('POL','COUNTRY','Poland','PL','616','POL',NULL,'2014-09-15 14:41:38','2014-09-15 14:41:37','2014-09-15 14:41:38','2014-09-15 14:41:37'),('PR','STATE','Puerto Rico','PR',NULL,'PR',NULL,'2014-09-15 14:41:45','2014-09-15 14:41:45','2014-09-15 14:41:45','2014-09-15 14:41:45'),('PRI','COUNTRY','Puerto Rico','PR','630','PRI',NULL,'2014-09-15 14:41:38','2014-09-15 14:41:37','2014-09-15 14:41:38','2014-09-15 14:41:37'),('PRK','COUNTRY','Korea, Democratic People\'s Republic Of','KP','408','PRK',NULL,'2014-09-15 14:41:37','2014-09-15 14:41:37','2014-09-15 14:41:37','2014-09-15 14:41:37'),('PRT','COUNTRY','Portugal','PT','620','PRT',NULL,'2014-09-15 14:41:38','2014-09-15 14:41:37','2014-09-15 14:41:38','2014-09-15 14:41:37'),('PRY','COUNTRY','Paraguay','PY','600','PRY',NULL,'2014-09-15 14:41:38','2014-09-15 14:41:37','2014-09-15 14:41:38','2014-09-15 14:41:37'),('PSE','COUNTRY','Palestinian Territory, Occupied','PS','275','PSE',NULL,'2014-09-15 14:41:38','2014-09-15 14:41:37','2014-09-15 14:41:38','2014-09-15 14:41:37'),('PW','STATE','Palau','PW',NULL,'PW',NULL,'2014-09-15 14:41:45','2014-09-15 14:41:45','2014-09-15 14:41:45','2014-09-15 14:41:45'),('PYF','COUNTRY','French Polynesia','PF','258','PYF',NULL,'2014-09-15 14:41:37','2014-09-15 14:41:37','2014-09-15 14:41:37','2014-09-15 14:41:37'),('QAT','COUNTRY','Qatar','QA','634','QAT',NULL,'2014-09-15 14:41:38','2014-09-15 14:41:37','2014-09-15 14:41:38','2014-09-15 14:41:37'),('QC','PROVINCE','Quebec','QC',NULL,'QC',NULL,'2014-09-15 14:41:39','2014-09-15 14:41:39','2014-09-15 14:41:39','2014-09-15 14:41:39'),('REU','COUNTRY','Reunion','RE','638','REU',NULL,'2014-09-15 14:41:38','2014-09-15 14:41:37','2014-09-15 14:41:38','2014-09-15 14:41:37'),('RI','STATE','Rhode Island','RI',NULL,'RI',NULL,'2014-09-15 14:41:45','2014-09-15 14:41:45','2014-09-15 14:41:45','2014-09-15 14:41:45'),('ROU','COUNTRY','Romania','RO','642','ROU',NULL,'2014-09-15 14:41:38','2014-09-15 14:41:37','2014-09-15 14:41:38','2014-09-15 14:41:37'),('RUS','COUNTRY','Russian Federation','RU','643','RUS',NULL,'2014-09-15 14:41:38','2014-09-15 14:41:37','2014-09-15 14:41:38','2014-09-15 14:41:37'),('RWA','COUNTRY','Rwanda','RW','646','RWA',NULL,'2014-09-15 14:41:38','2014-09-15 14:41:37','2014-09-15 14:41:38','2014-09-15 14:41:37'),('SAU','COUNTRY','Saudi Arabia','SA','682','SAU',NULL,'2014-09-15 14:41:38','2014-09-15 14:41:37','2014-09-15 14:41:38','2014-09-15 14:41:37'),('SC','STATE','South Carolina','SC',NULL,'SC',NULL,'2014-09-15 14:41:45','2014-09-15 14:41:45','2014-09-15 14:41:45','2014-09-15 14:41:45'),('SCOT','COUNTRY','Scotland','SCT','895','SCOT',NULL,'2014-09-15 14:41:38','2014-09-15 14:41:37','2014-09-15 14:41:38','2014-09-15 14:41:37'),('SD','STATE','South Dakota','SD',NULL,'SD',NULL,'2014-09-15 14:41:45','2014-09-15 14:41:45','2014-09-15 14:41:45','2014-09-15 14:41:45'),('SDN','COUNTRY','Sudan','SD','736','SDN',NULL,'2014-09-15 14:41:38','2014-09-15 14:41:37','2014-09-15 14:41:38','2014-09-15 14:41:37'),('SEN','COUNTRY','Senegal','SN','686','SEN',NULL,'2014-09-15 14:41:38','2014-09-15 14:41:37','2014-09-15 14:41:38','2014-09-15 14:41:37'),('SGP','COUNTRY','Singapore','SG','702','SGP',NULL,'2014-09-15 14:41:38','2014-09-15 14:41:37','2014-09-15 14:41:38','2014-09-15 14:41:37'),('SGS','COUNTRY','South Georgia And The South Sandwich Islands','GS','239','SGS',NULL,'2014-09-15 14:41:38','2014-09-15 14:41:37','2014-09-15 14:41:38','2014-09-15 14:41:37'),('SHN','COUNTRY','St. Helena','SH','654','SHN',NULL,'2014-09-15 14:41:38','2014-09-15 14:41:37','2014-09-15 14:41:38','2014-09-15 14:41:37'),('SJM','COUNTRY','Svalbard And Jan Mayen Islands','SJ','744','SJM',NULL,'2014-09-15 14:41:38','2014-09-15 14:41:37','2014-09-15 14:41:38','2014-09-15 14:41:37'),('SK','PROVINCE','Saskatchewan','SK',NULL,'SK',NULL,'2014-09-15 14:41:39','2014-09-15 14:41:39','2014-09-15 14:41:39','2014-09-15 14:41:39'),('SLB','COUNTRY','Solomon Islands','SB','090','SLB',NULL,'2014-09-15 14:41:38','2014-09-15 14:41:37','2014-09-15 14:41:38','2014-09-15 14:41:37'),('SLE','COUNTRY','Sierra Leone','SL','694','SLE',NULL,'2014-09-15 14:41:38','2014-09-15 14:41:37','2014-09-15 14:41:38','2014-09-15 14:41:37'),('SLV','COUNTRY','El Salvador','SV','222','SLV',NULL,'2014-09-15 14:41:37','2014-09-15 14:41:37','2014-09-15 14:41:37','2014-09-15 14:41:37'),('SMR','COUNTRY','San Marino','SM','674','SMR',NULL,'2014-09-15 14:41:38','2014-09-15 14:41:37','2014-09-15 14:41:38','2014-09-15 14:41:37'),('SOM','COUNTRY','Somalia','SO','706','SOM',NULL,'2014-09-15 14:41:38','2014-09-15 14:41:37','2014-09-15 14:41:38','2014-09-15 14:41:37'),('SPM','COUNTRY','St. Pierre And Miquelon','PM','666','SPM',NULL,'2014-09-15 14:41:38','2014-09-15 14:41:37','2014-09-15 14:41:38','2014-09-15 14:41:37'),('SRB','COUNTRY','Serbia','RS','688','SRB',NULL,'2014-09-15 14:41:38','2014-09-15 14:41:37','2014-09-15 14:41:38','2014-09-15 14:41:37'),('STP','COUNTRY','Sao Tome And Principe','ST','678','STP',NULL,'2014-09-15 14:41:38','2014-09-15 14:41:37','2014-09-15 14:41:38','2014-09-15 14:41:37'),('SUR','COUNTRY','Suriname','SR','740','SUR',NULL,'2014-09-15 14:41:38','2014-09-15 14:41:37','2014-09-15 14:41:38','2014-09-15 14:41:37'),('SVK','COUNTRY','Slovakia (slovak Republic)','SK','703','SVK',NULL,'2014-09-15 14:41:38','2014-09-15 14:41:37','2014-09-15 14:41:38','2014-09-15 14:41:37'),('SVN','COUNTRY','Slovenia','SI','705','SVN',NULL,'2014-09-15 14:41:38','2014-09-15 14:41:37','2014-09-15 14:41:38','2014-09-15 14:41:37'),('SWE','COUNTRY','Sweden','SE','752','SWE',NULL,'2014-09-15 14:41:38','2014-09-15 14:41:37','2014-09-15 14:41:38','2014-09-15 14:41:37'),('SWZ','COUNTRY','Swaziland','SZ','748','SWZ',NULL,'2014-09-15 14:41:38','2014-09-15 14:41:37','2014-09-15 14:41:38','2014-09-15 14:41:37'),('SYC','COUNTRY','Seychelles','SC','690','SYC',NULL,'2014-09-15 14:41:38','2014-09-15 14:41:37','2014-09-15 14:41:38','2014-09-15 14:41:37'),('SYR','COUNTRY','Syrian Arab Republic','SY','760','SYR',NULL,'2014-09-15 14:41:38','2014-09-15 14:41:37','2014-09-15 14:41:38','2014-09-15 14:41:37'),('TCA','COUNTRY','Turks And Caicos Islands','TC','796','TCA',NULL,'2014-09-15 14:41:38','2014-09-15 14:41:37','2014-09-15 14:41:38','2014-09-15 14:41:37'),('TCD','COUNTRY','Chad','TD','148','TCD',NULL,'2014-09-15 14:41:37','2014-09-15 14:41:37','2014-09-15 14:41:37','2014-09-15 14:41:37'),('TGO','COUNTRY','Togo','TG','768','TGO',NULL,'2014-09-15 14:41:38','2014-09-15 14:41:37','2014-09-15 14:41:38','2014-09-15 14:41:37'),('THA','COUNTRY','Thailand','TH','764','THA',NULL,'2014-09-15 14:41:38','2014-09-15 14:41:37','2014-09-15 14:41:38','2014-09-15 14:41:37'),('TJK','COUNTRY','Tajikistan','TJ','762','TJK',NULL,'2014-09-15 14:41:38','2014-09-15 14:41:37','2014-09-15 14:41:38','2014-09-15 14:41:37'),('TKL','COUNTRY','Tokelau','TK','772','TKL',NULL,'2014-09-15 14:41:38','2014-09-15 14:41:37','2014-09-15 14:41:38','2014-09-15 14:41:37'),('TKM','COUNTRY','Turkmenistan','TM','795','TKM',NULL,'2014-09-15 14:41:38','2014-09-15 14:41:37','2014-09-15 14:41:38','2014-09-15 14:41:37'),('TLS','COUNTRY','East Timor','TL','626','TLS',NULL,'2014-09-15 14:41:37','2014-09-15 14:41:37','2014-09-15 14:41:37','2014-09-15 14:41:37'),('TN','STATE','Tennessee','TN',NULL,'TN',NULL,'2014-09-15 14:41:45','2014-09-15 14:41:45','2014-09-15 14:41:45','2014-09-15 14:41:45'),('TON','COUNTRY','Tonga','TO','776','TON',NULL,'2014-09-15 14:41:38','2014-09-15 14:41:37','2014-09-15 14:41:38','2014-09-15 14:41:37'),('TTO','COUNTRY','Trinidad And Tobago','TT','780','TTO',NULL,'2014-09-15 14:41:38','2014-09-15 14:41:37','2014-09-15 14:41:38','2014-09-15 14:41:37'),('TUN','COUNTRY','Tunisia','TN','788','TUN',NULL,'2014-09-15 14:41:38','2014-09-15 14:41:37','2014-09-15 14:41:38','2014-09-15 14:41:37'),('TUR','COUNTRY','Turkey','TR','792','TUR',NULL,'2014-09-15 14:41:38','2014-09-15 14:41:37','2014-09-15 14:41:38','2014-09-15 14:41:37'),('TUV','COUNTRY','Tuvalu','TV','798','TUV',NULL,'2014-09-15 14:41:38','2014-09-15 14:41:37','2014-09-15 14:41:38','2014-09-15 14:41:37'),('TWN','COUNTRY','Taiwan','TW','158','TWN',NULL,'2014-09-15 14:41:38','2014-09-15 14:41:37','2014-09-15 14:41:38','2014-09-15 14:41:37'),('TX','STATE','Texas','TX',NULL,'TX',NULL,'2014-09-15 14:41:45','2014-09-15 14:41:45','2014-09-15 14:41:45','2014-09-15 14:41:45'),('TZA','COUNTRY','Tanzania, United Republic Of','TZ','834','TZA',NULL,'2014-09-15 14:41:38','2014-09-15 14:41:37','2014-09-15 14:41:38','2014-09-15 14:41:37'),('UAE','COUNTRY','United Arab Emirates','AE','784','UAE',NULL,'2014-09-15 14:41:38','2014-09-15 14:41:37','2014-09-15 14:41:38','2014-09-15 14:41:37'),('UGA','COUNTRY','Uganda','UG','800','UGA',NULL,'2014-09-15 14:41:38','2014-09-15 14:41:37','2014-09-15 14:41:38','2014-09-15 14:41:37'),('UKR','COUNTRY','Ukraine','UA','804','UKR',NULL,'2014-09-15 14:41:38','2014-09-15 14:41:37','2014-09-15 14:41:38','2014-09-15 14:41:37'),('UM','STATE','U.S. Minor Outlying Islands','UM',NULL,'UM',NULL,'2014-09-15 14:41:45','2014-09-15 14:41:45','2014-09-15 14:41:45','2014-09-15 14:41:45'),('UMI','COUNTRY','United States Minor Outlying Islands','UM','581','UMI',NULL,'2014-09-15 14:41:38','2014-09-15 14:41:37','2014-09-15 14:41:38','2014-09-15 14:41:37'),('URY','COUNTRY','Uruguay','UY','858','URY',NULL,'2014-09-15 14:41:38','2014-09-15 14:41:37','2014-09-15 14:41:38','2014-09-15 14:41:37'),('US50','GROUP','US 50 (no APO/FPO)','US50',NULL,'US50',NULL,'2014-09-15 14:41:46','2014-09-15 14:41:45','2014-09-15 14:41:46','2014-09-15 14:41:45'),('USA','COUNTRY','United States','US','840','USA',NULL,'2014-09-15 14:41:38','2014-09-15 14:41:37','2014-09-15 14:41:38','2014-09-15 14:41:37'),('USA-84057','POSTAL_CODE','84057','84057',NULL,'84057',NULL,'2014-09-15 14:41:46','2014-09-15 14:41:45','2014-09-15 14:41:46','2014-09-15 14:41:45'),('USAF','GROUP','US Armed Forces','USAF',NULL,'USAF',NULL,'2014-09-15 14:41:46','2014-09-15 14:41:45','2014-09-15 14:41:46','2014-09-15 14:41:45'),('USALL','GROUP','US All (w/ APO/FPO)','USALL',NULL,'USALL',NULL,'2014-09-15 14:41:46','2014-09-15 14:41:45','2014-09-15 14:41:46','2014-09-15 14:41:45'),('USCAN','GROUP','US/Canada','USCAN',NULL,'USCAN',NULL,'2014-09-15 14:41:46','2014-09-15 14:41:45','2014-09-15 14:41:46','2014-09-15 14:41:45'),('USCN','GROUP','US Continental','USCN',NULL,'USCN',NULL,'2014-09-15 14:41:46','2014-09-15 14:41:45','2014-09-15 14:41:46','2014-09-15 14:41:45'),('USMEXCAN','GROUP','US/Mexico/Canada','USMEXCAN',NULL,'USMEXCAN',NULL,'2014-09-15 14:41:46','2014-09-15 14:41:45','2014-09-15 14:41:46','2014-09-15 14:41:45'),('USTR','GROUP','US Territories','USTR',NULL,'USTR',NULL,'2014-09-15 14:41:46','2014-09-15 14:41:45','2014-09-15 14:41:46','2014-09-15 14:41:45'),('UT','STATE','Utah','UT',NULL,'UT',NULL,'2014-09-15 14:41:45','2014-09-15 14:41:45','2014-09-15 14:41:45','2014-09-15 14:41:45'),('UT-SANPETE','COUNTY','Sanpete','SANPETE',NULL,'SANPETE',NULL,'2014-09-15 14:41:46','2014-09-15 14:41:45','2014-09-15 14:41:46','2014-09-15 14:41:45'),('UT-UTAH','COUNTY','Utah County','UTAH',NULL,'UTAH',NULL,'2014-09-15 14:41:46','2014-09-15 14:41:45','2014-09-15 14:41:46','2014-09-15 14:41:45'),('UZB','COUNTRY','Uzbekistan','UZ','860','UZB',NULL,'2014-09-15 14:41:38','2014-09-15 14:41:37','2014-09-15 14:41:38','2014-09-15 14:41:37'),('VA','STATE','Virginia','VA',NULL,'VA',NULL,'2014-09-15 14:41:45','2014-09-15 14:41:45','2014-09-15 14:41:45','2014-09-15 14:41:45'),('VAT','COUNTRY','Holy See (vatican City State)','VA','336','VAT',NULL,'2014-09-15 14:41:37','2014-09-15 14:41:37','2014-09-15 14:41:37','2014-09-15 14:41:37'),('VCT','COUNTRY','Saint Vincent And The Grenadines','VC','670','VCT',NULL,'2014-09-15 14:41:38','2014-09-15 14:41:37','2014-09-15 14:41:38','2014-09-15 14:41:37'),('VEN','COUNTRY','Venezuela','VE','862','VEN',NULL,'2014-09-15 14:41:38','2014-09-15 14:41:37','2014-09-15 14:41:38','2014-09-15 14:41:37'),('VGB','COUNTRY','Virgin Islands (british)','VG','092','VGB',NULL,'2014-09-15 14:41:38','2014-09-15 14:41:37','2014-09-15 14:41:38','2014-09-15 14:41:37'),('VI','STATE','Virgin Islands','VI',NULL,'VI',NULL,'2014-09-15 14:41:45','2014-09-15 14:41:45','2014-09-15 14:41:45','2014-09-15 14:41:45'),('VIR','COUNTRY','Virgin Islands (u.s.)','VI','850','VIR',NULL,'2014-09-15 14:41:38','2014-09-15 14:41:37','2014-09-15 14:41:38','2014-09-15 14:41:37'),('VNM','COUNTRY','Viet Nam','VN','704','VNM',NULL,'2014-09-15 14:41:38','2014-09-15 14:41:37','2014-09-15 14:41:38','2014-09-15 14:41:37'),('VT','STATE','Vermont','VT',NULL,'VT',NULL,'2014-09-15 14:41:45','2014-09-15 14:41:45','2014-09-15 14:41:45','2014-09-15 14:41:45'),('VUT','COUNTRY','Vanuatu','VU','548','VUT',NULL,'2014-09-15 14:41:38','2014-09-15 14:41:37','2014-09-15 14:41:38','2014-09-15 14:41:37'),('WA','STATE','Washington','WA',NULL,'WA',NULL,'2014-09-15 14:41:45','2014-09-15 14:41:45','2014-09-15 14:41:45','2014-09-15 14:41:45'),('WALS','COUNTRY','Wales','WLS','898','WALS',NULL,'2014-09-15 14:41:38','2014-09-15 14:41:37','2014-09-15 14:41:38','2014-09-15 14:41:37'),('WI','STATE','Wisconsin','WI',NULL,'WI',NULL,'2014-09-15 14:41:45','2014-09-15 14:41:45','2014-09-15 14:41:45','2014-09-15 14:41:45'),('WLF','COUNTRY','Wallis And Futuna Islands','WF','876','WLF',NULL,'2014-09-15 14:41:38','2014-09-15 14:41:37','2014-09-15 14:41:38','2014-09-15 14:41:37'),('WSM','COUNTRY','Samoa','WS','882','WSM',NULL,'2014-09-15 14:41:38','2014-09-15 14:41:37','2014-09-15 14:41:38','2014-09-15 14:41:37'),('WV','STATE','West Virginia','WV',NULL,'WV',NULL,'2014-09-15 14:41:45','2014-09-15 14:41:45','2014-09-15 14:41:45','2014-09-15 14:41:45'),('WY','STATE','Wyoming','WY',NULL,'WY',NULL,'2014-09-15 14:41:45','2014-09-15 14:41:45','2014-09-15 14:41:45','2014-09-15 14:41:45'),('YEM','COUNTRY','Yemen','YE','887','YEM',NULL,'2014-09-15 14:41:38','2014-09-15 14:41:37','2014-09-15 14:41:38','2014-09-15 14:41:37'),('YT','PROVINCE','Yukon','YT',NULL,'YT',NULL,'2014-09-15 14:41:39','2014-09-15 14:41:39','2014-09-15 14:41:39','2014-09-15 14:41:39'),('YUG','COUNTRY','Yugoslavia','YU','891','YUG',NULL,'2014-09-15 14:41:38','2014-09-15 14:41:37','2014-09-15 14:41:38','2014-09-15 14:41:37'),('ZAF','COUNTRY','South Africa','ZA','710','ZAF',NULL,'2014-09-15 14:41:38','2014-09-15 14:41:37','2014-09-15 14:41:38','2014-09-15 14:41:37'),('ZMB','COUNTRY','Zambia','ZM','894','ZMB',NULL,'2014-09-15 14:41:38','2014-09-15 14:41:37','2014-09-15 14:41:38','2014-09-15 14:41:37'),('ZMB-CE','STATE','Central','CE',NULL,'CE',NULL,'2014-09-15 14:41:46','2014-09-15 14:41:46','2014-09-15 14:41:46','2014-09-15 14:41:46'),('ZMB-ES','STATE','Eastern','ES',NULL,'ES',NULL,'2014-09-15 14:41:46','2014-09-15 14:41:46','2014-09-15 14:41:46','2014-09-15 14:41:46'),('ZMB-LP','STATE','Luapula','LP',NULL,'LP',NULL,'2014-09-15 14:41:46','2014-09-15 14:41:46','2014-09-15 14:41:46','2014-09-15 14:41:46'),('ZMB-LS','STATE','Lusaka','LS',NULL,'LS',NULL,'2014-09-15 14:41:46','2014-09-15 14:41:46','2014-09-15 14:41:46','2014-09-15 14:41:46'),('ZMB-NR','STATE','Northern','NR',NULL,'NR',NULL,'2014-09-15 14:41:46','2014-09-15 14:41:46','2014-09-15 14:41:46','2014-09-15 14:41:46'),('ZMB-NW','STATE','North-Western','NW',NULL,'NW',NULL,'2014-09-15 14:41:46','2014-09-15 14:41:46','2014-09-15 14:41:46','2014-09-15 14:41:46'),('ZMB-SO','STATE','Southern','SO',NULL,'SO',NULL,'2014-09-15 14:41:46','2014-09-15 14:41:46','2014-09-15 14:41:46','2014-09-15 14:41:46'),('ZMB-WS','STATE','Western','WS',NULL,'WS',NULL,'2014-09-15 14:41:46','2014-09-15 14:41:46','2014-09-15 14:41:46','2014-09-15 14:41:46'),('ZMB-ZM','STATE','Copperbelt','ZM',NULL,'ZM',NULL,'2014-09-15 14:41:46','2014-09-15 14:41:46','2014-09-15 14:41:46','2014-09-15 14:41:46'),('ZWE','COUNTRY','Zimbabwe','ZW','716','ZWE',NULL,'2014-09-15 14:41:38','2014-09-15 14:41:37','2014-09-15 14:41:38','2014-09-15 14:41:37'),('_NA_',NULL,'Not Applicable','_NA_',NULL,'_NA_',NULL,'2014-09-15 14:41:37','2014-09-15 14:41:37','2014-09-15 14:41:37','2014-09-15 14:41:37');

UNLOCK TABLES;

/*Table structure for table `geo_assoc` */

DROP TABLE IF EXISTS `geo_assoc`;

CREATE TABLE `geo_assoc` (
  `GEO_ID` varchar(60) NOT NULL,
  `GEO_ID_TO` varchar(60) NOT NULL,
  `GEO_ASSOC_TYPE_ID` varchar(20) DEFAULT NULL,
  `LAST_UPDATED_STAMP` datetime DEFAULT NULL,
  `LAST_UPDATED_TX_STAMP` datetime DEFAULT NULL,
  `CREATED_STAMP` datetime DEFAULT NULL,
  `CREATED_TX_STAMP` datetime DEFAULT NULL,
  PRIMARY KEY (`GEO_ID`,`GEO_ID_TO`),
  KEY `GEO_ASSC_TO_MAIN` (`GEO_ID`),
  KEY `GEO_ASSC_TO_ASSC` (`GEO_ID_TO`),
  KEY `GEO_ASSC_TO_TYPE` (`GEO_ASSOC_TYPE_ID`),
  KEY `GEO_ASSOC_TXSTMP` (`LAST_UPDATED_TX_STAMP`),
  KEY `GEO_ASSOC_TXCRTS` (`CREATED_TX_STAMP`),
  CONSTRAINT `GEO_ASSC_TO_ASSC` FOREIGN KEY (`GEO_ID_TO`) REFERENCES `geo` (`GEO_ID`),
  CONSTRAINT `GEO_ASSC_TO_MAIN` FOREIGN KEY (`GEO_ID`) REFERENCES `geo` (`GEO_ID`),
  CONSTRAINT `GEO_ASSC_TO_TYPE` FOREIGN KEY (`GEO_ASSOC_TYPE_ID`) REFERENCES `geo_assoc_type` (`GEO_ASSOC_TYPE_ID`)
) ENGINE=InnoDB DEFAULT CHARSET=utf8;

/*Data for the table `geo_assoc` */

LOCK TABLES `geo_assoc` WRITE;

insert  into `geo_assoc`(`GEO_ID`,`GEO_ID_TO`,`GEO_ASSOC_TYPE_ID`,`LAST_UPDATED_STAMP`,`LAST_UPDATED_TX_STAMP`,`CREATED_STAMP`,`CREATED_TX_STAMP`) values ('AA','USAF','GROUP_MEMBER','2014-09-15 14:41:46','2014-09-15 14:41:45','2014-09-15 14:41:46','2014-09-15 14:41:45'),('AE','USAF','GROUP_MEMBER','2014-09-15 14:41:46','2014-09-15 14:41:45','2014-09-15 14:41:46','2014-09-15 14:41:45'),('AHUST','US50','GROUP_MEMBER','2014-09-15 14:41:46','2014-09-15 14:41:45','2014-09-15 14:41:46','2014-09-15 14:41:45'),('AHUST','USALL','GROUP_MEMBER','2014-09-15 14:41:46','2014-09-15 14:41:45','2014-09-15 14:41:46','2014-09-15 14:41:45'),('AK','AKHI','GROUP_MEMBER','2014-09-15 14:41:46','2014-09-15 14:41:45','2014-09-15 14:41:46','2014-09-15 14:41:45'),('AKHI','AHUST','GROUP_MEMBER','2014-09-15 14:41:46','2014-09-15 14:41:45','2014-09-15 14:41:46','2014-09-15 14:41:45'),('AL','USCN','GROUP_MEMBER','2014-09-15 14:41:46','2014-09-15 14:41:45','2014-09-15 14:41:46','2014-09-15 14:41:45'),('AP','USAF','GROUP_MEMBER','2014-09-15 14:41:46','2014-09-15 14:41:45','2014-09-15 14:41:46','2014-09-15 14:41:45'),('AR','USCN','GROUP_MEMBER','2014-09-15 14:41:46','2014-09-15 14:41:45','2014-09-15 14:41:46','2014-09-15 14:41:45'),('AS','USTR','GROUP_MEMBER','2014-09-15 14:41:46','2014-09-15 14:41:45','2014-09-15 14:41:46','2014-09-15 14:41:45'),('AUS','AU-ACT','REGIONS','2014-09-15 14:41:38','2014-09-15 14:41:38','2014-09-15 14:41:38','2014-09-15 14:41:38'),('AUS','AU-NSW','REGIONS','2014-09-15 14:41:38','2014-09-15 14:41:38','2014-09-15 14:41:38','2014-09-15 14:41:38'),('AUS','AU-NT','REGIONS','2014-09-15 14:41:38','2014-09-15 14:41:38','2014-09-15 14:41:38','2014-09-15 14:41:38'),('AUS','AU-QLD','REGIONS','2014-09-15 14:41:38','2014-09-15 14:41:38','2014-09-15 14:41:38','2014-09-15 14:41:38'),('AUS','AU-SA','REGIONS','2014-09-15 14:41:38','2014-09-15 14:41:38','2014-09-15 14:41:38','2014-09-15 14:41:38'),('AUS','AU-TAS','REGIONS','2014-09-15 14:41:38','2014-09-15 14:41:38','2014-09-15 14:41:38','2014-09-15 14:41:38'),('AUS','AU-VIC','REGIONS','2014-09-15 14:41:38','2014-09-15 14:41:38','2014-09-15 14:41:38','2014-09-15 14:41:38'),('AUS','AU-WA','REGIONS','2014-09-15 14:41:38','2014-09-15 14:41:38','2014-09-15 14:41:38','2014-09-15 14:41:38'),('AUT','EU','GROUP_MEMBER','2014-09-15 14:41:38','2014-09-15 14:41:37','2014-09-15 14:41:38','2014-09-15 14:41:37'),('AZ','USCN','GROUP_MEMBER','2014-09-15 14:41:46','2014-09-15 14:41:45','2014-09-15 14:41:46','2014-09-15 14:41:45'),('BEL','EU','GROUP_MEMBER','2014-09-15 14:41:38','2014-09-15 14:41:37','2014-09-15 14:41:38','2014-09-15 14:41:37'),('BGR','BG-01','REGIONS','2014-09-15 14:41:38','2014-09-15 14:41:38','2014-09-15 14:41:38','2014-09-15 14:41:38'),('BGR','BG-02','REGIONS','2014-09-15 14:41:38','2014-09-15 14:41:38','2014-09-15 14:41:38','2014-09-15 14:41:38'),('BGR','BG-03','REGIONS','2014-09-15 14:41:38','2014-09-15 14:41:38','2014-09-15 14:41:38','2014-09-15 14:41:38'),('BGR','BG-04','REGIONS','2014-09-15 14:41:38','2014-09-15 14:41:38','2014-09-15 14:41:38','2014-09-15 14:41:38'),('BGR','BG-05','REGIONS','2014-09-15 14:41:38','2014-09-15 14:41:38','2014-09-15 14:41:38','2014-09-15 14:41:38'),('BGR','BG-06','REGIONS','2014-09-15 14:41:38','2014-09-15 14:41:38','2014-09-15 14:41:38','2014-09-15 14:41:38'),('BGR','BG-07','REGIONS','2014-09-15 14:41:38','2014-09-15 14:41:38','2014-09-15 14:41:38','2014-09-15 14:41:38'),('BGR','BG-08','REGIONS','2014-09-15 14:41:38','2014-09-15 14:41:38','2014-09-15 14:41:38','2014-09-15 14:41:38'),('BGR','BG-09','REGIONS','2014-09-15 14:41:38','2014-09-15 14:41:38','2014-09-15 14:41:38','2014-09-15 14:41:38'),('BGR','BG-10','REGIONS','2014-09-15 14:41:38','2014-09-15 14:41:38','2014-09-15 14:41:38','2014-09-15 14:41:38'),('BGR','BG-11','REGIONS','2014-09-15 14:41:38','2014-09-15 14:41:38','2014-09-15 14:41:38','2014-09-15 14:41:38'),('BGR','BG-12','REGIONS','2014-09-15 14:41:38','2014-09-15 14:41:38','2014-09-15 14:41:38','2014-09-15 14:41:38'),('BGR','BG-13','REGIONS','2014-09-15 14:41:38','2014-09-15 14:41:38','2014-09-15 14:41:38','2014-09-15 14:41:38'),('BGR','BG-14','REGIONS','2014-09-15 14:41:38','2014-09-15 14:41:38','2014-09-15 14:41:38','2014-09-15 14:41:38'),('BGR','BG-15','REGIONS','2014-09-15 14:41:38','2014-09-15 14:41:38','2014-09-15 14:41:38','2014-09-15 14:41:38'),('BGR','BG-16','REGIONS','2014-09-15 14:41:38','2014-09-15 14:41:38','2014-09-15 14:41:38','2014-09-15 14:41:38'),('BGR','BG-17','REGIONS','2014-09-15 14:41:38','2014-09-15 14:41:38','2014-09-15 14:41:38','2014-09-15 14:41:38'),('BGR','BG-18','REGIONS','2014-09-15 14:41:38','2014-09-15 14:41:38','2014-09-15 14:41:38','2014-09-15 14:41:38'),('BGR','BG-19','REGIONS','2014-09-15 14:41:38','2014-09-15 14:41:38','2014-09-15 14:41:38','2014-09-15 14:41:38'),('BGR','BG-20','REGIONS','2014-09-15 14:41:38','2014-09-15 14:41:38','2014-09-15 14:41:38','2014-09-15 14:41:38'),('BGR','BG-21','REGIONS','2014-09-15 14:41:38','2014-09-15 14:41:38','2014-09-15 14:41:38','2014-09-15 14:41:38'),('BGR','BG-22','REGIONS','2014-09-15 14:41:38','2014-09-15 14:41:38','2014-09-15 14:41:38','2014-09-15 14:41:38'),('BGR','BG-23','REGIONS','2014-09-15 14:41:38','2014-09-15 14:41:38','2014-09-15 14:41:38','2014-09-15 14:41:38'),('BGR','BG-24','REGIONS','2014-09-15 14:41:38','2014-09-15 14:41:38','2014-09-15 14:41:38','2014-09-15 14:41:38'),('BGR','BG-25','REGIONS','2014-09-15 14:41:38','2014-09-15 14:41:38','2014-09-15 14:41:38','2014-09-15 14:41:38'),('BGR','BG-26','REGIONS','2014-09-15 14:41:38','2014-09-15 14:41:38','2014-09-15 14:41:38','2014-09-15 14:41:38'),('BGR','BG-27','REGIONS','2014-09-15 14:41:38','2014-09-15 14:41:38','2014-09-15 14:41:38','2014-09-15 14:41:38'),('BGR','BG-28','REGIONS','2014-09-15 14:41:38','2014-09-15 14:41:38','2014-09-15 14:41:38','2014-09-15 14:41:38'),('BGR','EU','GROUP_MEMBER','2014-09-15 14:41:38','2014-09-15 14:41:37','2014-09-15 14:41:38','2014-09-15 14:41:37'),('BRA','BR-AL','REGIONS','2014-09-15 14:41:39','2014-09-15 14:41:39','2014-09-15 14:41:39','2014-09-15 14:41:39'),('BRA','BR-AM','REGIONS','2014-09-15 14:41:39','2014-09-15 14:41:39','2014-09-15 14:41:39','2014-09-15 14:41:39'),('BRA','BR-AP','REGIONS','2014-09-15 14:41:39','2014-09-15 14:41:39','2014-09-15 14:41:39','2014-09-15 14:41:39'),('BRA','BR-BA','REGIONS','2014-09-15 14:41:39','2014-09-15 14:41:39','2014-09-15 14:41:39','2014-09-15 14:41:39'),('BRA','BR-CE','REGIONS','2014-09-15 14:41:39','2014-09-15 14:41:39','2014-09-15 14:41:39','2014-09-15 14:41:39'),('BRA','BR-DF','REGIONS','2014-09-15 14:41:39','2014-09-15 14:41:39','2014-09-15 14:41:39','2014-09-15 14:41:39'),('BRA','BR-ES','REGIONS','2014-09-15 14:41:39','2014-09-15 14:41:39','2014-09-15 14:41:39','2014-09-15 14:41:39'),('BRA','BR-GO','REGIONS','2014-09-15 14:41:39','2014-09-15 14:41:39','2014-09-15 14:41:39','2014-09-15 14:41:39'),('BRA','BR-MA','REGIONS','2014-09-15 14:41:39','2014-09-15 14:41:39','2014-09-15 14:41:39','2014-09-15 14:41:39'),('BRA','BR-MG','REGIONS','2014-09-15 14:41:39','2014-09-15 14:41:39','2014-09-15 14:41:39','2014-09-15 14:41:39'),('BRA','BR-MS','REGIONS','2014-09-15 14:41:39','2014-09-15 14:41:39','2014-09-15 14:41:39','2014-09-15 14:41:39'),('BRA','BR-MT','REGIONS','2014-09-15 14:41:39','2014-09-15 14:41:39','2014-09-15 14:41:39','2014-09-15 14:41:39'),('BRA','BR-PA','REGIONS','2014-09-15 14:41:39','2014-09-15 14:41:39','2014-09-15 14:41:39','2014-09-15 14:41:39'),('BRA','BR-PB','REGIONS','2014-09-15 14:41:39','2014-09-15 14:41:39','2014-09-15 14:41:39','2014-09-15 14:41:39'),('BRA','BR-PE','REGIONS','2014-09-15 14:41:39','2014-09-15 14:41:39','2014-09-15 14:41:39','2014-09-15 14:41:39'),('BRA','BR-PI','REGIONS','2014-09-15 14:41:39','2014-09-15 14:41:39','2014-09-15 14:41:39','2014-09-15 14:41:39'),('BRA','BR-PR','REGIONS','2014-09-15 14:41:39','2014-09-15 14:41:39','2014-09-15 14:41:39','2014-09-15 14:41:39'),('BRA','BR-RJ','REGIONS','2014-09-15 14:41:39','2014-09-15 14:41:39','2014-09-15 14:41:39','2014-09-15 14:41:39'),('BRA','BR-RN','REGIONS','2014-09-15 14:41:39','2014-09-15 14:41:39','2014-09-15 14:41:39','2014-09-15 14:41:39'),('BRA','BR-RO','REGIONS','2014-09-15 14:41:39','2014-09-15 14:41:39','2014-09-15 14:41:39','2014-09-15 14:41:39'),('BRA','BR-RR','REGIONS','2014-09-15 14:41:39','2014-09-15 14:41:39','2014-09-15 14:41:39','2014-09-15 14:41:39'),('BRA','BR-RS','REGIONS','2014-09-15 14:41:39','2014-09-15 14:41:39','2014-09-15 14:41:39','2014-09-15 14:41:39'),('BRA','BR-SC','REGIONS','2014-09-15 14:41:39','2014-09-15 14:41:39','2014-09-15 14:41:39','2014-09-15 14:41:39'),('BRA','BR-SE','REGIONS','2014-09-15 14:41:39','2014-09-15 14:41:39','2014-09-15 14:41:39','2014-09-15 14:41:39'),('BRA','BR-SP','REGIONS','2014-09-15 14:41:39','2014-09-15 14:41:39','2014-09-15 14:41:39','2014-09-15 14:41:39'),('BRA','BR-TO','REGIONS','2014-09-15 14:41:39','2014-09-15 14:41:39','2014-09-15 14:41:39','2014-09-15 14:41:39'),('CA','USCN','GROUP_MEMBER','2014-09-15 14:41:46','2014-09-15 14:41:45','2014-09-15 14:41:46','2014-09-15 14:41:45'),('CAN','AB','REGIONS','2014-09-15 14:41:39','2014-09-15 14:41:39','2014-09-15 14:41:39','2014-09-15 14:41:39'),('CAN','BC','REGIONS','2014-09-15 14:41:39','2014-09-15 14:41:39','2014-09-15 14:41:39','2014-09-15 14:41:39'),('CAN','MB','REGIONS','2014-09-15 14:41:39','2014-09-15 14:41:39','2014-09-15 14:41:39','2014-09-15 14:41:39'),('CAN','MEXCAN','GROUP_MEMBER','2014-09-15 14:41:44','2014-09-15 14:41:44','2014-09-15 14:41:44','2014-09-15 14:41:44'),('CAN','NB','REGIONS','2014-09-15 14:41:39','2014-09-15 14:41:39','2014-09-15 14:41:39','2014-09-15 14:41:39'),('CAN','NL','REGIONS','2014-09-15 14:41:39','2014-09-15 14:41:39','2014-09-15 14:41:39','2014-09-15 14:41:39'),('CAN','NS','REGIONS','2014-09-15 14:41:39','2014-09-15 14:41:39','2014-09-15 14:41:39','2014-09-15 14:41:39'),('CAN','NT','REGIONS','2014-09-15 14:41:39','2014-09-15 14:41:39','2014-09-15 14:41:39','2014-09-15 14:41:39'),('CAN','NU','REGIONS','2014-09-15 14:41:39','2014-09-15 14:41:39','2014-09-15 14:41:39','2014-09-15 14:41:39'),('CAN','ON','REGIONS','2014-09-15 14:41:39','2014-09-15 14:41:39','2014-09-15 14:41:39','2014-09-15 14:41:39'),('CAN','PE','REGIONS','2014-09-15 14:41:39','2014-09-15 14:41:39','2014-09-15 14:41:39','2014-09-15 14:41:39'),('CAN','QC','REGIONS','2014-09-15 14:41:39','2014-09-15 14:41:39','2014-09-15 14:41:39','2014-09-15 14:41:39'),('CAN','SK','REGIONS','2014-09-15 14:41:39','2014-09-15 14:41:39','2014-09-15 14:41:39','2014-09-15 14:41:39'),('CAN','USCAN','GROUP_MEMBER','2014-09-15 14:41:46','2014-09-15 14:41:45','2014-09-15 14:41:46','2014-09-15 14:41:45'),('CAN','USMEXCAN','GROUP_MEMBER','2014-09-15 14:41:46','2014-09-15 14:41:45','2014-09-15 14:41:46','2014-09-15 14:41:45'),('CAN','YT','REGIONS','2014-09-15 14:41:39','2014-09-15 14:41:39','2014-09-15 14:41:39','2014-09-15 14:41:39'),('CHE','CH-AG','REGIONS','2014-09-15 14:41:39','2014-09-15 14:41:39','2014-09-15 14:41:39','2014-09-15 14:41:39'),('CHE','CH-AI','REGIONS','2014-09-15 14:41:39','2014-09-15 14:41:39','2014-09-15 14:41:39','2014-09-15 14:41:39'),('CHE','CH-AR','REGIONS','2014-09-15 14:41:39','2014-09-15 14:41:39','2014-09-15 14:41:39','2014-09-15 14:41:39'),('CHE','CH-BE','REGIONS','2014-09-15 14:41:39','2014-09-15 14:41:39','2014-09-15 14:41:39','2014-09-15 14:41:39'),('CHE','CH-BL','REGIONS','2014-09-15 14:41:39','2014-09-15 14:41:39','2014-09-15 14:41:39','2014-09-15 14:41:39'),('CHE','CH-BS','REGIONS','2014-09-15 14:41:39','2014-09-15 14:41:39','2014-09-15 14:41:39','2014-09-15 14:41:39'),('CHE','CH-FR','REGIONS','2014-09-15 14:41:39','2014-09-15 14:41:39','2014-09-15 14:41:39','2014-09-15 14:41:39'),('CHE','CH-GE','REGIONS','2014-09-15 14:41:39','2014-09-15 14:41:39','2014-09-15 14:41:39','2014-09-15 14:41:39'),('CHE','CH-GL','REGIONS','2014-09-15 14:41:39','2014-09-15 14:41:39','2014-09-15 14:41:39','2014-09-15 14:41:39'),('CHE','CH-GR','REGIONS','2014-09-15 14:41:39','2014-09-15 14:41:39','2014-09-15 14:41:39','2014-09-15 14:41:39'),('CHE','CH-JU','REGIONS','2014-09-15 14:41:39','2014-09-15 14:41:39','2014-09-15 14:41:39','2014-09-15 14:41:39'),('CHE','CH-LU','REGIONS','2014-09-15 14:41:39','2014-09-15 14:41:39','2014-09-15 14:41:39','2014-09-15 14:41:39'),('CHE','CH-NE','REGIONS','2014-09-15 14:41:39','2014-09-15 14:41:39','2014-09-15 14:41:39','2014-09-15 14:41:39'),('CHE','CH-NW','REGIONS','2014-09-15 14:41:39','2014-09-15 14:41:39','2014-09-15 14:41:39','2014-09-15 14:41:39'),('CHE','CH-OW','REGIONS','2014-09-15 14:41:39','2014-09-15 14:41:39','2014-09-15 14:41:39','2014-09-15 14:41:39'),('CHE','CH-SG','REGIONS','2014-09-15 14:41:39','2014-09-15 14:41:39','2014-09-15 14:41:39','2014-09-15 14:41:39'),('CHE','CH-SH','REGIONS','2014-09-15 14:41:39','2014-09-15 14:41:39','2014-09-15 14:41:39','2014-09-15 14:41:39'),('CHE','CH-SO','REGIONS','2014-09-15 14:41:39','2014-09-15 14:41:39','2014-09-15 14:41:39','2014-09-15 14:41:39'),('CHE','CH-SZ','REGIONS','2014-09-15 14:41:39','2014-09-15 14:41:39','2014-09-15 14:41:39','2014-09-15 14:41:39'),('CHE','CH-TG','REGIONS','2014-09-15 14:41:39','2014-09-15 14:41:39','2014-09-15 14:41:39','2014-09-15 14:41:39'),('CHE','CH-TI','REGIONS','2014-09-15 14:41:39','2014-09-15 14:41:39','2014-09-15 14:41:39','2014-09-15 14:41:39'),('CHE','CH-UR','REGIONS','2014-09-15 14:41:39','2014-09-15 14:41:39','2014-09-15 14:41:39','2014-09-15 14:41:39'),('CHE','CH-VD','REGIONS','2014-09-15 14:41:39','2014-09-15 14:41:39','2014-09-15 14:41:39','2014-09-15 14:41:39'),('CHE','CH-VS','REGIONS','2014-09-15 14:41:39','2014-09-15 14:41:39','2014-09-15 14:41:39','2014-09-15 14:41:39'),('CHE','CH-ZG','REGIONS','2014-09-15 14:41:39','2014-09-15 14:41:39','2014-09-15 14:41:39','2014-09-15 14:41:39'),('CHE','CH-ZH','REGIONS','2014-09-15 14:41:39','2014-09-15 14:41:39','2014-09-15 14:41:39','2014-09-15 14:41:39'),('CHN','CN-11','REGIONS','2014-09-15 14:41:39','2014-09-15 14:41:39','2014-09-15 14:41:39','2014-09-15 14:41:39'),('CHN','CN-12','REGIONS','2014-09-15 14:41:39','2014-09-15 14:41:39','2014-09-15 14:41:39','2014-09-15 14:41:39'),('CHN','CN-13','REGIONS','2014-09-15 14:41:40','2014-09-15 14:41:39','2014-09-15 14:41:40','2014-09-15 14:41:39'),('CHN','CN-14','REGIONS','2014-09-15 14:41:40','2014-09-15 14:41:39','2014-09-15 14:41:40','2014-09-15 14:41:39'),('CHN','CN-15','REGIONS','2014-09-15 14:41:40','2014-09-15 14:41:39','2014-09-15 14:41:40','2014-09-15 14:41:39'),('CHN','CN-21','REGIONS','2014-09-15 14:41:40','2014-09-15 14:41:39','2014-09-15 14:41:40','2014-09-15 14:41:39'),('CHN','CN-22','REGIONS','2014-09-15 14:41:40','2014-09-15 14:41:39','2014-09-15 14:41:40','2014-09-15 14:41:39'),('CHN','CN-23','REGIONS','2014-09-15 14:41:39','2014-09-15 14:41:39','2014-09-15 14:41:39','2014-09-15 14:41:39'),('CHN','CN-31','REGIONS','2014-09-15 14:41:39','2014-09-15 14:41:39','2014-09-15 14:41:39','2014-09-15 14:41:39'),('CHN','CN-32','REGIONS','2014-09-15 14:41:40','2014-09-15 14:41:39','2014-09-15 14:41:40','2014-09-15 14:41:39'),('CHN','CN-33','REGIONS','2014-09-15 14:41:40','2014-09-15 14:41:39','2014-09-15 14:41:40','2014-09-15 14:41:39'),('CHN','CN-34','REGIONS','2014-09-15 14:41:40','2014-09-15 14:41:39','2014-09-15 14:41:40','2014-09-15 14:41:39'),('CHN','CN-35','REGIONS','2014-09-15 14:41:40','2014-09-15 14:41:39','2014-09-15 14:41:40','2014-09-15 14:41:39'),('CHN','CN-36','REGIONS','2014-09-15 14:41:40','2014-09-15 14:41:39','2014-09-15 14:41:40','2014-09-15 14:41:39'),('CHN','CN-37','REGIONS','2014-09-15 14:41:40','2014-09-15 14:41:39','2014-09-15 14:41:40','2014-09-15 14:41:39'),('CHN','CN-41','REGIONS','2014-09-15 14:41:40','2014-09-15 14:41:39','2014-09-15 14:41:40','2014-09-15 14:41:39'),('CHN','CN-42','REGIONS','2014-09-15 14:41:40','2014-09-15 14:41:39','2014-09-15 14:41:40','2014-09-15 14:41:39'),('CHN','CN-43','REGIONS','2014-09-15 14:41:40','2014-09-15 14:41:39','2014-09-15 14:41:40','2014-09-15 14:41:39'),('CHN','CN-44','REGIONS','2014-09-15 14:41:40','2014-09-15 14:41:39','2014-09-15 14:41:40','2014-09-15 14:41:39'),('CHN','CN-45','REGIONS','2014-09-15 14:41:40','2014-09-15 14:41:39','2014-09-15 14:41:40','2014-09-15 14:41:39'),('CHN','CN-46','REGIONS','2014-09-15 14:41:40','2014-09-15 14:41:39','2014-09-15 14:41:40','2014-09-15 14:41:39'),('CHN','CN-50','REGIONS','2014-09-15 14:41:39','2014-09-15 14:41:39','2014-09-15 14:41:39','2014-09-15 14:41:39'),('CHN','CN-51','REGIONS','2014-09-15 14:41:40','2014-09-15 14:41:39','2014-09-15 14:41:40','2014-09-15 14:41:39'),('CHN','CN-52','REGIONS','2014-09-15 14:41:40','2014-09-15 14:41:39','2014-09-15 14:41:40','2014-09-15 14:41:39'),('CHN','CN-53','REGIONS','2014-09-15 14:41:40','2014-09-15 14:41:39','2014-09-15 14:41:40','2014-09-15 14:41:39'),('CHN','CN-54','REGIONS','2014-09-15 14:41:40','2014-09-15 14:41:39','2014-09-15 14:41:40','2014-09-15 14:41:39'),('CHN','CN-61','REGIONS','2014-09-15 14:41:40','2014-09-15 14:41:39','2014-09-15 14:41:40','2014-09-15 14:41:39'),('CHN','CN-62','REGIONS','2014-09-15 14:41:40','2014-09-15 14:41:39','2014-09-15 14:41:40','2014-09-15 14:41:39'),('CHN','CN-63','REGIONS','2014-09-15 14:41:40','2014-09-15 14:41:39','2014-09-15 14:41:40','2014-09-15 14:41:39'),('CHN','CN-64','REGIONS','2014-09-15 14:41:40','2014-09-15 14:41:39','2014-09-15 14:41:40','2014-09-15 14:41:39'),('CHN','CN-65','REGIONS','2014-09-15 14:41:40','2014-09-15 14:41:39','2014-09-15 14:41:40','2014-09-15 14:41:39'),('CHN','CN-71','REGIONS','2014-09-15 14:41:40','2014-09-15 14:41:39','2014-09-15 14:41:40','2014-09-15 14:41:39'),('CHN','CN-91','REGIONS','2014-09-15 14:41:40','2014-09-15 14:41:39','2014-09-15 14:41:40','2014-09-15 14:41:39'),('CHN','CN-92','REGIONS','2014-09-15 14:41:40','2014-09-15 14:41:39','2014-09-15 14:41:40','2014-09-15 14:41:39'),('CO','USCN','GROUP_MEMBER','2014-09-15 14:41:46','2014-09-15 14:41:45','2014-09-15 14:41:46','2014-09-15 14:41:45'),('COD','COD-ST1','REGIONS','2014-10-15 18:06:22','2014-10-15 18:06:22','2014-10-15 18:06:22','2014-10-15 18:06:22'),('COD','COD-ST2','REGIONS',NULL,NULL,NULL,NULL),('COL','CO-AMA','REGIONS','2014-09-15 14:41:40','2014-09-15 14:41:40','2014-09-15 14:41:40','2014-09-15 14:41:40'),('COL','CO-ANT','REGIONS','2014-09-15 14:41:40','2014-09-15 14:41:40','2014-09-15 14:41:40','2014-09-15 14:41:40'),('COL','CO-ARA','REGIONS','2014-09-15 14:41:40','2014-09-15 14:41:40','2014-09-15 14:41:40','2014-09-15 14:41:40'),('COL','CO-ATL','REGIONS','2014-09-15 14:41:40','2014-09-15 14:41:40','2014-09-15 14:41:40','2014-09-15 14:41:40'),('COL','CO-BOL','REGIONS','2014-09-15 14:41:40','2014-09-15 14:41:40','2014-09-15 14:41:40','2014-09-15 14:41:40'),('COL','CO-BOY','REGIONS','2014-09-15 14:41:40','2014-09-15 14:41:40','2014-09-15 14:41:40','2014-09-15 14:41:40'),('COL','CO-CAL','REGIONS','2014-09-15 14:41:40','2014-09-15 14:41:40','2014-09-15 14:41:40','2014-09-15 14:41:40'),('COL','CO-CAQ','REGIONS','2014-09-15 14:41:40','2014-09-15 14:41:40','2014-09-15 14:41:40','2014-09-15 14:41:40'),('COL','CO-CAS','REGIONS','2014-09-15 14:41:40','2014-09-15 14:41:40','2014-09-15 14:41:40','2014-09-15 14:41:40'),('COL','CO-CAU','REGIONS','2014-09-15 14:41:40','2014-09-15 14:41:40','2014-09-15 14:41:40','2014-09-15 14:41:40'),('COL','CO-CES','REGIONS','2014-09-15 14:41:40','2014-09-15 14:41:40','2014-09-15 14:41:40','2014-09-15 14:41:40'),('COL','CO-CHO','REGIONS','2014-09-15 14:41:40','2014-09-15 14:41:40','2014-09-15 14:41:40','2014-09-15 14:41:40'),('COL','CO-COR','REGIONS','2014-09-15 14:41:40','2014-09-15 14:41:40','2014-09-15 14:41:40','2014-09-15 14:41:40'),('COL','CO-CUN','REGIONS','2014-09-15 14:41:40','2014-09-15 14:41:40','2014-09-15 14:41:40','2014-09-15 14:41:40'),('COL','CO-DC','REGIONS','2014-09-15 14:41:40','2014-09-15 14:41:40','2014-09-15 14:41:40','2014-09-15 14:41:40'),('COL','CO-GUA','REGIONS','2014-09-15 14:41:40','2014-09-15 14:41:40','2014-09-15 14:41:40','2014-09-15 14:41:40'),('COL','CO-GUV','REGIONS','2014-09-15 14:41:40','2014-09-15 14:41:40','2014-09-15 14:41:40','2014-09-15 14:41:40'),('COL','CO-HUI','REGIONS','2014-09-15 14:41:40','2014-09-15 14:41:40','2014-09-15 14:41:40','2014-09-15 14:41:40'),('COL','CO-LAG','REGIONS','2014-09-15 14:41:40','2014-09-15 14:41:40','2014-09-15 14:41:40','2014-09-15 14:41:40'),('COL','CO-MAG','REGIONS','2014-09-15 14:41:40','2014-09-15 14:41:40','2014-09-15 14:41:40','2014-09-15 14:41:40'),('COL','CO-MET','REGIONS','2014-09-15 14:41:40','2014-09-15 14:41:40','2014-09-15 14:41:40','2014-09-15 14:41:40'),('COL','CO-NAR','REGIONS','2014-09-15 14:41:40','2014-09-15 14:41:40','2014-09-15 14:41:40','2014-09-15 14:41:40'),('COL','CO-NSA','REGIONS','2014-09-15 14:41:40','2014-09-15 14:41:40','2014-09-15 14:41:40','2014-09-15 14:41:40'),('COL','CO-PUT','REGIONS','2014-09-15 14:41:40','2014-09-15 14:41:40','2014-09-15 14:41:40','2014-09-15 14:41:40'),('COL','CO-QUI','REGIONS','2014-09-15 14:41:40','2014-09-15 14:41:40','2014-09-15 14:41:40','2014-09-15 14:41:40'),('COL','CO-RIS','REGIONS','2014-09-15 14:41:40','2014-09-15 14:41:40','2014-09-15 14:41:40','2014-09-15 14:41:40'),('COL','CO-SAN','REGIONS','2014-09-15 14:41:40','2014-09-15 14:41:40','2014-09-15 14:41:40','2014-09-15 14:41:40'),('COL','CO-SAP','REGIONS','2014-09-15 14:41:40','2014-09-15 14:41:40','2014-09-15 14:41:40','2014-09-15 14:41:40'),('COL','CO-SUC','REGIONS','2014-09-15 14:41:40','2014-09-15 14:41:40','2014-09-15 14:41:40','2014-09-15 14:41:40'),('COL','CO-TOL','REGIONS','2014-09-15 14:41:40','2014-09-15 14:41:40','2014-09-15 14:41:40','2014-09-15 14:41:40'),('COL','CO-VAC','REGIONS','2014-09-15 14:41:40','2014-09-15 14:41:40','2014-09-15 14:41:40','2014-09-15 14:41:40'),('COL','CO-VAU','REGIONS','2014-09-15 14:41:40','2014-09-15 14:41:40','2014-09-15 14:41:40','2014-09-15 14:41:40'),('COL','CO-VID','REGIONS','2014-09-15 14:41:40','2014-09-15 14:41:40','2014-09-15 14:41:40','2014-09-15 14:41:40'),('CT','USCN','GROUP_MEMBER','2014-09-15 14:41:46','2014-09-15 14:41:45','2014-09-15 14:41:46','2014-09-15 14:41:45'),('CYP','EU','GROUP_MEMBER','2014-09-15 14:41:38','2014-09-15 14:41:37','2014-09-15 14:41:38','2014-09-15 14:41:37'),('CZE','EU','GROUP_MEMBER','2014-09-15 14:41:38','2014-09-15 14:41:37','2014-09-15 14:41:38','2014-09-15 14:41:37'),('DC','USCN','GROUP_MEMBER','2014-09-15 14:41:46','2014-09-15 14:41:45','2014-09-15 14:41:46','2014-09-15 14:41:45'),('DE','USCN','GROUP_MEMBER','2014-09-15 14:41:46','2014-09-15 14:41:45','2014-09-15 14:41:46','2014-09-15 14:41:45'),('DEU','DE-BE','REGIONS','2014-09-15 14:41:40','2014-09-15 14:41:40','2014-09-15 14:41:40','2014-09-15 14:41:40'),('DEU','DE-BR','REGIONS','2014-09-15 14:41:40','2014-09-15 14:41:40','2014-09-15 14:41:40','2014-09-15 14:41:40'),('DEU','DE-BW','REGIONS','2014-09-15 14:41:40','2014-09-15 14:41:40','2014-09-15 14:41:40','2014-09-15 14:41:40'),('DEU','DE-BY','REGIONS','2014-09-15 14:41:40','2014-09-15 14:41:40','2014-09-15 14:41:40','2014-09-15 14:41:40'),('DEU','DE-HB','REGIONS','2014-09-15 14:41:40','2014-09-15 14:41:40','2014-09-15 14:41:40','2014-09-15 14:41:40'),('DEU','DE-HE','REGIONS','2014-09-15 14:41:40','2014-09-15 14:41:40','2014-09-15 14:41:40','2014-09-15 14:41:40'),('DEU','DE-HH','REGIONS','2014-09-15 14:41:40','2014-09-15 14:41:40','2014-09-15 14:41:40','2014-09-15 14:41:40'),('DEU','DE-MV','REGIONS','2014-09-15 14:41:40','2014-09-15 14:41:40','2014-09-15 14:41:40','2014-09-15 14:41:40'),('DEU','DE-NI','REGIONS','2014-09-15 14:41:40','2014-09-15 14:41:40','2014-09-15 14:41:40','2014-09-15 14:41:40'),('DEU','DE-NW','REGIONS','2014-09-15 14:41:40','2014-09-15 14:41:40','2014-09-15 14:41:40','2014-09-15 14:41:40'),('DEU','DE-RP','REGIONS','2014-09-15 14:41:40','2014-09-15 14:41:40','2014-09-15 14:41:40','2014-09-15 14:41:40'),('DEU','DE-SA','REGIONS','2014-09-15 14:41:40','2014-09-15 14:41:40','2014-09-15 14:41:40','2014-09-15 14:41:40'),('DEU','DE-SH','REGIONS','2014-09-15 14:41:40','2014-09-15 14:41:40','2014-09-15 14:41:40','2014-09-15 14:41:40'),('DEU','DE-SL','REGIONS','2014-09-15 14:41:40','2014-09-15 14:41:40','2014-09-15 14:41:40','2014-09-15 14:41:40'),('DEU','DE-SN','REGIONS','2014-09-15 14:41:40','2014-09-15 14:41:40','2014-09-15 14:41:40','2014-09-15 14:41:40'),('DEU','DE-TH','REGIONS','2014-09-15 14:41:40','2014-09-15 14:41:40','2014-09-15 14:41:40','2014-09-15 14:41:40'),('DEU','EU','GROUP_MEMBER','2014-09-15 14:41:38','2014-09-15 14:41:37','2014-09-15 14:41:38','2014-09-15 14:41:37'),('DNK','EU','GROUP_MEMBER','2014-09-15 14:41:38','2014-09-15 14:41:37','2014-09-15 14:41:38','2014-09-15 14:41:37'),('ENGL','GB-BDFD','REGIONS','2014-09-15 14:41:45','2014-09-15 14:41:45','2014-09-15 14:41:45','2014-09-15 14:41:45'),('ENGL','GB-BRKS','REGIONS','2014-09-15 14:41:45','2014-09-15 14:41:45','2014-09-15 14:41:45','2014-09-15 14:41:45'),('ENGL','GB-BUCKS','REGIONS','2014-09-15 14:41:45','2014-09-15 14:41:45','2014-09-15 14:41:45','2014-09-15 14:41:45'),('ENGL','GB-BWKS','REGIONS','2014-09-15 14:41:45','2014-09-15 14:41:45','2014-09-15 14:41:45','2014-09-15 14:41:45'),('ENGL','GB-CAMBS','REGIONS','2014-09-15 14:41:45','2014-09-15 14:41:45','2014-09-15 14:41:45','2014-09-15 14:41:45'),('ENGL','GB-CHES','REGIONS','2014-09-15 14:41:45','2014-09-15 14:41:45','2014-09-15 14:41:45','2014-09-15 14:41:45'),('ENGL','GB-CNWL','REGIONS','2014-09-15 14:41:45','2014-09-15 14:41:45','2014-09-15 14:41:45','2014-09-15 14:41:45'),('ENGL','GB-CUMB','REGIONS','2014-09-15 14:41:45','2014-09-15 14:41:45','2014-09-15 14:41:45','2014-09-15 14:41:45'),('ENGL','GB-DEVON','REGIONS','2014-09-15 14:41:45','2014-09-15 14:41:45','2014-09-15 14:41:45','2014-09-15 14:41:45'),('ENGL','GB-DRBYS','REGIONS','2014-09-15 14:41:45','2014-09-15 14:41:45','2014-09-15 14:41:45','2014-09-15 14:41:45'),('ENGL','GB-DRHM','REGIONS','2014-09-15 14:41:45','2014-09-15 14:41:45','2014-09-15 14:41:45','2014-09-15 14:41:45'),('ENGL','GB-DRST','REGIONS','2014-09-15 14:41:45','2014-09-15 14:41:45','2014-09-15 14:41:45','2014-09-15 14:41:45'),('ENGL','GB-ESSX','REGIONS','2014-09-15 14:41:45','2014-09-15 14:41:45','2014-09-15 14:41:45','2014-09-15 14:41:45'),('ENGL','GB-GLOU','REGIONS','2014-09-15 14:41:45','2014-09-15 14:41:45','2014-09-15 14:41:45','2014-09-15 14:41:45'),('ENGL','GB-HAMPS','REGIONS','2014-09-15 14:41:45','2014-09-15 14:41:45','2014-09-15 14:41:45','2014-09-15 14:41:45'),('ENGL','GB-HERTS','REGIONS','2014-09-15 14:41:45','2014-09-15 14:41:45','2014-09-15 14:41:45','2014-09-15 14:41:45'),('ENGL','GB-HRFDS','REGIONS','2014-09-15 14:41:45','2014-09-15 14:41:45','2014-09-15 14:41:45','2014-09-15 14:41:45'),('ENGL','GB-HUNTS','REGIONS','2014-09-15 14:41:45','2014-09-15 14:41:45','2014-09-15 14:41:45','2014-09-15 14:41:45'),('ENGL','GB-KENT','REGIONS','2014-09-15 14:41:45','2014-09-15 14:41:45','2014-09-15 14:41:45','2014-09-15 14:41:45'),('ENGL','GB-LANCS','REGIONS','2014-09-15 14:41:45','2014-09-15 14:41:45','2014-09-15 14:41:45','2014-09-15 14:41:45'),('ENGL','GB-LIECS','REGIONS','2014-09-15 14:41:45','2014-09-15 14:41:45','2014-09-15 14:41:45','2014-09-15 14:41:45'),('ENGL','GB-LINCS','REGIONS','2014-09-15 14:41:45','2014-09-15 14:41:45','2014-09-15 14:41:45','2014-09-15 14:41:45'),('ENGL','GB-MSEX','REGIONS','2014-09-15 14:41:45','2014-09-15 14:41:45','2014-09-15 14:41:45','2014-09-15 14:41:45'),('ENGL','GB-NFLK','REGIONS','2014-09-15 14:41:45','2014-09-15 14:41:45','2014-09-15 14:41:45','2014-09-15 14:41:45'),('ENGL','GB-NHANTS','REGIONS','2014-09-15 14:41:45','2014-09-15 14:41:45','2014-09-15 14:41:45','2014-09-15 14:41:45'),('ENGL','GB-NHUMB','REGIONS','2014-09-15 14:41:45','2014-09-15 14:41:45','2014-09-15 14:41:45','2014-09-15 14:41:45'),('ENGL','GB-NOTTS','REGIONS','2014-09-15 14:41:45','2014-09-15 14:41:45','2014-09-15 14:41:45','2014-09-15 14:41:45'),('ENGL','GB-OXFD','REGIONS','2014-09-15 14:41:45','2014-09-15 14:41:45','2014-09-15 14:41:45','2014-09-15 14:41:45'),('ENGL','GB-RUTL','REGIONS','2014-09-15 14:41:45','2014-09-15 14:41:45','2014-09-15 14:41:45','2014-09-15 14:41:45'),('ENGL','GB-SFFK','REGIONS','2014-09-15 14:41:45','2014-09-15 14:41:45','2014-09-15 14:41:45','2014-09-15 14:41:45'),('ENGL','GB-SHROPS','REGIONS','2014-09-15 14:41:45','2014-09-15 14:41:45','2014-09-15 14:41:45','2014-09-15 14:41:45'),('ENGL','GB-SOMST','REGIONS','2014-09-15 14:41:45','2014-09-15 14:41:45','2014-09-15 14:41:45','2014-09-15 14:41:45'),('ENGL','GB-STAFFS','REGIONS','2014-09-15 14:41:45','2014-09-15 14:41:45','2014-09-15 14:41:45','2014-09-15 14:41:45'),('ENGL','GB-SURR','REGIONS','2014-09-15 14:41:45','2014-09-15 14:41:45','2014-09-15 14:41:45','2014-09-15 14:41:45'),('ENGL','GB-SUSX','REGIONS','2014-09-15 14:41:45','2014-09-15 14:41:45','2014-09-15 14:41:45','2014-09-15 14:41:45'),('ENGL','GB-WILTS','REGIONS','2014-09-15 14:41:45','2014-09-15 14:41:45','2014-09-15 14:41:45','2014-09-15 14:41:45'),('ENGL','GB-WMLD','REGIONS','2014-09-15 14:41:45','2014-09-15 14:41:45','2014-09-15 14:41:45','2014-09-15 14:41:45'),('ENGL','GB-WORCS','REGIONS','2014-09-15 14:41:45','2014-09-15 14:41:45','2014-09-15 14:41:45','2014-09-15 14:41:45'),('ENGL','GB-WWKS','REGIONS','2014-09-15 14:41:45','2014-09-15 14:41:45','2014-09-15 14:41:45','2014-09-15 14:41:45'),('ENGL','GB-YORKS','REGIONS','2014-09-15 14:41:45','2014-09-15 14:41:45','2014-09-15 14:41:45','2014-09-15 14:41:45'),('ENGL','GBR','GROUP_MEMBER','2014-09-15 14:41:38','2014-09-15 14:41:37','2014-09-15 14:41:38','2014-09-15 14:41:37'),('ES-AN','ES-AL','REGIONS','2014-09-15 14:41:40','2014-09-15 14:41:40','2014-09-15 14:41:40','2014-09-15 14:41:40'),('ES-AN','ES-CA','REGIONS','2014-09-15 14:41:40','2014-09-15 14:41:40','2014-09-15 14:41:40','2014-09-15 14:41:40'),('ES-AN','ES-CO','REGIONS','2014-09-15 14:41:40','2014-09-15 14:41:40','2014-09-15 14:41:40','2014-09-15 14:41:40'),('ES-AN','ES-GR','REGIONS','2014-09-15 14:41:40','2014-09-15 14:41:40','2014-09-15 14:41:40','2014-09-15 14:41:40'),('ES-AN','ES-H','REGIONS','2014-09-15 14:41:40','2014-09-15 14:41:40','2014-09-15 14:41:40','2014-09-15 14:41:40'),('ES-AN','ES-J','REGIONS','2014-09-15 14:41:40','2014-09-15 14:41:40','2014-09-15 14:41:40','2014-09-15 14:41:40'),('ES-AN','ES-MA','REGIONS','2014-09-15 14:41:40','2014-09-15 14:41:40','2014-09-15 14:41:40','2014-09-15 14:41:40'),('ES-AN','ES-SE','REGIONS','2014-09-15 14:41:40','2014-09-15 14:41:40','2014-09-15 14:41:40','2014-09-15 14:41:40'),('ES-AR','ES-HU','REGIONS','2014-09-15 14:41:41','2014-09-15 14:41:40','2014-09-15 14:41:41','2014-09-15 14:41:40'),('ES-AR','ES-TE','REGIONS','2014-09-15 14:41:41','2014-09-15 14:41:40','2014-09-15 14:41:41','2014-09-15 14:41:40'),('ES-AR','ES-Z','REGIONS','2014-09-15 14:41:41','2014-09-15 14:41:40','2014-09-15 14:41:41','2014-09-15 14:41:40'),('ES-AS','ES-O','REGIONS','2014-09-15 14:41:40','2014-09-15 14:41:40','2014-09-15 14:41:40','2014-09-15 14:41:40'),('ES-CAN','ES-S','REGIONS','2014-09-15 14:41:41','2014-09-15 14:41:40','2014-09-15 14:41:41','2014-09-15 14:41:40'),('ES-CL','ES-AV','REGIONS','2014-09-15 14:41:40','2014-09-15 14:41:40','2014-09-15 14:41:40','2014-09-15 14:41:40'),('ES-CL','ES-BU','REGIONS','2014-09-15 14:41:40','2014-09-15 14:41:40','2014-09-15 14:41:40','2014-09-15 14:41:40'),('ES-CL','ES-CR','REGIONS','2014-09-15 14:41:40','2014-09-15 14:41:40','2014-09-15 14:41:40','2014-09-15 14:41:40'),('ES-CL','ES-LE','REGIONS','2014-09-15 14:41:40','2014-09-15 14:41:40','2014-09-15 14:41:40','2014-09-15 14:41:40'),('ES-CL','ES-P','REGIONS','2014-09-15 14:41:40','2014-09-15 14:41:40','2014-09-15 14:41:40','2014-09-15 14:41:40'),('ES-CL','ES-SA','REGIONS','2014-09-15 14:41:40','2014-09-15 14:41:40','2014-09-15 14:41:40','2014-09-15 14:41:40'),('ES-CL','ES-SG','REGIONS','2014-09-15 14:41:40','2014-09-15 14:41:40','2014-09-15 14:41:40','2014-09-15 14:41:40'),('ES-CL','ES-SO','REGIONS','2014-09-15 14:41:40','2014-09-15 14:41:40','2014-09-15 14:41:40','2014-09-15 14:41:40'),('ES-CL','ES-VA','REGIONS','2014-09-15 14:41:40','2014-09-15 14:41:40','2014-09-15 14:41:40','2014-09-15 14:41:40'),('ES-CL','ES-ZA','REGIONS','2014-09-15 14:41:40','2014-09-15 14:41:40','2014-09-15 14:41:40','2014-09-15 14:41:40'),('ES-CM','ES-AB','REGIONS','2014-09-15 14:41:40','2014-09-15 14:41:40','2014-09-15 14:41:40','2014-09-15 14:41:40'),('ES-CM','ES-CU','REGIONS','2014-09-15 14:41:40','2014-09-15 14:41:40','2014-09-15 14:41:40','2014-09-15 14:41:40'),('ES-CM','ES-GU','REGIONS','2014-09-15 14:41:40','2014-09-15 14:41:40','2014-09-15 14:41:40','2014-09-15 14:41:40'),('ES-CM','ES-TO','REGIONS','2014-09-15 14:41:40','2014-09-15 14:41:40','2014-09-15 14:41:40','2014-09-15 14:41:40'),('ES-CN','ES-GC','REGIONS','2014-09-15 14:41:41','2014-09-15 14:41:40','2014-09-15 14:41:41','2014-09-15 14:41:40'),('ES-CN','ES-TF','REGIONS','2014-09-15 14:41:41','2014-09-15 14:41:40','2014-09-15 14:41:41','2014-09-15 14:41:40'),('ES-CT','ES-B','REGIONS','2014-09-15 14:41:41','2014-09-15 14:41:40','2014-09-15 14:41:41','2014-09-15 14:41:40'),('ES-CT','ES-GI','REGIONS','2014-09-15 14:41:41','2014-09-15 14:41:40','2014-09-15 14:41:41','2014-09-15 14:41:40'),('ES-CT','ES-L','REGIONS','2014-09-15 14:41:41','2014-09-15 14:41:40','2014-09-15 14:41:41','2014-09-15 14:41:40'),('ES-CT','ES-T','REGIONS','2014-09-15 14:41:41','2014-09-15 14:41:40','2014-09-15 14:41:41','2014-09-15 14:41:40'),('ES-EX','ES-BA','REGIONS','2014-09-15 14:41:41','2014-09-15 14:41:40','2014-09-15 14:41:41','2014-09-15 14:41:40'),('ES-EX','ES-CC','REGIONS','2014-09-15 14:41:41','2014-09-15 14:41:40','2014-09-15 14:41:41','2014-09-15 14:41:40'),('ES-GA','ES-C','REGIONS','2014-09-15 14:41:41','2014-09-15 14:41:40','2014-09-15 14:41:41','2014-09-15 14:41:40'),('ES-GA','ES-LU','REGIONS','2014-09-15 14:41:41','2014-09-15 14:41:40','2014-09-15 14:41:41','2014-09-15 14:41:40'),('ES-GA','ES-OR','REGIONS','2014-09-15 14:41:41','2014-09-15 14:41:40','2014-09-15 14:41:41','2014-09-15 14:41:40'),('ES-GA','ES-PO','REGIONS','2014-09-15 14:41:41','2014-09-15 14:41:40','2014-09-15 14:41:41','2014-09-15 14:41:40'),('ES-IB','ES-PM','REGIONS','2014-09-15 14:41:41','2014-09-15 14:41:40','2014-09-15 14:41:41','2014-09-15 14:41:40'),('ES-LR','ES-LO','REGIONS','2014-09-15 14:41:41','2014-09-15 14:41:40','2014-09-15 14:41:41','2014-09-15 14:41:40'),('ES-MAD','ES-M','REGIONS','2014-09-15 14:41:41','2014-09-15 14:41:40','2014-09-15 14:41:41','2014-09-15 14:41:40'),('ES-MUR','ES-MU','REGIONS','2014-09-15 14:41:41','2014-09-15 14:41:40','2014-09-15 14:41:41','2014-09-15 14:41:40'),('ES-NAV','ES-NA','REGIONS','2014-09-15 14:41:41','2014-09-15 14:41:40','2014-09-15 14:41:41','2014-09-15 14:41:40'),('ES-PV','ES-BI','REGIONS','2014-09-15 14:41:40','2014-09-15 14:41:40','2014-09-15 14:41:40','2014-09-15 14:41:40'),('ES-PV','ES-SS','REGIONS','2014-09-15 14:41:40','2014-09-15 14:41:40','2014-09-15 14:41:40','2014-09-15 14:41:40'),('ES-PV','ES-VI','REGIONS','2014-09-15 14:41:40','2014-09-15 14:41:40','2014-09-15 14:41:40','2014-09-15 14:41:40'),('ES-VC','ES-A','REGIONS','2014-09-15 14:41:40','2014-09-15 14:41:40','2014-09-15 14:41:40','2014-09-15 14:41:40'),('ES-VC','ES-CS','REGIONS','2014-09-15 14:41:40','2014-09-15 14:41:40','2014-09-15 14:41:40','2014-09-15 14:41:40'),('ES-VC','ES-V','REGIONS','2014-09-15 14:41:40','2014-09-15 14:41:40','2014-09-15 14:41:40','2014-09-15 14:41:40'),('ESP','ES-AN','REGIONS','2014-09-15 14:41:41','2014-09-15 14:41:40','2014-09-15 14:41:41','2014-09-15 14:41:40'),('ESP','ES-AR','REGIONS','2014-09-15 14:41:41','2014-09-15 14:41:40','2014-09-15 14:41:41','2014-09-15 14:41:40'),('ESP','ES-AS','REGIONS','2014-09-15 14:41:41','2014-09-15 14:41:40','2014-09-15 14:41:41','2014-09-15 14:41:40'),('ESP','ES-CAN','REGIONS','2014-09-15 14:41:41','2014-09-15 14:41:40','2014-09-15 14:41:41','2014-09-15 14:41:40'),('ESP','ES-CE','REGIONS','2014-09-15 14:41:41','2014-09-15 14:41:40','2014-09-15 14:41:41','2014-09-15 14:41:40'),('ESP','ES-CL','REGIONS','2014-09-15 14:41:41','2014-09-15 14:41:40','2014-09-15 14:41:41','2014-09-15 14:41:40'),('ESP','ES-CM','REGIONS','2014-09-15 14:41:41','2014-09-15 14:41:40','2014-09-15 14:41:41','2014-09-15 14:41:40'),('ESP','ES-CN','REGIONS','2014-09-15 14:41:41','2014-09-15 14:41:40','2014-09-15 14:41:41','2014-09-15 14:41:40'),('ESP','ES-CT','REGIONS','2014-09-15 14:41:41','2014-09-15 14:41:40','2014-09-15 14:41:41','2014-09-15 14:41:40'),('ESP','ES-EX','REGIONS','2014-09-15 14:41:41','2014-09-15 14:41:40','2014-09-15 14:41:41','2014-09-15 14:41:40'),('ESP','ES-GA','REGIONS','2014-09-15 14:41:41','2014-09-15 14:41:40','2014-09-15 14:41:41','2014-09-15 14:41:40'),('ESP','ES-IB','REGIONS','2014-09-15 14:41:41','2014-09-15 14:41:40','2014-09-15 14:41:41','2014-09-15 14:41:40'),('ESP','ES-LR','REGIONS','2014-09-15 14:41:41','2014-09-15 14:41:40','2014-09-15 14:41:41','2014-09-15 14:41:40'),('ESP','ES-MAD','REGIONS','2014-09-15 14:41:41','2014-09-15 14:41:40','2014-09-15 14:41:41','2014-09-15 14:41:40'),('ESP','ES-ML','REGIONS','2014-09-15 14:41:41','2014-09-15 14:41:40','2014-09-15 14:41:41','2014-09-15 14:41:40'),('ESP','ES-MUR','REGIONS','2014-09-15 14:41:41','2014-09-15 14:41:40','2014-09-15 14:41:41','2014-09-15 14:41:40'),('ESP','ES-NAV','REGIONS','2014-09-15 14:41:41','2014-09-15 14:41:40','2014-09-15 14:41:41','2014-09-15 14:41:40'),('ESP','ES-PV','REGIONS','2014-09-15 14:41:41','2014-09-15 14:41:40','2014-09-15 14:41:41','2014-09-15 14:41:40'),('ESP','ES-VC','REGIONS','2014-09-15 14:41:41','2014-09-15 14:41:40','2014-09-15 14:41:41','2014-09-15 14:41:40'),('ESP','EU','GROUP_MEMBER','2014-09-15 14:41:38','2014-09-15 14:41:37','2014-09-15 14:41:38','2014-09-15 14:41:37'),('EST','EU','GROUP_MEMBER','2014-09-15 14:41:38','2014-09-15 14:41:37','2014-09-15 14:41:38','2014-09-15 14:41:37'),('FIN','EU','GROUP_MEMBER','2014-09-15 14:41:38','2014-09-15 14:41:37','2014-09-15 14:41:38','2014-09-15 14:41:37'),('FL','USCN','GROUP_MEMBER','2014-09-15 14:41:46','2014-09-15 14:41:45','2014-09-15 14:41:46','2014-09-15 14:41:45'),('FM','USTR','GROUP_MEMBER','2014-09-15 14:41:46','2014-09-15 14:41:45','2014-09-15 14:41:46','2014-09-15 14:41:45'),('FR-ACY74','FR-74','COUNTY_SEAT','2014-09-15 14:41:42','2014-09-15 14:41:41','2014-09-15 14:41:42','2014-09-15 14:41:41'),('FR-AGE47','FR-47','COUNTY_SEAT','2014-09-15 14:41:42','2014-09-15 14:41:41','2014-09-15 14:41:42','2014-09-15 14:41:41'),('FR-AJA2A','FR-2A','COUNTY_SEAT','2014-09-15 14:41:42','2014-09-15 14:41:41','2014-09-15 14:41:42','2014-09-15 14:41:41'),('FR-ALB81','FR-81','COUNTY_SEAT','2014-09-15 14:41:42','2014-09-15 14:41:41','2014-09-15 14:41:42','2014-09-15 14:41:41'),('FR-ALE61','FR-61','COUNTY_SEAT','2014-09-15 14:41:42','2014-09-15 14:41:41','2014-09-15 14:41:42','2014-09-15 14:41:41'),('FR-ALS','FR-67','REGIONS','2014-09-15 14:41:42','2014-09-15 14:41:41','2014-09-15 14:41:42','2014-09-15 14:41:41'),('FR-ALS','FR-68','REGIONS','2014-09-15 14:41:42','2014-09-15 14:41:41','2014-09-15 14:41:42','2014-09-15 14:41:41'),('FR-AMI80','FR-80','COUNTY_SEAT','2014-09-15 14:41:42','2014-09-15 14:41:41','2014-09-15 14:41:42','2014-09-15 14:41:41'),('FR-ANG16','FR-16','COUNTY_SEAT','2014-09-15 14:41:42','2014-09-15 14:41:41','2014-09-15 14:41:42','2014-09-15 14:41:41'),('FR-ANG49','FR-49','COUNTY_SEAT','2014-09-15 14:41:42','2014-09-15 14:41:41','2014-09-15 14:41:42','2014-09-15 14:41:41'),('FR-AQU','FR-24','REGIONS','2014-09-15 14:41:42','2014-09-15 14:41:41','2014-09-15 14:41:42','2014-09-15 14:41:41'),('FR-AQU','FR-33','REGIONS','2014-09-15 14:41:42','2014-09-15 14:41:41','2014-09-15 14:41:42','2014-09-15 14:41:41'),('FR-AQU','FR-40','REGIONS','2014-09-15 14:41:42','2014-09-15 14:41:41','2014-09-15 14:41:42','2014-09-15 14:41:41'),('FR-AQU','FR-47','REGIONS','2014-09-15 14:41:42','2014-09-15 14:41:41','2014-09-15 14:41:42','2014-09-15 14:41:41'),('FR-AQU','FR-64','REGIONS','2014-09-15 14:41:42','2014-09-15 14:41:41','2014-09-15 14:41:42','2014-09-15 14:41:41'),('FR-ARR62','FR-62','COUNTY_SEAT','2014-09-15 14:41:42','2014-09-15 14:41:41','2014-09-15 14:41:42','2014-09-15 14:41:41'),('FR-AUC32','FR-32','COUNTY_SEAT','2014-09-15 14:41:42','2014-09-15 14:41:41','2014-09-15 14:41:42','2014-09-15 14:41:41'),('FR-AUR15','FR-15','COUNTY_SEAT','2014-09-15 14:41:42','2014-09-15 14:41:41','2014-09-15 14:41:42','2014-09-15 14:41:41'),('FR-AUV','FR-03','REGIONS','2014-09-15 14:41:42','2014-09-15 14:41:41','2014-09-15 14:41:42','2014-09-15 14:41:41'),('FR-AUV','FR-15','REGIONS','2014-09-15 14:41:42','2014-09-15 14:41:41','2014-09-15 14:41:42','2014-09-15 14:41:41'),('FR-AUV','FR-43','REGIONS','2014-09-15 14:41:42','2014-09-15 14:41:41','2014-09-15 14:41:42','2014-09-15 14:41:41'),('FR-AUV','FR-63','REGIONS','2014-09-15 14:41:42','2014-09-15 14:41:41','2014-09-15 14:41:42','2014-09-15 14:41:41'),('FR-AVG84','FR-84','COUNTY_SEAT','2014-09-15 14:41:42','2014-09-15 14:41:41','2014-09-15 14:41:42','2014-09-15 14:41:41'),('FR-AXR89','FR-89','COUNTY_SEAT','2014-09-15 14:41:42','2014-09-15 14:41:41','2014-09-15 14:41:42','2014-09-15 14:41:41'),('FR-BAN','FR-14','REGIONS','2014-09-15 14:41:42','2014-09-15 14:41:41','2014-09-15 14:41:42','2014-09-15 14:41:41'),('FR-BAN','FR-50','REGIONS','2014-09-15 14:41:42','2014-09-15 14:41:41','2014-09-15 14:41:42','2014-09-15 14:41:41'),('FR-BAN','FR-61','REGIONS','2014-09-15 14:41:42','2014-09-15 14:41:41','2014-09-15 14:41:42','2014-09-15 14:41:41'),('FR-BAS2B','FR-2B','COUNTY_SEAT','2014-09-15 14:41:42','2014-09-15 14:41:41','2014-09-15 14:41:42','2014-09-15 14:41:41'),('FR-BBY93','FR-93','COUNTY_SEAT','2014-09-15 14:41:42','2014-09-15 14:41:41','2014-09-15 14:41:42','2014-09-15 14:41:41'),('FR-BEB01','FR-01','COUNTY_SEAT','2014-09-15 14:41:42','2014-09-15 14:41:41','2014-09-15 14:41:42','2014-09-15 14:41:41'),('FR-BES25','FR-25','COUNTY_SEAT','2014-09-15 14:41:42','2014-09-15 14:41:41','2014-09-15 14:41:42','2014-09-15 14:41:41'),('FR-BLD55','FR-55','COUNTY_SEAT','2014-09-15 14:41:42','2014-09-15 14:41:41','2014-09-15 14:41:42','2014-09-15 14:41:41'),('FR-BLF90','FR-90','COUNTY_SEAT','2014-09-15 14:41:42','2014-09-15 14:41:41','2014-09-15 14:41:42','2014-09-15 14:41:41'),('FR-BLO41','FR-41','COUNTY_SEAT','2014-09-15 14:41:42','2014-09-15 14:41:41','2014-09-15 14:41:42','2014-09-15 14:41:41'),('FR-BOR33','FR-33','COUNTY_SEAT','2014-09-15 14:41:42','2014-09-15 14:41:41','2014-09-15 14:41:42','2014-09-15 14:41:41'),('FR-BOU','FR-21','REGIONS','2014-09-15 14:41:42','2014-09-15 14:41:41','2014-09-15 14:41:42','2014-09-15 14:41:41'),('FR-BOU','FR-58','REGIONS','2014-09-15 14:41:42','2014-09-15 14:41:41','2014-09-15 14:41:42','2014-09-15 14:41:41'),('FR-BOU','FR-71','REGIONS','2014-09-15 14:41:42','2014-09-15 14:41:41','2014-09-15 14:41:42','2014-09-15 14:41:41'),('FR-BOU','FR-89','REGIONS','2014-09-15 14:41:42','2014-09-15 14:41:41','2014-09-15 14:41:42','2014-09-15 14:41:41'),('FR-BOU18','FR-18','COUNTY_SEAT','2014-09-15 14:41:42','2014-09-15 14:41:41','2014-09-15 14:41:42','2014-09-15 14:41:41'),('FR-BRE','FR-22','REGIONS','2014-09-15 14:41:42','2014-09-15 14:41:41','2014-09-15 14:41:42','2014-09-15 14:41:41'),('FR-BRE','FR-29','REGIONS','2014-09-15 14:41:42','2014-09-15 14:41:41','2014-09-15 14:41:42','2014-09-15 14:41:41'),('FR-BRE','FR-35','REGIONS','2014-09-15 14:41:42','2014-09-15 14:41:41','2014-09-15 14:41:42','2014-09-15 14:41:41'),('FR-BRE','FR-56','REGIONS','2014-09-15 14:41:42','2014-09-15 14:41:41','2014-09-15 14:41:42','2014-09-15 14:41:41'),('FR-BVA60','FR-60','COUNTY_SEAT','2014-09-15 14:41:42','2014-09-15 14:41:41','2014-09-15 14:41:42','2014-09-15 14:41:41'),('FR-CAE14','FR-14','COUNTY_SEAT','2014-09-15 14:41:42','2014-09-15 14:41:41','2014-09-15 14:41:42','2014-09-15 14:41:41'),('FR-CAH46','FR-46','COUNTY_SEAT','2014-09-15 14:41:42','2014-09-15 14:41:41','2014-09-15 14:41:42','2014-09-15 14:41:41'),('FR-CAR11','FR-11','COUNTY_SEAT','2014-09-15 14:41:42','2014-09-15 14:41:41','2014-09-15 14:41:42','2014-09-15 14:41:41'),('FR-CBY73','FR-73','COUNTY_SEAT','2014-09-15 14:41:42','2014-09-15 14:41:41','2014-09-15 14:41:42','2014-09-15 14:41:41'),('FR-CEC51','FR-51','COUNTY_SEAT','2014-09-15 14:41:42','2014-09-15 14:41:41','2014-09-15 14:41:42','2014-09-15 14:41:41'),('FR-CEN','FR-18','REGIONS','2014-09-15 14:41:42','2014-09-15 14:41:41','2014-09-15 14:41:42','2014-09-15 14:41:41'),('FR-CEN','FR-28','REGIONS','2014-09-15 14:41:42','2014-09-15 14:41:41','2014-09-15 14:41:42','2014-09-15 14:41:41'),('FR-CEN','FR-36','REGIONS','2014-09-15 14:41:42','2014-09-15 14:41:41','2014-09-15 14:41:42','2014-09-15 14:41:41'),('FR-CEN','FR-37','REGIONS','2014-09-15 14:41:42','2014-09-15 14:41:41','2014-09-15 14:41:42','2014-09-15 14:41:41'),('FR-CEN','FR-41','REGIONS','2014-09-15 14:41:42','2014-09-15 14:41:41','2014-09-15 14:41:42','2014-09-15 14:41:41'),('FR-CEN','FR-45','REGIONS','2014-09-15 14:41:42','2014-09-15 14:41:41','2014-09-15 14:41:42','2014-09-15 14:41:41'),('FR-CHA','FR-08','REGIONS','2014-09-15 14:41:42','2014-09-15 14:41:41','2014-09-15 14:41:42','2014-09-15 14:41:41'),('FR-CHA','FR-10','REGIONS','2014-09-15 14:41:42','2014-09-15 14:41:41','2014-09-15 14:41:42','2014-09-15 14:41:41'),('FR-CHA','FR-51','REGIONS','2014-09-15 14:41:42','2014-09-15 14:41:41','2014-09-15 14:41:42','2014-09-15 14:41:41'),('FR-CHA','FR-52','REGIONS','2014-09-15 14:41:42','2014-09-15 14:41:41','2014-09-15 14:41:42','2014-09-15 14:41:41'),('FR-CHA28','FR-28','COUNTY_SEAT','2014-09-15 14:41:42','2014-09-15 14:41:41','2014-09-15 14:41:42','2014-09-15 14:41:41'),('FR-CHM08','FR-08','COUNTY_SEAT','2014-09-15 14:41:42','2014-09-15 14:41:41','2014-09-15 14:41:42','2014-09-15 14:41:41'),('FR-CHM52','FR-52','COUNTY_SEAT','2014-09-15 14:41:42','2014-09-15 14:41:41','2014-09-15 14:41:42','2014-09-15 14:41:41'),('FR-CHT36','FR-36','COUNTY_SEAT','2014-09-15 14:41:42','2014-09-15 14:41:41','2014-09-15 14:41:42','2014-09-15 14:41:41'),('FR-CLF63','FR-63','COUNTY_SEAT','2014-09-15 14:41:42','2014-09-15 14:41:41','2014-09-15 14:41:42','2014-09-15 14:41:41'),('FR-CLM68','FR-68','COUNTY_SEAT','2014-09-15 14:41:42','2014-09-15 14:41:41','2014-09-15 14:41:42','2014-09-15 14:41:41'),('FR-COR','FR-20','REGIONS','2014-09-15 14:41:42','2014-09-15 14:41:41','2014-09-15 14:41:42','2014-09-15 14:41:41'),('FR-COR','FR-2A','REGIONS','2014-09-15 14:41:42','2014-09-15 14:41:41','2014-09-15 14:41:42','2014-09-15 14:41:41'),('FR-COR','FR-2B','REGIONS','2014-09-15 14:41:42','2014-09-15 14:41:41','2014-09-15 14:41:42','2014-09-15 14:41:41'),('FR-CTL94','FR-94','COUNTY_SEAT','2014-09-15 14:41:42','2014-09-15 14:41:41','2014-09-15 14:41:42','2014-09-15 14:41:41'),('FR-DIG04','FR-04','COUNTY_SEAT','2014-09-15 14:41:42','2014-09-15 14:41:41','2014-09-15 14:41:42','2014-09-15 14:41:41'),('FR-DIJ21','FR-21','COUNTY_SEAT','2014-09-15 14:41:42','2014-09-15 14:41:41','2014-09-15 14:41:42','2014-09-15 14:41:41'),('FR-DOM','FR-971','REGIONS','2014-09-15 14:41:42','2014-09-15 14:41:41','2014-09-15 14:41:42','2014-09-15 14:41:41'),('FR-DOM','FR-972','REGIONS','2014-09-15 14:41:42','2014-09-15 14:41:41','2014-09-15 14:41:42','2014-09-15 14:41:41'),('FR-DOM','FR-973','REGIONS','2014-09-15 14:41:42','2014-09-15 14:41:41','2014-09-15 14:41:42','2014-09-15 14:41:41'),('FR-DOM','FR-974','REGIONS','2014-09-15 14:41:42','2014-09-15 14:41:41','2014-09-15 14:41:42','2014-09-15 14:41:41'),('FR-EPI88','FR-88','COUNTY_SEAT','2014-09-15 14:41:42','2014-09-15 14:41:41','2014-09-15 14:41:42','2014-09-15 14:41:41'),('FR-EVR27','FR-27','COUNTY_SEAT','2014-09-15 14:41:42','2014-09-15 14:41:41','2014-09-15 14:41:42','2014-09-15 14:41:41'),('FR-EVR91','FR-91','COUNTY_SEAT','2014-09-15 14:41:42','2014-09-15 14:41:41','2014-09-15 14:41:42','2014-09-15 14:41:41'),('FR-FCO','FR-25','REGIONS','2014-09-15 14:41:42','2014-09-15 14:41:41','2014-09-15 14:41:42','2014-09-15 14:41:41'),('FR-FCO','FR-39','REGIONS','2014-09-15 14:41:42','2014-09-15 14:41:41','2014-09-15 14:41:42','2014-09-15 14:41:41'),('FR-FCO','FR-70','REGIONS','2014-09-15 14:41:42','2014-09-15 14:41:41','2014-09-15 14:41:42','2014-09-15 14:41:41'),('FR-FCO','FR-90','REGIONS','2014-09-15 14:41:42','2014-09-15 14:41:41','2014-09-15 14:41:42','2014-09-15 14:41:41'),('FR-FOI09','FR-09','COUNTY_SEAT','2014-09-15 14:41:42','2014-09-15 14:41:41','2014-09-15 14:41:42','2014-09-15 14:41:41'),('FR-GAP05','FR-05','COUNTY_SEAT','2014-09-15 14:41:42','2014-09-15 14:41:41','2014-09-15 14:41:42','2014-09-15 14:41:41'),('FR-GRE38','FR-38','COUNTY_SEAT','2014-09-15 14:41:42','2014-09-15 14:41:41','2014-09-15 14:41:42','2014-09-15 14:41:41'),('FR-GUE23','FR-23','COUNTY_SEAT','2014-09-15 14:41:42','2014-09-15 14:41:41','2014-09-15 14:41:42','2014-09-15 14:41:41'),('FR-HNO','FR-27','REGIONS','2014-09-15 14:41:42','2014-09-15 14:41:41','2014-09-15 14:41:42','2014-09-15 14:41:41'),('FR-HNO','FR-76','REGIONS','2014-09-15 14:41:42','2014-09-15 14:41:41','2014-09-15 14:41:42','2014-09-15 14:41:41'),('FR-IDF','FR-75','REGIONS','2014-09-15 14:41:42','2014-09-15 14:41:41','2014-09-15 14:41:42','2014-09-15 14:41:41'),('FR-IDF','FR-77','REGIONS','2014-09-15 14:41:42','2014-09-15 14:41:41','2014-09-15 14:41:42','2014-09-15 14:41:41'),('FR-IDF','FR-78','REGIONS','2014-09-15 14:41:42','2014-09-15 14:41:41','2014-09-15 14:41:42','2014-09-15 14:41:41'),('FR-IDF','FR-91','REGIONS','2014-09-15 14:41:42','2014-09-15 14:41:41','2014-09-15 14:41:42','2014-09-15 14:41:41'),('FR-IDF','FR-92','REGIONS','2014-09-15 14:41:42','2014-09-15 14:41:41','2014-09-15 14:41:42','2014-09-15 14:41:41'),('FR-IDF','FR-93','REGIONS','2014-09-15 14:41:42','2014-09-15 14:41:41','2014-09-15 14:41:42','2014-09-15 14:41:41'),('FR-IDF','FR-94','REGIONS','2014-09-15 14:41:42','2014-09-15 14:41:41','2014-09-15 14:41:42','2014-09-15 14:41:41'),('FR-IDF','FR-95','REGIONS','2014-09-15 14:41:42','2014-09-15 14:41:41','2014-09-15 14:41:42','2014-09-15 14:41:41'),('FR-LAO02','FR-02','COUNTY_SEAT','2014-09-15 14:41:42','2014-09-15 14:41:41','2014-09-15 14:41:42','2014-09-15 14:41:41'),('FR-LAR','FR-11','REGIONS','2014-09-15 14:41:42','2014-09-15 14:41:41','2014-09-15 14:41:42','2014-09-15 14:41:41'),('FR-LAR','FR-30','REGIONS','2014-09-15 14:41:42','2014-09-15 14:41:41','2014-09-15 14:41:42','2014-09-15 14:41:41'),('FR-LAR','FR-34','REGIONS','2014-09-15 14:41:42','2014-09-15 14:41:41','2014-09-15 14:41:42','2014-09-15 14:41:41'),('FR-LAR','FR-48','REGIONS','2014-09-15 14:41:42','2014-09-15 14:41:41','2014-09-15 14:41:42','2014-09-15 14:41:41'),('FR-LAR','FR-66','REGIONS','2014-09-15 14:41:42','2014-09-15 14:41:41','2014-09-15 14:41:42','2014-09-15 14:41:41'),('FR-LIL59','FR-59','COUNTY_SEAT','2014-09-15 14:41:42','2014-09-15 14:41:41','2014-09-15 14:41:42','2014-09-15 14:41:41'),('FR-LIM','FR-19','REGIONS','2014-09-15 14:41:42','2014-09-15 14:41:41','2014-09-15 14:41:42','2014-09-15 14:41:41'),('FR-LIM','FR-23','REGIONS','2014-09-15 14:41:42','2014-09-15 14:41:41','2014-09-15 14:41:42','2014-09-15 14:41:41'),('FR-LIM','FR-87','REGIONS','2014-09-15 14:41:42','2014-09-15 14:41:41','2014-09-15 14:41:42','2014-09-15 14:41:41'),('FR-LMA72','FR-72','COUNTY_SEAT','2014-09-15 14:41:42','2014-09-15 14:41:41','2014-09-15 14:41:42','2014-09-15 14:41:41'),('FR-LMG87','FR-87','COUNTY_SEAT','2014-09-15 14:41:42','2014-09-15 14:41:41','2014-09-15 14:41:42','2014-09-15 14:41:41'),('FR-LON39','FR-39','COUNTY_SEAT','2014-09-15 14:41:42','2014-09-15 14:41:41','2014-09-15 14:41:42','2014-09-15 14:41:41'),('FR-LOR','FR-54','REGIONS','2014-09-15 14:41:42','2014-09-15 14:41:41','2014-09-15 14:41:42','2014-09-15 14:41:41'),('FR-LOR','FR-55','REGIONS','2014-09-15 14:41:42','2014-09-15 14:41:41','2014-09-15 14:41:42','2014-09-15 14:41:41'),('FR-LOR','FR-57','REGIONS','2014-09-15 14:41:42','2014-09-15 14:41:41','2014-09-15 14:41:42','2014-09-15 14:41:41'),('FR-LOR','FR-88','REGIONS','2014-09-15 14:41:42','2014-09-15 14:41:41','2014-09-15 14:41:42','2014-09-15 14:41:41'),('FR-LRO17','FR-17','COUNTY_SEAT','2014-09-15 14:41:42','2014-09-15 14:41:41','2014-09-15 14:41:42','2014-09-15 14:41:41'),('FR-LVL53','FR-53','COUNTY_SEAT','2014-09-15 14:41:42','2014-09-15 14:41:41','2014-09-15 14:41:42','2014-09-15 14:41:41'),('FR-LYO69','FR-69','COUNTY_SEAT','2014-09-15 14:41:42','2014-09-15 14:41:41','2014-09-15 14:41:42','2014-09-15 14:41:41'),('FR-MAR13','FR-13','COUNTY_SEAT','2014-09-15 14:41:42','2014-09-15 14:41:41','2014-09-15 14:41:42','2014-09-15 14:41:41'),('FR-MCN71','FR-71','COUNTY_SEAT','2014-09-15 14:41:42','2014-09-15 14:41:41','2014-09-15 14:41:42','2014-09-15 14:41:41'),('FR-MDM40','FR-40','COUNTY_SEAT','2014-09-15 14:41:42','2014-09-15 14:41:41','2014-09-15 14:41:42','2014-09-15 14:41:41'),('FR-MEN48','FR-48','COUNTY_SEAT','2014-09-15 14:41:42','2014-09-15 14:41:41','2014-09-15 14:41:42','2014-09-15 14:41:41'),('FR-MET57','FR-57','COUNTY_SEAT','2014-09-15 14:41:42','2014-09-15 14:41:41','2014-09-15 14:41:42','2014-09-15 14:41:41'),('FR-MIP','FR-09','REGIONS','2014-09-15 14:41:42','2014-09-15 14:41:41','2014-09-15 14:41:42','2014-09-15 14:41:41'),('FR-MIP','FR-12','REGIONS','2014-09-15 14:41:42','2014-09-15 14:41:41','2014-09-15 14:41:42','2014-09-15 14:41:41'),('FR-MIP','FR-31','REGIONS','2014-09-15 14:41:42','2014-09-15 14:41:41','2014-09-15 14:41:42','2014-09-15 14:41:41'),('FR-MIP','FR-32','REGIONS','2014-09-15 14:41:42','2014-09-15 14:41:41','2014-09-15 14:41:42','2014-09-15 14:41:41'),('FR-MIP','FR-46','REGIONS','2014-09-15 14:41:42','2014-09-15 14:41:41','2014-09-15 14:41:42','2014-09-15 14:41:41'),('FR-MIP','FR-65','REGIONS','2014-09-15 14:41:42','2014-09-15 14:41:41','2014-09-15 14:41:42','2014-09-15 14:41:41'),('FR-MIP','FR-81','REGIONS','2014-09-15 14:41:42','2014-09-15 14:41:41','2014-09-15 14:41:42','2014-09-15 14:41:41'),('FR-MIP','FR-82','REGIONS','2014-09-15 14:41:42','2014-09-15 14:41:41','2014-09-15 14:41:42','2014-09-15 14:41:41'),('FR-MLN77','FR-77','COUNTY_SEAT','2014-09-15 14:41:42','2014-09-15 14:41:41','2014-09-15 14:41:42','2014-09-15 14:41:41'),('FR-MON34','FR-34','COUNTY_SEAT','2014-09-15 14:41:42','2014-09-15 14:41:41','2014-09-15 14:41:42','2014-09-15 14:41:41'),('FR-MOU03','FR-03','COUNTY_SEAT','2014-09-15 14:41:42','2014-09-15 14:41:41','2014-09-15 14:41:42','2014-09-15 14:41:41'),('FR-MTB82','FR-82','COUNTY_SEAT','2014-09-15 14:41:42','2014-09-15 14:41:41','2014-09-15 14:41:42','2014-09-15 14:41:41'),('FR-NAN44','FR-44','COUNTY_SEAT','2014-09-15 14:41:42','2014-09-15 14:41:41','2014-09-15 14:41:42','2014-09-15 14:41:41'),('FR-NCY54','FR-54','COUNTY_SEAT','2014-09-15 14:41:42','2014-09-15 14:41:41','2014-09-15 14:41:42','2014-09-15 14:41:41'),('FR-NEV58','FR-58','COUNTY_SEAT','2014-09-15 14:41:42','2014-09-15 14:41:41','2014-09-15 14:41:42','2014-09-15 14:41:41'),('FR-NIC06','FR-06','COUNTY_SEAT','2014-09-15 14:41:42','2014-09-15 14:41:41','2014-09-15 14:41:42','2014-09-15 14:41:41'),('FR-NIM30','FR-30','COUNTY_SEAT','2014-09-15 14:41:42','2014-09-15 14:41:41','2014-09-15 14:41:42','2014-09-15 14:41:41'),('FR-NIO79','FR-79','COUNTY_SEAT','2014-09-15 14:41:42','2014-09-15 14:41:41','2014-09-15 14:41:42','2014-09-15 14:41:41'),('FR-NPC','FR-59','REGIONS','2014-09-15 14:41:42','2014-09-15 14:41:41','2014-09-15 14:41:42','2014-09-15 14:41:41'),('FR-NPC','FR-62','REGIONS','2014-09-15 14:41:42','2014-09-15 14:41:41','2014-09-15 14:41:42','2014-09-15 14:41:41'),('FR-NTR92','FR-92','COUNTY_SEAT','2014-09-15 14:41:42','2014-09-15 14:41:41','2014-09-15 14:41:42','2014-09-15 14:41:41'),('FR-ORL45','FR-45','COUNTY_SEAT','2014-09-15 14:41:42','2014-09-15 14:41:41','2014-09-15 14:41:42','2014-09-15 14:41:41'),('FR-PAC','FR-04','REGIONS','2014-09-15 14:41:42','2014-09-15 14:41:41','2014-09-15 14:41:42','2014-09-15 14:41:41'),('FR-PAC','FR-05','REGIONS','2014-09-15 14:41:42','2014-09-15 14:41:41','2014-09-15 14:41:42','2014-09-15 14:41:41'),('FR-PAC','FR-06','REGIONS','2014-09-15 14:41:42','2014-09-15 14:41:41','2014-09-15 14:41:42','2014-09-15 14:41:41'),('FR-PAC','FR-13','REGIONS','2014-09-15 14:41:42','2014-09-15 14:41:41','2014-09-15 14:41:42','2014-09-15 14:41:41'),('FR-PAC','FR-83','REGIONS','2014-09-15 14:41:42','2014-09-15 14:41:41','2014-09-15 14:41:42','2014-09-15 14:41:41'),('FR-PAC','FR-84','REGIONS','2014-09-15 14:41:42','2014-09-15 14:41:41','2014-09-15 14:41:42','2014-09-15 14:41:41'),('FR-PAR75','FR-75','COUNTY_SEAT','2014-09-15 14:41:42','2014-09-15 14:41:41','2014-09-15 14:41:42','2014-09-15 14:41:41'),('FR-PAU64','FR-64','COUNTY_SEAT','2014-09-15 14:41:42','2014-09-15 14:41:41','2014-09-15 14:41:42','2014-09-15 14:41:41'),('FR-PDL','FR-44','REGIONS','2014-09-15 14:41:42','2014-09-15 14:41:41','2014-09-15 14:41:42','2014-09-15 14:41:41'),('FR-PDL','FR-49','REGIONS','2014-09-15 14:41:42','2014-09-15 14:41:41','2014-09-15 14:41:42','2014-09-15 14:41:41'),('FR-PDL','FR-53','REGIONS','2014-09-15 14:41:42','2014-09-15 14:41:41','2014-09-15 14:41:42','2014-09-15 14:41:41'),('FR-PDL','FR-72','REGIONS','2014-09-15 14:41:42','2014-09-15 14:41:41','2014-09-15 14:41:42','2014-09-15 14:41:41'),('FR-PDL','FR-85','REGIONS','2014-09-15 14:41:42','2014-09-15 14:41:41','2014-09-15 14:41:42','2014-09-15 14:41:41'),('FR-PER24','FR-24','COUNTY_SEAT','2014-09-15 14:41:42','2014-09-15 14:41:41','2014-09-15 14:41:42','2014-09-15 14:41:41'),('FR-PEV43','FR-43','COUNTY_SEAT','2014-09-15 14:41:42','2014-09-15 14:41:41','2014-09-15 14:41:42','2014-09-15 14:41:41'),('FR-PIC','FR-02','REGIONS','2014-09-15 14:41:42','2014-09-15 14:41:41','2014-09-15 14:41:42','2014-09-15 14:41:41'),('FR-PIC','FR-60','REGIONS','2014-09-15 14:41:42','2014-09-15 14:41:41','2014-09-15 14:41:42','2014-09-15 14:41:41'),('FR-PIC','FR-80','REGIONS','2014-09-15 14:41:42','2014-09-15 14:41:41','2014-09-15 14:41:42','2014-09-15 14:41:41'),('FR-POC','FR-16','REGIONS','2014-09-15 14:41:42','2014-09-15 14:41:41','2014-09-15 14:41:42','2014-09-15 14:41:41'),('FR-POC','FR-17','REGIONS','2014-09-15 14:41:42','2014-09-15 14:41:41','2014-09-15 14:41:42','2014-09-15 14:41:41'),('FR-POC','FR-79','REGIONS','2014-09-15 14:41:42','2014-09-15 14:41:41','2014-09-15 14:41:42','2014-09-15 14:41:41'),('FR-POC','FR-86','REGIONS','2014-09-15 14:41:42','2014-09-15 14:41:41','2014-09-15 14:41:42','2014-09-15 14:41:41'),('FR-POI86','FR-86','COUNTY_SEAT','2014-09-15 14:41:42','2014-09-15 14:41:41','2014-09-15 14:41:42','2014-09-15 14:41:41'),('FR-PPG66','FR-66','COUNTY_SEAT','2014-09-15 14:41:42','2014-09-15 14:41:41','2014-09-15 14:41:42','2014-09-15 14:41:41'),('FR-PRI07','FR-07','COUNTY_SEAT','2014-09-15 14:41:42','2014-09-15 14:41:41','2014-09-15 14:41:42','2014-09-15 14:41:41'),('FR-PTO95','FR-95','COUNTY_SEAT','2014-09-15 14:41:42','2014-09-15 14:41:41','2014-09-15 14:41:42','2014-09-15 14:41:41'),('FR-QUI29','FR-29','COUNTY_SEAT','2014-09-15 14:41:42','2014-09-15 14:41:41','2014-09-15 14:41:42','2014-09-15 14:41:41'),('FR-RAL','FR-01','REGIONS','2014-09-15 14:41:42','2014-09-15 14:41:41','2014-09-15 14:41:42','2014-09-15 14:41:41'),('FR-RAL','FR-07','REGIONS','2014-09-15 14:41:42','2014-09-15 14:41:41','2014-09-15 14:41:42','2014-09-15 14:41:41'),('FR-RAL','FR-26','REGIONS','2014-09-15 14:41:42','2014-09-15 14:41:41','2014-09-15 14:41:42','2014-09-15 14:41:41'),('FR-RAL','FR-38','REGIONS','2014-09-15 14:41:42','2014-09-15 14:41:41','2014-09-15 14:41:42','2014-09-15 14:41:41'),('FR-RAL','FR-42','REGIONS','2014-09-15 14:41:42','2014-09-15 14:41:41','2014-09-15 14:41:42','2014-09-15 14:41:41'),('FR-RAL','FR-69','REGIONS','2014-09-15 14:41:42','2014-09-15 14:41:41','2014-09-15 14:41:42','2014-09-15 14:41:41'),('FR-RAL','FR-73','REGIONS','2014-09-15 14:41:42','2014-09-15 14:41:41','2014-09-15 14:41:42','2014-09-15 14:41:41'),('FR-RAL','FR-74','REGIONS','2014-09-15 14:41:42','2014-09-15 14:41:41','2014-09-15 14:41:42','2014-09-15 14:41:41'),('FR-REN35','FR-35','COUNTY_SEAT','2014-09-15 14:41:42','2014-09-15 14:41:41','2014-09-15 14:41:42','2014-09-15 14:41:41'),('FR-ROD12','FR-12','COUNTY_SEAT','2014-09-15 14:41:42','2014-09-15 14:41:41','2014-09-15 14:41:42','2014-09-15 14:41:41'),('FR-ROU76','FR-76','COUNTY_SEAT','2014-09-15 14:41:42','2014-09-15 14:41:41','2014-09-15 14:41:42','2014-09-15 14:41:41'),('FR-RSY85','FR-85','COUNTY_SEAT','2014-09-15 14:41:42','2014-09-15 14:41:41','2014-09-15 14:41:42','2014-09-15 14:41:41'),('FR-SBG67','FR-67','COUNTY_SEAT','2014-09-15 14:41:42','2014-09-15 14:41:41','2014-09-15 14:41:42','2014-09-15 14:41:41'),('FR-SBR22','FR-22','COUNTY_SEAT','2014-09-15 14:41:42','2014-09-15 14:41:41','2014-09-15 14:41:42','2014-09-15 14:41:41'),('FR-SET42','FR-42','COUNTY_SEAT','2014-09-15 14:41:42','2014-09-15 14:41:41','2014-09-15 14:41:42','2014-09-15 14:41:41'),('FR-SLO50','FR-50','COUNTY_SEAT','2014-09-15 14:41:42','2014-09-15 14:41:41','2014-09-15 14:41:42','2014-09-15 14:41:41'),('FR-TBS65','FR-65','COUNTY_SEAT','2014-09-15 14:41:42','2014-09-15 14:41:41','2014-09-15 14:41:42','2014-09-15 14:41:41'),('FR-TLN83','FR-83','COUNTY_SEAT','2014-09-15 14:41:42','2014-09-15 14:41:41','2014-09-15 14:41:42','2014-09-15 14:41:41'),('FR-TLS31','FR-31','COUNTY_SEAT','2014-09-15 14:41:42','2014-09-15 14:41:41','2014-09-15 14:41:42','2014-09-15 14:41:41'),('FR-TOM','FR-975','REGIONS','2014-09-15 14:41:42','2014-09-15 14:41:41','2014-09-15 14:41:42','2014-09-15 14:41:41'),('FR-TOM','FR-976','REGIONS','2014-09-15 14:41:42','2014-09-15 14:41:41','2014-09-15 14:41:42','2014-09-15 14:41:41'),('FR-TOM','FR-986','REGIONS','2014-09-15 14:41:42','2014-09-15 14:41:41','2014-09-15 14:41:42','2014-09-15 14:41:41'),('FR-TOM','FR-987','REGIONS','2014-09-15 14:41:42','2014-09-15 14:41:41','2014-09-15 14:41:42','2014-09-15 14:41:41'),('FR-TOM','FR-988','REGIONS','2014-09-15 14:41:42','2014-09-15 14:41:41','2014-09-15 14:41:42','2014-09-15 14:41:41'),('FR-TOU37','FR-37','COUNTY_SEAT','2014-09-15 14:41:42','2014-09-15 14:41:41','2014-09-15 14:41:42','2014-09-15 14:41:41'),('FR-TRO10','FR-10','COUNTY_SEAT','2014-09-15 14:41:42','2014-09-15 14:41:41','2014-09-15 14:41:42','2014-09-15 14:41:41'),('FR-TUL19','FR-19','COUNTY_SEAT','2014-09-15 14:41:42','2014-09-15 14:41:41','2014-09-15 14:41:42','2014-09-15 14:41:41'),('FR-VAL26','FR-26','COUNTY_SEAT','2014-09-15 14:41:42','2014-09-15 14:41:41','2014-09-15 14:41:42','2014-09-15 14:41:41'),('FR-VAN56','FR-56','COUNTY_SEAT','2014-09-15 14:41:42','2014-09-15 14:41:41','2014-09-15 14:41:42','2014-09-15 14:41:41'),('FR-VSL70','FR-70','COUNTY_SEAT','2014-09-15 14:41:42','2014-09-15 14:41:41','2014-09-15 14:41:42','2014-09-15 14:41:41'),('FR-VSS78','FR-78','COUNTY_SEAT','2014-09-15 14:41:42','2014-09-15 14:41:41','2014-09-15 14:41:42','2014-09-15 14:41:41'),('FRA','EU','GROUP_MEMBER','2014-09-15 14:41:38','2014-09-15 14:41:37','2014-09-15 14:41:38','2014-09-15 14:41:37'),('FRA','FR-ALS','REGIONS','2014-09-15 14:41:42','2014-09-15 14:41:41','2014-09-15 14:41:42','2014-09-15 14:41:41'),('FRA','FR-AQU','REGIONS','2014-09-15 14:41:42','2014-09-15 14:41:41','2014-09-15 14:41:42','2014-09-15 14:41:41'),('FRA','FR-AUV','REGIONS','2014-09-15 14:41:42','2014-09-15 14:41:41','2014-09-15 14:41:42','2014-09-15 14:41:41'),('FRA','FR-BAN','REGIONS','2014-09-15 14:41:42','2014-09-15 14:41:41','2014-09-15 14:41:42','2014-09-15 14:41:41'),('FRA','FR-BOU','REGIONS','2014-09-15 14:41:42','2014-09-15 14:41:41','2014-09-15 14:41:42','2014-09-15 14:41:41'),('FRA','FR-BRE','REGIONS','2014-09-15 14:41:42','2014-09-15 14:41:41','2014-09-15 14:41:42','2014-09-15 14:41:41'),('FRA','FR-CEN','REGIONS','2014-09-15 14:41:42','2014-09-15 14:41:41','2014-09-15 14:41:42','2014-09-15 14:41:41'),('FRA','FR-CHA','REGIONS','2014-09-15 14:41:42','2014-09-15 14:41:41','2014-09-15 14:41:42','2014-09-15 14:41:41'),('FRA','FR-COR','REGIONS','2014-09-15 14:41:42','2014-09-15 14:41:41','2014-09-15 14:41:42','2014-09-15 14:41:41'),('FRA','FR-FCO','REGIONS','2014-09-15 14:41:42','2014-09-15 14:41:41','2014-09-15 14:41:42','2014-09-15 14:41:41'),('FRA','FR-HNO','REGIONS','2014-09-15 14:41:42','2014-09-15 14:41:41','2014-09-15 14:41:42','2014-09-15 14:41:41'),('FRA','FR-IDF','REGIONS','2014-09-15 14:41:42','2014-09-15 14:41:41','2014-09-15 14:41:42','2014-09-15 14:41:41'),('FRA','FR-LAR','REGIONS','2014-09-15 14:41:42','2014-09-15 14:41:41','2014-09-15 14:41:42','2014-09-15 14:41:41'),('FRA','FR-LIM','REGIONS','2014-09-15 14:41:42','2014-09-15 14:41:41','2014-09-15 14:41:42','2014-09-15 14:41:41'),('FRA','FR-LOR','REGIONS','2014-09-15 14:41:42','2014-09-15 14:41:41','2014-09-15 14:41:42','2014-09-15 14:41:41'),('FRA','FR-MIP','REGIONS','2014-09-15 14:41:42','2014-09-15 14:41:41','2014-09-15 14:41:42','2014-09-15 14:41:41'),('FRA','FR-NPC','REGIONS','2014-09-15 14:41:42','2014-09-15 14:41:41','2014-09-15 14:41:42','2014-09-15 14:41:41'),('FRA','FR-PAC','REGIONS','2014-09-15 14:41:42','2014-09-15 14:41:41','2014-09-15 14:41:42','2014-09-15 14:41:41'),('FRA','FR-PDL','REGIONS','2014-09-15 14:41:42','2014-09-15 14:41:41','2014-09-15 14:41:42','2014-09-15 14:41:41'),('FRA','FR-PIC','REGIONS','2014-09-15 14:41:42','2014-09-15 14:41:41','2014-09-15 14:41:42','2014-09-15 14:41:41'),('FRA','FR-POC','REGIONS','2014-09-15 14:41:42','2014-09-15 14:41:41','2014-09-15 14:41:42','2014-09-15 14:41:41'),('FRA','FR-RAL','REGIONS','2014-09-15 14:41:42','2014-09-15 14:41:41','2014-09-15 14:41:42','2014-09-15 14:41:41'),('GA','USCN','GROUP_MEMBER','2014-09-15 14:41:46','2014-09-15 14:41:45','2014-09-15 14:41:46','2014-09-15 14:41:45'),('GBR','EU','GROUP_MEMBER','2014-09-15 14:41:38','2014-09-15 14:41:37','2014-09-15 14:41:38','2014-09-15 14:41:37'),('GRC','EU','GROUP_MEMBER','2014-09-15 14:41:38','2014-09-15 14:41:37','2014-09-15 14:41:38','2014-09-15 14:41:37'),('GU','USTR','GROUP_MEMBER','2014-09-15 14:41:46','2014-09-15 14:41:45','2014-09-15 14:41:46','2014-09-15 14:41:45'),('HI','AKHI','GROUP_MEMBER','2014-09-15 14:41:46','2014-09-15 14:41:45','2014-09-15 14:41:46','2014-09-15 14:41:45'),('HUN','EU','GROUP_MEMBER','2014-09-15 14:41:38','2014-09-15 14:41:37','2014-09-15 14:41:38','2014-09-15 14:41:37'),('IA','USCN','GROUP_MEMBER','2014-09-15 14:41:46','2014-09-15 14:41:45','2014-09-15 14:41:46','2014-09-15 14:41:45'),('ID','USCN','GROUP_MEMBER','2014-09-15 14:41:46','2014-09-15 14:41:45','2014-09-15 14:41:46','2014-09-15 14:41:45'),('IL','USCN','GROUP_MEMBER','2014-09-15 14:41:46','2014-09-15 14:41:45','2014-09-15 14:41:46','2014-09-15 14:41:45'),('IN','USCN','GROUP_MEMBER','2014-09-15 14:41:46','2014-09-15 14:41:45','2014-09-15 14:41:46','2014-09-15 14:41:45'),('IND','IN-AN','REGIONS','2014-09-15 14:41:43','2014-09-15 14:41:43','2014-09-15 14:41:43','2014-09-15 14:41:43'),('IND','IN-AP','REGIONS','2014-09-15 14:41:43','2014-09-15 14:41:43','2014-09-15 14:41:43','2014-09-15 14:41:43'),('IND','IN-AR','REGIONS','2014-09-15 14:41:43','2014-09-15 14:41:43','2014-09-15 14:41:43','2014-09-15 14:41:43'),('IND','IN-AS','REGIONS','2014-09-15 14:41:43','2014-09-15 14:41:43','2014-09-15 14:41:43','2014-09-15 14:41:43'),('IND','IN-BR','REGIONS','2014-09-15 14:41:43','2014-09-15 14:41:43','2014-09-15 14:41:43','2014-09-15 14:41:43'),('IND','IN-CH','REGIONS','2014-09-15 14:41:43','2014-09-15 14:41:43','2014-09-15 14:41:43','2014-09-15 14:41:43'),('IND','IN-CT','REGIONS','2014-09-15 14:41:43','2014-09-15 14:41:43','2014-09-15 14:41:43','2014-09-15 14:41:43'),('IND','IN-DD','REGIONS','2014-09-15 14:41:43','2014-09-15 14:41:43','2014-09-15 14:41:43','2014-09-15 14:41:43'),('IND','IN-DN','REGIONS','2014-09-15 14:41:43','2014-09-15 14:41:43','2014-09-15 14:41:43','2014-09-15 14:41:43'),('IND','IN-GA','REGIONS','2014-09-15 14:41:43','2014-09-15 14:41:43','2014-09-15 14:41:43','2014-09-15 14:41:43'),('IND','IN-GJ','REGIONS','2014-09-15 14:41:43','2014-09-15 14:41:43','2014-09-15 14:41:43','2014-09-15 14:41:43'),('IND','IN-HP','REGIONS','2014-09-15 14:41:43','2014-09-15 14:41:43','2014-09-15 14:41:43','2014-09-15 14:41:43'),('IND','IN-HR','REGIONS','2014-09-15 14:41:43','2014-09-15 14:41:43','2014-09-15 14:41:43','2014-09-15 14:41:43'),('IND','IN-JH','REGIONS','2014-09-15 14:41:43','2014-09-15 14:41:43','2014-09-15 14:41:43','2014-09-15 14:41:43'),('IND','IN-JK','REGIONS','2014-09-15 14:41:43','2014-09-15 14:41:43','2014-09-15 14:41:43','2014-09-15 14:41:43'),('IND','IN-KA','REGIONS','2014-09-15 14:41:43','2014-09-15 14:41:43','2014-09-15 14:41:43','2014-09-15 14:41:43'),('IND','IN-KL','REGIONS','2014-09-15 14:41:43','2014-09-15 14:41:43','2014-09-15 14:41:43','2014-09-15 14:41:43'),('IND','IN-LD','REGIONS','2014-09-15 14:41:43','2014-09-15 14:41:43','2014-09-15 14:41:43','2014-09-15 14:41:43'),('IND','IN-MH','REGIONS','2014-09-15 14:41:43','2014-09-15 14:41:43','2014-09-15 14:41:43','2014-09-15 14:41:43'),('IND','IN-ML','REGIONS','2014-09-15 14:41:43','2014-09-15 14:41:43','2014-09-15 14:41:43','2014-09-15 14:41:43'),('IND','IN-MN','REGIONS','2014-09-15 14:41:43','2014-09-15 14:41:43','2014-09-15 14:41:43','2014-09-15 14:41:43'),('IND','IN-MP','REGIONS','2014-09-15 14:41:43','2014-09-15 14:41:43','2014-09-15 14:41:43','2014-09-15 14:41:43'),('IND','IN-MZ','REGIONS','2014-09-15 14:41:43','2014-09-15 14:41:43','2014-09-15 14:41:43','2014-09-15 14:41:43'),('IND','IN-ND','REGIONS','2014-09-15 14:41:43','2014-09-15 14:41:43','2014-09-15 14:41:43','2014-09-15 14:41:43'),('IND','IN-NL','REGIONS','2014-09-15 14:41:43','2014-09-15 14:41:43','2014-09-15 14:41:43','2014-09-15 14:41:43'),('IND','IN-OR','REGIONS','2014-09-15 14:41:43','2014-09-15 14:41:43','2014-09-15 14:41:43','2014-09-15 14:41:43'),('IND','IN-PB','REGIONS','2014-09-15 14:41:43','2014-09-15 14:41:43','2014-09-15 14:41:43','2014-09-15 14:41:43'),('IND','IN-PY','REGIONS','2014-09-15 14:41:43','2014-09-15 14:41:43','2014-09-15 14:41:43','2014-09-15 14:41:43'),('IND','IN-RJ','REGIONS','2014-09-15 14:41:43','2014-09-15 14:41:43','2014-09-15 14:41:43','2014-09-15 14:41:43'),('IND','IN-SK','REGIONS','2014-09-15 14:41:43','2014-09-15 14:41:43','2014-09-15 14:41:43','2014-09-15 14:41:43'),('IND','IN-TN','REGIONS','2014-09-15 14:41:43','2014-09-15 14:41:43','2014-09-15 14:41:43','2014-09-15 14:41:43'),('IND','IN-TR','REGIONS','2014-09-15 14:41:43','2014-09-15 14:41:43','2014-09-15 14:41:43','2014-09-15 14:41:43'),('IND','IN-UP','REGIONS','2014-09-15 14:41:43','2014-09-15 14:41:43','2014-09-15 14:41:43','2014-09-15 14:41:43'),('IND','IN-UT','REGIONS','2014-09-15 14:41:43','2014-09-15 14:41:43','2014-09-15 14:41:43','2014-09-15 14:41:43'),('IND','IN-WB','REGIONS','2014-09-15 14:41:43','2014-09-15 14:41:43','2014-09-15 14:41:43','2014-09-15 14:41:43'),('IRL','EU','GROUP_MEMBER','2014-09-15 14:41:38','2014-09-15 14:41:37','2014-09-15 14:41:38','2014-09-15 14:41:37'),('IRL','IE-CAVN','REGIONS','2014-09-15 14:41:43','2014-09-15 14:41:43','2014-09-15 14:41:43','2014-09-15 14:41:43'),('IRL','IE-CLARE','REGIONS','2014-09-15 14:41:43','2014-09-15 14:41:43','2014-09-15 14:41:43','2014-09-15 14:41:43'),('IRL','IE-CORK','REGIONS','2014-09-15 14:41:43','2014-09-15 14:41:43','2014-09-15 14:41:43','2014-09-15 14:41:43'),('IRL','IE-CRLW','REGIONS','2014-09-15 14:41:43','2014-09-15 14:41:43','2014-09-15 14:41:43','2014-09-15 14:41:43'),('IRL','IE-DBLN','REGIONS','2014-09-15 14:41:43','2014-09-15 14:41:43','2014-09-15 14:41:43','2014-09-15 14:41:43'),('IRL','IE-DNGL','REGIONS','2014-09-15 14:41:43','2014-09-15 14:41:43','2014-09-15 14:41:43','2014-09-15 14:41:43'),('IRL','IE-GALW','REGIONS','2014-09-15 14:41:43','2014-09-15 14:41:43','2014-09-15 14:41:43','2014-09-15 14:41:43'),('IRL','IE-KERRY','REGIONS','2014-09-15 14:41:43','2014-09-15 14:41:43','2014-09-15 14:41:43','2014-09-15 14:41:43'),('IRL','IE-KLDR','REGIONS','2014-09-15 14:41:43','2014-09-15 14:41:43','2014-09-15 14:41:43','2014-09-15 14:41:43'),('IRL','IE-KLKNY','REGIONS','2014-09-15 14:41:43','2014-09-15 14:41:43','2014-09-15 14:41:43','2014-09-15 14:41:43'),('IRL','IE-LAOIS','REGIONS','2014-09-15 14:41:43','2014-09-15 14:41:43','2014-09-15 14:41:43','2014-09-15 14:41:43'),('IRL','IE-LGFD','REGIONS','2014-09-15 14:41:43','2014-09-15 14:41:43','2014-09-15 14:41:43','2014-09-15 14:41:43'),('IRL','IE-LMRK','REGIONS','2014-09-15 14:41:43','2014-09-15 14:41:43','2014-09-15 14:41:43','2014-09-15 14:41:43'),('IRL','IE-LOUTH','REGIONS','2014-09-15 14:41:43','2014-09-15 14:41:43','2014-09-15 14:41:43','2014-09-15 14:41:43'),('IRL','IE-LTRM','REGIONS','2014-09-15 14:41:43','2014-09-15 14:41:43','2014-09-15 14:41:43','2014-09-15 14:41:43'),('IRL','IE-MAYO','REGIONS','2014-09-15 14:41:43','2014-09-15 14:41:43','2014-09-15 14:41:43','2014-09-15 14:41:43'),('IRL','IE-MEATH','REGIONS','2014-09-15 14:41:43','2014-09-15 14:41:43','2014-09-15 14:41:43','2014-09-15 14:41:43'),('IRL','IE-MNGHN','REGIONS','2014-09-15 14:41:43','2014-09-15 14:41:43','2014-09-15 14:41:43','2014-09-15 14:41:43'),('IRL','IE-OFLY','REGIONS','2014-09-15 14:41:43','2014-09-15 14:41:43','2014-09-15 14:41:43','2014-09-15 14:41:43'),('IRL','IE-RSCMN','REGIONS','2014-09-15 14:41:43','2014-09-15 14:41:43','2014-09-15 14:41:43','2014-09-15 14:41:43'),('IRL','IE-SLIGO','REGIONS','2014-09-15 14:41:43','2014-09-15 14:41:43','2014-09-15 14:41:43','2014-09-15 14:41:43'),('IRL','IE-TPRY','REGIONS','2014-09-15 14:41:43','2014-09-15 14:41:43','2014-09-15 14:41:43','2014-09-15 14:41:43'),('IRL','IE-WKLW','REGIONS','2014-09-15 14:41:43','2014-09-15 14:41:43','2014-09-15 14:41:43','2014-09-15 14:41:43'),('IRL','IE-WMETH','REGIONS','2014-09-15 14:41:43','2014-09-15 14:41:43','2014-09-15 14:41:43','2014-09-15 14:41:43'),('IRL','IE-WTFD','REGIONS','2014-09-15 14:41:43','2014-09-15 14:41:43','2014-09-15 14:41:43','2014-09-15 14:41:43'),('IRL','IE-WXFD','REGIONS','2014-09-15 14:41:43','2014-09-15 14:41:43','2014-09-15 14:41:43','2014-09-15 14:41:43'),('ITA','EU','GROUP_MEMBER','2014-09-15 14:41:38','2014-09-15 14:41:37','2014-09-15 14:41:38','2014-09-15 14:41:37'),('ITA','IT-AG','REGIONS','2014-09-15 14:41:44','2014-09-15 14:41:43','2014-09-15 14:41:44','2014-09-15 14:41:43'),('ITA','IT-AL','REGIONS','2014-09-15 14:41:44','2014-09-15 14:41:43','2014-09-15 14:41:44','2014-09-15 14:41:43'),('ITA','IT-AN','REGIONS','2014-09-15 14:41:44','2014-09-15 14:41:43','2014-09-15 14:41:44','2014-09-15 14:41:43'),('ITA','IT-AO','REGIONS','2014-09-15 14:41:44','2014-09-15 14:41:43','2014-09-15 14:41:44','2014-09-15 14:41:43'),('ITA','IT-AP','REGIONS','2014-09-15 14:41:44','2014-09-15 14:41:43','2014-09-15 14:41:44','2014-09-15 14:41:43'),('ITA','IT-AQ','REGIONS','2014-09-15 14:41:44','2014-09-15 14:41:43','2014-09-15 14:41:44','2014-09-15 14:41:43'),('ITA','IT-AR','REGIONS','2014-09-15 14:41:44','2014-09-15 14:41:43','2014-09-15 14:41:44','2014-09-15 14:41:43'),('ITA','IT-AT','REGIONS','2014-09-15 14:41:44','2014-09-15 14:41:43','2014-09-15 14:41:44','2014-09-15 14:41:43'),('ITA','IT-AV','REGIONS','2014-09-15 14:41:44','2014-09-15 14:41:43','2014-09-15 14:41:44','2014-09-15 14:41:43'),('ITA','IT-BA','REGIONS','2014-09-15 14:41:44','2014-09-15 14:41:43','2014-09-15 14:41:44','2014-09-15 14:41:43'),('ITA','IT-BG','REGIONS','2014-09-15 14:41:44','2014-09-15 14:41:43','2014-09-15 14:41:44','2014-09-15 14:41:43'),('ITA','IT-BI','REGIONS','2014-09-15 14:41:44','2014-09-15 14:41:43','2014-09-15 14:41:44','2014-09-15 14:41:43'),('ITA','IT-BL','REGIONS','2014-09-15 14:41:44','2014-09-15 14:41:43','2014-09-15 14:41:44','2014-09-15 14:41:43'),('ITA','IT-BN','REGIONS','2014-09-15 14:41:44','2014-09-15 14:41:43','2014-09-15 14:41:44','2014-09-15 14:41:43'),('ITA','IT-BO','REGIONS','2014-09-15 14:41:44','2014-09-15 14:41:43','2014-09-15 14:41:44','2014-09-15 14:41:43'),('ITA','IT-BR','REGIONS','2014-09-15 14:41:44','2014-09-15 14:41:43','2014-09-15 14:41:44','2014-09-15 14:41:43'),('ITA','IT-BS','REGIONS','2014-09-15 14:41:44','2014-09-15 14:41:43','2014-09-15 14:41:44','2014-09-15 14:41:43'),('ITA','IT-BT','REGIONS','2014-09-15 14:41:44','2014-09-15 14:41:43','2014-09-15 14:41:44','2014-09-15 14:41:43'),('ITA','IT-BZ','REGIONS','2014-09-15 14:41:44','2014-09-15 14:41:43','2014-09-15 14:41:44','2014-09-15 14:41:43'),('ITA','IT-CA','REGIONS','2014-09-15 14:41:44','2014-09-15 14:41:43','2014-09-15 14:41:44','2014-09-15 14:41:43'),('ITA','IT-CB','REGIONS','2014-09-15 14:41:44','2014-09-15 14:41:43','2014-09-15 14:41:44','2014-09-15 14:41:43'),('ITA','IT-CE','REGIONS','2014-09-15 14:41:44','2014-09-15 14:41:43','2014-09-15 14:41:44','2014-09-15 14:41:43'),('ITA','IT-CH','REGIONS','2014-09-15 14:41:44','2014-09-15 14:41:43','2014-09-15 14:41:44','2014-09-15 14:41:43'),('ITA','IT-CI','REGIONS','2014-09-15 14:41:44','2014-09-15 14:41:43','2014-09-15 14:41:44','2014-09-15 14:41:43'),('ITA','IT-CL','REGIONS','2014-09-15 14:41:44','2014-09-15 14:41:43','2014-09-15 14:41:44','2014-09-15 14:41:43'),('ITA','IT-CN','REGIONS','2014-09-15 14:41:44','2014-09-15 14:41:43','2014-09-15 14:41:44','2014-09-15 14:41:43'),('ITA','IT-CO','REGIONS','2014-09-15 14:41:44','2014-09-15 14:41:43','2014-09-15 14:41:44','2014-09-15 14:41:43'),('ITA','IT-CR','REGIONS','2014-09-15 14:41:44','2014-09-15 14:41:43','2014-09-15 14:41:44','2014-09-15 14:41:43'),('ITA','IT-CS','REGIONS','2014-09-15 14:41:44','2014-09-15 14:41:43','2014-09-15 14:41:44','2014-09-15 14:41:43'),('ITA','IT-CT','REGIONS','2014-09-15 14:41:44','2014-09-15 14:41:43','2014-09-15 14:41:44','2014-09-15 14:41:43'),('ITA','IT-CZ','REGIONS','2014-09-15 14:41:44','2014-09-15 14:41:43','2014-09-15 14:41:44','2014-09-15 14:41:43'),('ITA','IT-EN','REGIONS','2014-09-15 14:41:44','2014-09-15 14:41:43','2014-09-15 14:41:44','2014-09-15 14:41:43'),('ITA','IT-FC','REGIONS','2014-09-15 14:41:44','2014-09-15 14:41:43','2014-09-15 14:41:44','2014-09-15 14:41:43'),('ITA','IT-FE','REGIONS','2014-09-15 14:41:44','2014-09-15 14:41:43','2014-09-15 14:41:44','2014-09-15 14:41:43'),('ITA','IT-FG','REGIONS','2014-09-15 14:41:44','2014-09-15 14:41:43','2014-09-15 14:41:44','2014-09-15 14:41:43'),('ITA','IT-FI','REGIONS','2014-09-15 14:41:44','2014-09-15 14:41:43','2014-09-15 14:41:44','2014-09-15 14:41:43'),('ITA','IT-FM','REGIONS','2014-09-15 14:41:44','2014-09-15 14:41:43','2014-09-15 14:41:44','2014-09-15 14:41:43'),('ITA','IT-FR','REGIONS','2014-09-15 14:41:44','2014-09-15 14:41:43','2014-09-15 14:41:44','2014-09-15 14:41:43'),('ITA','IT-GE','REGIONS','2014-09-15 14:41:44','2014-09-15 14:41:43','2014-09-15 14:41:44','2014-09-15 14:41:43'),('ITA','IT-GO','REGIONS','2014-09-15 14:41:44','2014-09-15 14:41:43','2014-09-15 14:41:44','2014-09-15 14:41:43'),('ITA','IT-GR','REGIONS','2014-09-15 14:41:44','2014-09-15 14:41:43','2014-09-15 14:41:44','2014-09-15 14:41:43'),('ITA','IT-IM','REGIONS','2014-09-15 14:41:44','2014-09-15 14:41:43','2014-09-15 14:41:44','2014-09-15 14:41:43'),('ITA','IT-IS','REGIONS','2014-09-15 14:41:44','2014-09-15 14:41:43','2014-09-15 14:41:44','2014-09-15 14:41:43'),('ITA','IT-KR','REGIONS','2014-09-15 14:41:44','2014-09-15 14:41:43','2014-09-15 14:41:44','2014-09-15 14:41:43'),('ITA','IT-LC','REGIONS','2014-09-15 14:41:44','2014-09-15 14:41:43','2014-09-15 14:41:44','2014-09-15 14:41:43'),('ITA','IT-LE','REGIONS','2014-09-15 14:41:44','2014-09-15 14:41:43','2014-09-15 14:41:44','2014-09-15 14:41:43'),('ITA','IT-LI','REGIONS','2014-09-15 14:41:44','2014-09-15 14:41:43','2014-09-15 14:41:44','2014-09-15 14:41:43'),('ITA','IT-LO','REGIONS','2014-09-15 14:41:44','2014-09-15 14:41:43','2014-09-15 14:41:44','2014-09-15 14:41:43'),('ITA','IT-LT','REGIONS','2014-09-15 14:41:44','2014-09-15 14:41:43','2014-09-15 14:41:44','2014-09-15 14:41:43'),('ITA','IT-LU','REGIONS','2014-09-15 14:41:44','2014-09-15 14:41:43','2014-09-15 14:41:44','2014-09-15 14:41:43'),('ITA','IT-MB','REGIONS','2014-09-15 14:41:44','2014-09-15 14:41:43','2014-09-15 14:41:44','2014-09-15 14:41:43'),('ITA','IT-MC','REGIONS','2014-09-15 14:41:44','2014-09-15 14:41:43','2014-09-15 14:41:44','2014-09-15 14:41:43'),('ITA','IT-ME','REGIONS','2014-09-15 14:41:44','2014-09-15 14:41:43','2014-09-15 14:41:44','2014-09-15 14:41:43'),('ITA','IT-MI','REGIONS','2014-09-15 14:41:44','2014-09-15 14:41:43','2014-09-15 14:41:44','2014-09-15 14:41:43'),('ITA','IT-MN','REGIONS','2014-09-15 14:41:44','2014-09-15 14:41:43','2014-09-15 14:41:44','2014-09-15 14:41:43'),('ITA','IT-MO','REGIONS','2014-09-15 14:41:44','2014-09-15 14:41:43','2014-09-15 14:41:44','2014-09-15 14:41:43'),('ITA','IT-MS','REGIONS','2014-09-15 14:41:44','2014-09-15 14:41:43','2014-09-15 14:41:44','2014-09-15 14:41:43'),('ITA','IT-MT','REGIONS','2014-09-15 14:41:44','2014-09-15 14:41:43','2014-09-15 14:41:44','2014-09-15 14:41:43'),('ITA','IT-NA','REGIONS','2014-09-15 14:41:44','2014-09-15 14:41:43','2014-09-15 14:41:44','2014-09-15 14:41:43'),('ITA','IT-NO','REGIONS','2014-09-15 14:41:44','2014-09-15 14:41:43','2014-09-15 14:41:44','2014-09-15 14:41:43'),('ITA','IT-NU','REGIONS','2014-09-15 14:41:44','2014-09-15 14:41:43','2014-09-15 14:41:44','2014-09-15 14:41:43'),('ITA','IT-OG','REGIONS','2014-09-15 14:41:44','2014-09-15 14:41:43','2014-09-15 14:41:44','2014-09-15 14:41:43'),('ITA','IT-OR','REGIONS','2014-09-15 14:41:44','2014-09-15 14:41:43','2014-09-15 14:41:44','2014-09-15 14:41:43'),('ITA','IT-OT','REGIONS','2014-09-15 14:41:44','2014-09-15 14:41:43','2014-09-15 14:41:44','2014-09-15 14:41:43'),('ITA','IT-PA','REGIONS','2014-09-15 14:41:44','2014-09-15 14:41:43','2014-09-15 14:41:44','2014-09-15 14:41:43'),('ITA','IT-PC','REGIONS','2014-09-15 14:41:44','2014-09-15 14:41:43','2014-09-15 14:41:44','2014-09-15 14:41:43'),('ITA','IT-PD','REGIONS','2014-09-15 14:41:44','2014-09-15 14:41:43','2014-09-15 14:41:44','2014-09-15 14:41:43'),('ITA','IT-PE','REGIONS','2014-09-15 14:41:44','2014-09-15 14:41:43','2014-09-15 14:41:44','2014-09-15 14:41:43'),('ITA','IT-PG','REGIONS','2014-09-15 14:41:44','2014-09-15 14:41:43','2014-09-15 14:41:44','2014-09-15 14:41:43'),('ITA','IT-PI','REGIONS','2014-09-15 14:41:44','2014-09-15 14:41:43','2014-09-15 14:41:44','2014-09-15 14:41:43'),('ITA','IT-PN','REGIONS','2014-09-15 14:41:44','2014-09-15 14:41:43','2014-09-15 14:41:44','2014-09-15 14:41:43'),('ITA','IT-PO','REGIONS','2014-09-15 14:41:44','2014-09-15 14:41:43','2014-09-15 14:41:44','2014-09-15 14:41:43'),('ITA','IT-PR','REGIONS','2014-09-15 14:41:44','2014-09-15 14:41:43','2014-09-15 14:41:44','2014-09-15 14:41:43'),('ITA','IT-PT','REGIONS','2014-09-15 14:41:44','2014-09-15 14:41:43','2014-09-15 14:41:44','2014-09-15 14:41:43'),('ITA','IT-PU','REGIONS','2014-09-15 14:41:44','2014-09-15 14:41:43','2014-09-15 14:41:44','2014-09-15 14:41:43'),('ITA','IT-PV','REGIONS','2014-09-15 14:41:44','2014-09-15 14:41:43','2014-09-15 14:41:44','2014-09-15 14:41:43'),('ITA','IT-PZ','REGIONS','2014-09-15 14:41:44','2014-09-15 14:41:43','2014-09-15 14:41:44','2014-09-15 14:41:43'),('ITA','IT-RA','REGIONS','2014-09-15 14:41:44','2014-09-15 14:41:43','2014-09-15 14:41:44','2014-09-15 14:41:43'),('ITA','IT-RC','REGIONS','2014-09-15 14:41:44','2014-09-15 14:41:43','2014-09-15 14:41:44','2014-09-15 14:41:43'),('ITA','IT-RE','REGIONS','2014-09-15 14:41:44','2014-09-15 14:41:43','2014-09-15 14:41:44','2014-09-15 14:41:43'),('ITA','IT-RG','REGIONS','2014-09-15 14:41:44','2014-09-15 14:41:43','2014-09-15 14:41:44','2014-09-15 14:41:43'),('ITA','IT-RI','REGIONS','2014-09-15 14:41:44','2014-09-15 14:41:43','2014-09-15 14:41:44','2014-09-15 14:41:43'),('ITA','IT-RM','REGIONS','2014-09-15 14:41:44','2014-09-15 14:41:43','2014-09-15 14:41:44','2014-09-15 14:41:43'),('ITA','IT-RN','REGIONS','2014-09-15 14:41:44','2014-09-15 14:41:43','2014-09-15 14:41:44','2014-09-15 14:41:43'),('ITA','IT-RO','REGIONS','2014-09-15 14:41:44','2014-09-15 14:41:43','2014-09-15 14:41:44','2014-09-15 14:41:43'),('ITA','IT-SA','REGIONS','2014-09-15 14:41:44','2014-09-15 14:41:43','2014-09-15 14:41:44','2014-09-15 14:41:43'),('ITA','IT-SI','REGIONS','2014-09-15 14:41:44','2014-09-15 14:41:43','2014-09-15 14:41:44','2014-09-15 14:41:43'),('ITA','IT-SO','REGIONS','2014-09-15 14:41:44','2014-09-15 14:41:43','2014-09-15 14:41:44','2014-09-15 14:41:43'),('ITA','IT-SP','REGIONS','2014-09-15 14:41:44','2014-09-15 14:41:43','2014-09-15 14:41:44','2014-09-15 14:41:43'),('ITA','IT-SR','REGIONS','2014-09-15 14:41:44','2014-09-15 14:41:43','2014-09-15 14:41:44','2014-09-15 14:41:43'),('ITA','IT-SS','REGIONS','2014-09-15 14:41:44','2014-09-15 14:41:43','2014-09-15 14:41:44','2014-09-15 14:41:43'),('ITA','IT-SV','REGIONS','2014-09-15 14:41:44','2014-09-15 14:41:43','2014-09-15 14:41:44','2014-09-15 14:41:43'),('ITA','IT-TA','REGIONS','2014-09-15 14:41:44','2014-09-15 14:41:43','2014-09-15 14:41:44','2014-09-15 14:41:43'),('ITA','IT-TE','REGIONS','2014-09-15 14:41:44','2014-09-15 14:41:43','2014-09-15 14:41:44','2014-09-15 14:41:43'),('ITA','IT-TN','REGIONS','2014-09-15 14:41:44','2014-09-15 14:41:43','2014-09-15 14:41:44','2014-09-15 14:41:43'),('ITA','IT-TO','REGIONS','2014-09-15 14:41:44','2014-09-15 14:41:43','2014-09-15 14:41:44','2014-09-15 14:41:43'),('ITA','IT-TP','REGIONS','2014-09-15 14:41:44','2014-09-15 14:41:43','2014-09-15 14:41:44','2014-09-15 14:41:43'),('ITA','IT-TR','REGIONS','2014-09-15 14:41:44','2014-09-15 14:41:43','2014-09-15 14:41:44','2014-09-15 14:41:43'),('ITA','IT-TS','REGIONS','2014-09-15 14:41:44','2014-09-15 14:41:43','2014-09-15 14:41:44','2014-09-15 14:41:43'),('ITA','IT-TV','REGIONS','2014-09-15 14:41:44','2014-09-15 14:41:43','2014-09-15 14:41:44','2014-09-15 14:41:43'),('ITA','IT-UD','REGIONS','2014-09-15 14:41:44','2014-09-15 14:41:43','2014-09-15 14:41:44','2014-09-15 14:41:43'),('ITA','IT-VA','REGIONS','2014-09-15 14:41:44','2014-09-15 14:41:43','2014-09-15 14:41:44','2014-09-15 14:41:43'),('ITA','IT-VC','REGIONS','2014-09-15 14:41:44','2014-09-15 14:41:43','2014-09-15 14:41:44','2014-09-15 14:41:43'),('ITA','IT-VE','REGIONS','2014-09-15 14:41:44','2014-09-15 14:41:43','2014-09-15 14:41:44','2014-09-15 14:41:43'),('ITA','IT-VI','REGIONS','2014-09-15 14:41:44','2014-09-15 14:41:43','2014-09-15 14:41:44','2014-09-15 14:41:43'),('ITA','IT-VR','REGIONS','2014-09-15 14:41:44','2014-09-15 14:41:43','2014-09-15 14:41:44','2014-09-15 14:41:43'),('ITA','IT-VS','REGIONS','2014-09-15 14:41:44','2014-09-15 14:41:43','2014-09-15 14:41:44','2014-09-15 14:41:43'),('ITA','IT-VT','REGIONS','2014-09-15 14:41:44','2014-09-15 14:41:43','2014-09-15 14:41:44','2014-09-15 14:41:43'),('ITA','IT-VV','REGIONS','2014-09-15 14:41:44','2014-09-15 14:41:43','2014-09-15 14:41:44','2014-09-15 14:41:43'),('KS','USCN','GROUP_MEMBER','2014-09-15 14:41:46','2014-09-15 14:41:45','2014-09-15 14:41:46','2014-09-15 14:41:45'),('KY','USCN','GROUP_MEMBER','2014-09-15 14:41:46','2014-09-15 14:41:45','2014-09-15 14:41:46','2014-09-15 14:41:45'),('LA','USCN','GROUP_MEMBER','2014-09-15 14:41:46','2014-09-15 14:41:45','2014-09-15 14:41:46','2014-09-15 14:41:45'),('LTU','EU','GROUP_MEMBER','2014-09-15 14:41:38','2014-09-15 14:41:37','2014-09-15 14:41:38','2014-09-15 14:41:37'),('LUX','EU','GROUP_MEMBER','2014-09-15 14:41:38','2014-09-15 14:41:37','2014-09-15 14:41:38','2014-09-15 14:41:37'),('LVA','EU','GROUP_MEMBER','2014-09-15 14:41:38','2014-09-15 14:41:37','2014-09-15 14:41:38','2014-09-15 14:41:37'),('MA','USCN','GROUP_MEMBER','2014-09-15 14:41:46','2014-09-15 14:41:45','2014-09-15 14:41:46','2014-09-15 14:41:45'),('MD','USCN','GROUP_MEMBER','2014-09-15 14:41:46','2014-09-15 14:41:45','2014-09-15 14:41:46','2014-09-15 14:41:45'),('ME','USCN','GROUP_MEMBER','2014-09-15 14:41:46','2014-09-15 14:41:45','2014-09-15 14:41:46','2014-09-15 14:41:45'),('MEX','MEXCAN','GROUP_MEMBER','2014-09-15 14:41:44','2014-09-15 14:41:44','2014-09-15 14:41:44','2014-09-15 14:41:44'),('MEX','MX-AG','REGIONS','2014-09-15 14:41:44','2014-09-15 14:41:44','2014-09-15 14:41:44','2014-09-15 14:41:44'),('MEX','MX-BN','REGIONS','2014-09-15 14:41:44','2014-09-15 14:41:44','2014-09-15 14:41:44','2014-09-15 14:41:44'),('MEX','MX-BS','REGIONS','2014-09-15 14:41:44','2014-09-15 14:41:44','2014-09-15 14:41:44','2014-09-15 14:41:44'),('MEX','MX-CA','REGIONS','2014-09-15 14:41:44','2014-09-15 14:41:44','2014-09-15 14:41:44','2014-09-15 14:41:44'),('MEX','MX-CH','REGIONS','2014-09-15 14:41:44','2014-09-15 14:41:44','2014-09-15 14:41:44','2014-09-15 14:41:44'),('MEX','MX-CL','REGIONS','2014-09-15 14:41:44','2014-09-15 14:41:44','2014-09-15 14:41:44','2014-09-15 14:41:44'),('MEX','MX-CM','REGIONS','2014-09-15 14:41:44','2014-09-15 14:41:44','2014-09-15 14:41:44','2014-09-15 14:41:44'),('MEX','MX-CP','REGIONS','2014-09-15 14:41:44','2014-09-15 14:41:44','2014-09-15 14:41:44','2014-09-15 14:41:44'),('MEX','MX-DF','REGIONS','2014-09-15 14:41:44','2014-09-15 14:41:44','2014-09-15 14:41:44','2014-09-15 14:41:44'),('MEX','MX-DU','REGIONS','2014-09-15 14:41:44','2014-09-15 14:41:44','2014-09-15 14:41:44','2014-09-15 14:41:44'),('MEX','MX-GJ','REGIONS','2014-09-15 14:41:44','2014-09-15 14:41:44','2014-09-15 14:41:44','2014-09-15 14:41:44'),('MEX','MX-GR','REGIONS','2014-09-15 14:41:44','2014-09-15 14:41:44','2014-09-15 14:41:44','2014-09-15 14:41:44'),('MEX','MX-HI','REGIONS','2014-09-15 14:41:44','2014-09-15 14:41:44','2014-09-15 14:41:44','2014-09-15 14:41:44'),('MEX','MX-JA','REGIONS','2014-09-15 14:41:44','2014-09-15 14:41:44','2014-09-15 14:41:44','2014-09-15 14:41:44'),('MEX','MX-MC','REGIONS','2014-09-15 14:41:44','2014-09-15 14:41:44','2014-09-15 14:41:44','2014-09-15 14:41:44'),('MEX','MX-MR','REGIONS','2014-09-15 14:41:44','2014-09-15 14:41:44','2014-09-15 14:41:44','2014-09-15 14:41:44'),('MEX','MX-MX','REGIONS','2014-09-15 14:41:44','2014-09-15 14:41:44','2014-09-15 14:41:44','2014-09-15 14:41:44'),('MEX','MX-NA','REGIONS','2014-09-15 14:41:44','2014-09-15 14:41:44','2014-09-15 14:41:44','2014-09-15 14:41:44'),('MEX','MX-NL','REGIONS','2014-09-15 14:41:44','2014-09-15 14:41:44','2014-09-15 14:41:44','2014-09-15 14:41:44'),('MEX','MX-OA','REGIONS','2014-09-15 14:41:44','2014-09-15 14:41:44','2014-09-15 14:41:44','2014-09-15 14:41:44'),('MEX','MX-PU','REGIONS','2014-09-15 14:41:44','2014-09-15 14:41:44','2014-09-15 14:41:44','2014-09-15 14:41:44'),('MEX','MX-QE','REGIONS','2014-09-15 14:41:44','2014-09-15 14:41:44','2014-09-15 14:41:44','2014-09-15 14:41:44'),('MEX','MX-QR','REGIONS','2014-09-15 14:41:44','2014-09-15 14:41:44','2014-09-15 14:41:44','2014-09-15 14:41:44'),('MEX','MX-SI','REGIONS','2014-09-15 14:41:44','2014-09-15 14:41:44','2014-09-15 14:41:44','2014-09-15 14:41:44'),('MEX','MX-SL','REGIONS','2014-09-15 14:41:44','2014-09-15 14:41:44','2014-09-15 14:41:44','2014-09-15 14:41:44'),('MEX','MX-SO','REGIONS','2014-09-15 14:41:44','2014-09-15 14:41:44','2014-09-15 14:41:44','2014-09-15 14:41:44'),('MEX','MX-TB','REGIONS','2014-09-15 14:41:44','2014-09-15 14:41:44','2014-09-15 14:41:44','2014-09-15 14:41:44'),('MEX','MX-TL','REGIONS','2014-09-15 14:41:44','2014-09-15 14:41:44','2014-09-15 14:41:44','2014-09-15 14:41:44'),('MEX','MX-TM','REGIONS','2014-09-15 14:41:44','2014-09-15 14:41:44','2014-09-15 14:41:44','2014-09-15 14:41:44'),('MEX','MX-VE','REGIONS','2014-09-15 14:41:44','2014-09-15 14:41:44','2014-09-15 14:41:44','2014-09-15 14:41:44'),('MEX','MX-YU','REGIONS','2014-09-15 14:41:44','2014-09-15 14:41:44','2014-09-15 14:41:44','2014-09-15 14:41:44'),('MEX','MX-ZA','REGIONS','2014-09-15 14:41:44','2014-09-15 14:41:44','2014-09-15 14:41:44','2014-09-15 14:41:44'),('MEX','USMEXCAN','GROUP_MEMBER','2014-09-15 14:41:46','2014-09-15 14:41:45','2014-09-15 14:41:46','2014-09-15 14:41:45'),('MH','USTR','GROUP_MEMBER','2014-09-15 14:41:46','2014-09-15 14:41:45','2014-09-15 14:41:46','2014-09-15 14:41:45'),('MI','USCN','GROUP_MEMBER','2014-09-15 14:41:46','2014-09-15 14:41:45','2014-09-15 14:41:46','2014-09-15 14:41:45'),('MLT','EU','GROUP_MEMBER','2014-09-15 14:41:38','2014-09-15 14:41:37','2014-09-15 14:41:38','2014-09-15 14:41:37'),('MN','USCN','GROUP_MEMBER','2014-09-15 14:41:46','2014-09-15 14:41:45','2014-09-15 14:41:46','2014-09-15 14:41:45'),('MO','USCN','GROUP_MEMBER','2014-09-15 14:41:46','2014-09-15 14:41:45','2014-09-15 14:41:46','2014-09-15 14:41:45'),('MP','USTR','GROUP_MEMBER','2014-09-15 14:41:46','2014-09-15 14:41:45','2014-09-15 14:41:46','2014-09-15 14:41:45'),('MS','USCN','GROUP_MEMBER','2014-09-15 14:41:46','2014-09-15 14:41:45','2014-09-15 14:41:46','2014-09-15 14:41:45'),('MT','USCN','GROUP_MEMBER','2014-09-15 14:41:46','2014-09-15 14:41:45','2014-09-15 14:41:46','2014-09-15 14:41:45'),('NC','USCN','GROUP_MEMBER','2014-09-15 14:41:46','2014-09-15 14:41:45','2014-09-15 14:41:46','2014-09-15 14:41:45'),('ND','USCN','GROUP_MEMBER','2014-09-15 14:41:46','2014-09-15 14:41:45','2014-09-15 14:41:46','2014-09-15 14:41:45'),('NE','USCN','GROUP_MEMBER','2014-09-15 14:41:46','2014-09-15 14:41:45','2014-09-15 14:41:46','2014-09-15 14:41:45'),('NH','USCN','GROUP_MEMBER','2014-09-15 14:41:46','2014-09-15 14:41:45','2014-09-15 14:41:46','2014-09-15 14:41:45'),('NIRL','GBR','GROUP_MEMBER','2014-09-15 14:41:38','2014-09-15 14:41:37','2014-09-15 14:41:38','2014-09-15 14:41:37'),('NIRL','NIRL-ARMG','REGIONS','2014-09-15 14:41:45','2014-09-15 14:41:45','2014-09-15 14:41:45','2014-09-15 14:41:45'),('NIRL','NIRL-ATRM','REGIONS','2014-09-15 14:41:45','2014-09-15 14:41:45','2014-09-15 14:41:45','2014-09-15 14:41:45'),('NIRL','NIRL-DOWN','REGIONS','2014-09-15 14:41:45','2014-09-15 14:41:45','2014-09-15 14:41:45','2014-09-15 14:41:45'),('NIRL','NIRL-FMNH','REGIONS','2014-09-15 14:41:45','2014-09-15 14:41:45','2014-09-15 14:41:45','2014-09-15 14:41:45'),('NIRL','NIRL-LDRY','REGIONS','2014-09-15 14:41:45','2014-09-15 14:41:45','2014-09-15 14:41:45','2014-09-15 14:41:45'),('NIRL','NIRL-TYR','REGIONS','2014-09-15 14:41:45','2014-09-15 14:41:45','2014-09-15 14:41:45','2014-09-15 14:41:45'),('NJ','USCN','GROUP_MEMBER','2014-09-15 14:41:46','2014-09-15 14:41:45','2014-09-15 14:41:46','2014-09-15 14:41:45'),('NLD','EU','GROUP_MEMBER','2014-09-15 14:41:38','2014-09-15 14:41:37','2014-09-15 14:41:38','2014-09-15 14:41:37'),('NLD','NL-DR','REGIONS','2014-09-15 14:41:44','2014-09-15 14:41:44','2014-09-15 14:41:44','2014-09-15 14:41:44'),('NLD','NL-FL','REGIONS','2014-09-15 14:41:44','2014-09-15 14:41:44','2014-09-15 14:41:44','2014-09-15 14:41:44'),('NLD','NL-FR','REGIONS','2014-09-15 14:41:44','2014-09-15 14:41:44','2014-09-15 14:41:44','2014-09-15 14:41:44'),('NLD','NL-GL','REGIONS','2014-09-15 14:41:44','2014-09-15 14:41:44','2014-09-15 14:41:44','2014-09-15 14:41:44'),('NLD','NL-GR','REGIONS','2014-09-15 14:41:44','2014-09-15 14:41:44','2014-09-15 14:41:44','2014-09-15 14:41:44'),('NLD','NL-LB','REGIONS','2014-09-15 14:41:44','2014-09-15 14:41:44','2014-09-15 14:41:44','2014-09-15 14:41:44'),('NLD','NL-NB','REGIONS','2014-09-15 14:41:44','2014-09-15 14:41:44','2014-09-15 14:41:44','2014-09-15 14:41:44'),('NLD','NL-NH','REGIONS','2014-09-15 14:41:44','2014-09-15 14:41:44','2014-09-15 14:41:44','2014-09-15 14:41:44'),('NLD','NL-OV','REGIONS','2014-09-15 14:41:44','2014-09-15 14:41:44','2014-09-15 14:41:44','2014-09-15 14:41:44'),('NLD','NL-UT','REGIONS','2014-09-15 14:41:44','2014-09-15 14:41:44','2014-09-15 14:41:44','2014-09-15 14:41:44'),('NLD','NL-ZE','REGIONS','2014-09-15 14:41:44','2014-09-15 14:41:44','2014-09-15 14:41:44','2014-09-15 14:41:44'),('NLD','NL-ZH','REGIONS','2014-09-15 14:41:44','2014-09-15 14:41:44','2014-09-15 14:41:44','2014-09-15 14:41:44'),('NLD','NL-ZL','REGIONS','2014-09-15 14:41:44','2014-09-15 14:41:44','2014-09-15 14:41:44','2014-09-15 14:41:44'),('NM','USCN','GROUP_MEMBER','2014-09-15 14:41:46','2014-09-15 14:41:45','2014-09-15 14:41:46','2014-09-15 14:41:45'),('NV','USCN','GROUP_MEMBER','2014-09-15 14:41:46','2014-09-15 14:41:45','2014-09-15 14:41:46','2014-09-15 14:41:45'),('NY','USCN','GROUP_MEMBER','2014-09-15 14:41:46','2014-09-15 14:41:45','2014-09-15 14:41:46','2014-09-15 14:41:45'),('OH','USCN','GROUP_MEMBER','2014-09-15 14:41:46','2014-09-15 14:41:45','2014-09-15 14:41:46','2014-09-15 14:41:45'),('OK','USCN','GROUP_MEMBER','2014-09-15 14:41:46','2014-09-15 14:41:45','2014-09-15 14:41:46','2014-09-15 14:41:45'),('OR','USCN','GROUP_MEMBER','2014-09-15 14:41:46','2014-09-15 14:41:45','2014-09-15 14:41:46','2014-09-15 14:41:45'),('PA','USCN','GROUP_MEMBER','2014-09-15 14:41:46','2014-09-15 14:41:45','2014-09-15 14:41:46','2014-09-15 14:41:45'),('POL','EU','GROUP_MEMBER','2014-09-15 14:41:38','2014-09-15 14:41:37','2014-09-15 14:41:38','2014-09-15 14:41:37'),('POL','PL-D','REGIONS','2014-09-15 14:41:44','2014-09-15 14:41:44','2014-09-15 14:41:44','2014-09-15 14:41:44'),('POL','PL-KP','REGIONS','2014-09-15 14:41:44','2014-09-15 14:41:44','2014-09-15 14:41:44','2014-09-15 14:41:44'),('POL','PL-LB','REGIONS','2014-09-15 14:41:44','2014-09-15 14:41:44','2014-09-15 14:41:44','2014-09-15 14:41:44'),('POL','PL-LS','REGIONS','2014-09-15 14:41:44','2014-09-15 14:41:44','2014-09-15 14:41:44','2014-09-15 14:41:44'),('POL','PL-MP','REGIONS','2014-09-15 14:41:44','2014-09-15 14:41:44','2014-09-15 14:41:44','2014-09-15 14:41:44'),('POL','PL-MZ','REGIONS','2014-09-15 14:41:44','2014-09-15 14:41:44','2014-09-15 14:41:44','2014-09-15 14:41:44'),('POL','PL-OP','REGIONS','2014-09-15 14:41:44','2014-09-15 14:41:44','2014-09-15 14:41:44','2014-09-15 14:41:44'),('POL','PL-PK','REGIONS','2014-09-15 14:41:44','2014-09-15 14:41:44','2014-09-15 14:41:44','2014-09-15 14:41:44'),('POL','PL-PL','REGIONS','2014-09-15 14:41:44','2014-09-15 14:41:44','2014-09-15 14:41:44','2014-09-15 14:41:44'),('POL','PL-PM','REGIONS','2014-09-15 14:41:44','2014-09-15 14:41:44','2014-09-15 14:41:44','2014-09-15 14:41:44'),('POL','PL-K','REGIONS','2014-09-15 14:41:44','2014-09-15 14:41:44','2014-09-15 14:41:44','2014-09-15 14:41:44'),('POL','PL-L','REGIONS','2014-09-15 14:41:44','2014-09-15 14:41:44','2014-09-15 14:41:44','2014-09-15 14:41:44'),('POL','PL-WM','REGIONS','2014-09-15 14:41:44','2014-09-15 14:41:44','2014-09-15 14:41:44','2014-09-15 14:41:44'),('POL','PL-WP','REGIONS','2014-09-15 14:41:44','2014-09-15 14:41:44','2014-09-15 14:41:44','2014-09-15 14:41:44'),('POL','PL-ZP','REGIONS','2014-09-15 14:41:44','2014-09-15 14:41:44','2014-09-15 14:41:44','2014-09-15 14:41:44'),('POL','PL-D','REGIONS','2014-09-15 14:41:44','2014-09-15 14:41:44','2014-09-15 14:41:44','2014-09-15 14:41:44'),('PR','USTR','GROUP_MEMBER','2014-09-15 14:41:46','2014-09-15 14:41:45','2014-09-15 14:41:46','2014-09-15 14:41:45'),('PRT','EU','GROUP_MEMBER','2014-09-15 14:41:38','2014-09-15 14:41:37','2014-09-15 14:41:38','2014-09-15 14:41:37'),('PW','USTR','GROUP_MEMBER','2014-09-15 14:41:46','2014-09-15 14:41:45','2014-09-15 14:41:46','2014-09-15 14:41:45'),('RI','USCN','GROUP_MEMBER','2014-09-15 14:41:46','2014-09-15 14:41:45','2014-09-15 14:41:46','2014-09-15 14:41:45'),('ROU','EU','GROUP_MEMBER','2014-09-15 14:41:38','2014-09-15 14:41:37','2014-09-15 14:41:38','2014-09-15 14:41:37'),('SC','USCN','GROUP_MEMBER','2014-09-15 14:41:46','2014-09-15 14:41:45','2014-09-15 14:41:46','2014-09-15 14:41:45'),('SCOT','GB-ABDN','REGIONS','2014-09-15 14:41:45','2014-09-15 14:41:45','2014-09-15 14:41:45','2014-09-15 14:41:45'),('SCOT','GB-ANGS','REGIONS','2014-09-15 14:41:45','2014-09-15 14:41:45','2014-09-15 14:41:45','2014-09-15 14:41:45'),('SCOT','GB-ARGL','REGIONS','2014-09-15 14:41:45','2014-09-15 14:41:45','2014-09-15 14:41:45','2014-09-15 14:41:45'),('SCOT','GB-AYRS','REGIONS','2014-09-15 14:41:45','2014-09-15 14:41:45','2014-09-15 14:41:45','2014-09-15 14:41:45'),('SCOT','GB-BANF','REGIONS','2014-09-15 14:41:45','2014-09-15 14:41:45','2014-09-15 14:41:45','2014-09-15 14:41:45'),('SCOT','GB-BUTE','REGIONS','2014-09-15 14:41:45','2014-09-15 14:41:45','2014-09-15 14:41:45','2014-09-15 14:41:45'),('SCOT','GB-CLAK','REGIONS','2014-09-15 14:41:45','2014-09-15 14:41:45','2014-09-15 14:41:45','2014-09-15 14:41:45'),('SCOT','GB-CMTY','REGIONS','2014-09-15 14:41:45','2014-09-15 14:41:45','2014-09-15 14:41:45','2014-09-15 14:41:45'),('SCOT','GB-DMBR','REGIONS','2014-09-15 14:41:45','2014-09-15 14:41:45','2014-09-15 14:41:45','2014-09-15 14:41:45'),('SCOT','GB-DMFS','REGIONS','2014-09-15 14:41:45','2014-09-15 14:41:45','2014-09-15 14:41:45','2014-09-15 14:41:45'),('SCOT','GB-ELOTH','REGIONS','2014-09-15 14:41:45','2014-09-15 14:41:45','2014-09-15 14:41:45','2014-09-15 14:41:45'),('SCOT','GB-FIFE','REGIONS','2014-09-15 14:41:45','2014-09-15 14:41:45','2014-09-15 14:41:45','2014-09-15 14:41:45'),('SCOT','GB-INVER','REGIONS','2014-09-15 14:41:45','2014-09-15 14:41:45','2014-09-15 14:41:45','2014-09-15 14:41:45'),('SCOT','GB-KNDN','REGIONS','2014-09-15 14:41:45','2014-09-15 14:41:45','2014-09-15 14:41:45','2014-09-15 14:41:45'),('SCOT','GB-KRCUD','REGIONS','2014-09-15 14:41:45','2014-09-15 14:41:45','2014-09-15 14:41:45','2014-09-15 14:41:45'),('SCOT','GB-KRSS','REGIONS','2014-09-15 14:41:45','2014-09-15 14:41:45','2014-09-15 14:41:45','2014-09-15 14:41:45'),('SCOT','GB-LRKS','REGIONS','2014-09-15 14:41:45','2014-09-15 14:41:45','2014-09-15 14:41:45','2014-09-15 14:41:45'),('SCOT','GB-MLOTH','REGIONS','2014-09-15 14:41:45','2014-09-15 14:41:45','2014-09-15 14:41:45','2014-09-15 14:41:45'),('SCOT','GB-MORAY','REGIONS','2014-09-15 14:41:45','2014-09-15 14:41:45','2014-09-15 14:41:45','2014-09-15 14:41:45'),('SCOT','GB-NAIRN','REGIONS','2014-09-15 14:41:45','2014-09-15 14:41:45','2014-09-15 14:41:45','2014-09-15 14:41:45'),('SCOT','GB-ORK','REGIONS','2014-09-15 14:41:45','2014-09-15 14:41:45','2014-09-15 14:41:45','2014-09-15 14:41:45'),('SCOT','GB-PEEBS','REGIONS','2014-09-15 14:41:45','2014-09-15 14:41:45','2014-09-15 14:41:45','2014-09-15 14:41:45'),('SCOT','GB-PERTH','REGIONS','2014-09-15 14:41:45','2014-09-15 14:41:45','2014-09-15 14:41:45','2014-09-15 14:41:45'),('SCOT','GB-RNFR','REGIONS','2014-09-15 14:41:45','2014-09-15 14:41:45','2014-09-15 14:41:45','2014-09-15 14:41:45'),('SCOT','GB-ROSS','REGIONS','2014-09-15 14:41:45','2014-09-15 14:41:45','2014-09-15 14:41:45','2014-09-15 14:41:45'),('SCOT','GB-ROXB','REGIONS','2014-09-15 14:41:45','2014-09-15 14:41:45','2014-09-15 14:41:45','2014-09-15 14:41:45'),('SCOT','GB-SELKS','REGIONS','2014-09-15 14:41:45','2014-09-15 14:41:45','2014-09-15 14:41:45','2014-09-15 14:41:45'),('SCOT','GB-SHET','REGIONS','2014-09-15 14:41:45','2014-09-15 14:41:45','2014-09-15 14:41:45','2014-09-15 14:41:45'),('SCOT','GB-STLNG','REGIONS','2014-09-15 14:41:45','2014-09-15 14:41:45','2014-09-15 14:41:45','2014-09-15 14:41:45'),('SCOT','GB-SUTH','REGIONS','2014-09-15 14:41:45','2014-09-15 14:41:45','2014-09-15 14:41:45','2014-09-15 14:41:45'),('SCOT','GB-WGNSH','REGIONS','2014-09-15 14:41:45','2014-09-15 14:41:45','2014-09-15 14:41:45','2014-09-15 14:41:45'),('SCOT','GB-WLOTH','REGIONS','2014-09-15 14:41:45','2014-09-15 14:41:45','2014-09-15 14:41:45','2014-09-15 14:41:45'),('SCOT','GBR','GROUP_MEMBER','2014-09-15 14:41:38','2014-09-15 14:41:37','2014-09-15 14:41:38','2014-09-15 14:41:37'),('SD','USCN','GROUP_MEMBER','2014-09-15 14:41:46','2014-09-15 14:41:45','2014-09-15 14:41:46','2014-09-15 14:41:45'),('SVK','EU','GROUP_MEMBER','2014-09-15 14:41:38','2014-09-15 14:41:37','2014-09-15 14:41:38','2014-09-15 14:41:37'),('SVN','EU','GROUP_MEMBER','2014-09-15 14:41:38','2014-09-15 14:41:37','2014-09-15 14:41:38','2014-09-15 14:41:37'),('SWE','EU','GROUP_MEMBER','2014-09-15 14:41:38','2014-09-15 14:41:37','2014-09-15 14:41:38','2014-09-15 14:41:37'),('TN','USCN','GROUP_MEMBER','2014-09-15 14:41:46','2014-09-15 14:41:45','2014-09-15 14:41:46','2014-09-15 14:41:45'),('TX','USCN','GROUP_MEMBER','2014-09-15 14:41:46','2014-09-15 14:41:45','2014-09-15 14:41:46','2014-09-15 14:41:45'),('UAE','AE-AD','REGIONS','2014-09-15 14:41:46','2014-09-15 14:41:46','2014-09-15 14:41:46','2014-09-15 14:41:46'),('UAE','AE-AJ','REGIONS','2014-09-15 14:41:46','2014-09-15 14:41:46','2014-09-15 14:41:46','2014-09-15 14:41:46'),('UAE','AE-DU','REGIONS','2014-09-15 14:41:46','2014-09-15 14:41:46','2014-09-15 14:41:46','2014-09-15 14:41:46'),('UAE','AE-FU','REGIONS','2014-09-15 14:41:46','2014-09-15 14:41:46','2014-09-15 14:41:46','2014-09-15 14:41:46'),('UAE','AE-RA','REGIONS','2014-09-15 14:41:46','2014-09-15 14:41:46','2014-09-15 14:41:46','2014-09-15 14:41:46'),('UAE','AE-SH','REGIONS','2014-09-15 14:41:46','2014-09-15 14:41:46','2014-09-15 14:41:46','2014-09-15 14:41:46'),('UAE','AE-UQ','REGIONS','2014-09-15 14:41:46','2014-09-15 14:41:46','2014-09-15 14:41:46','2014-09-15 14:41:46'),('UM','USTR','GROUP_MEMBER','2014-09-15 14:41:46','2014-09-15 14:41:45','2014-09-15 14:41:46','2014-09-15 14:41:45'),('USA','AA','REGIONS','2014-09-15 14:41:46','2014-09-15 14:41:45','2014-09-15 14:41:46','2014-09-15 14:41:45'),('USA','AE','REGIONS','2014-09-15 14:41:46','2014-09-15 14:41:45','2014-09-15 14:41:46','2014-09-15 14:41:45'),('USA','AK','REGIONS','2014-09-15 14:41:45','2014-09-15 14:41:45','2014-09-15 14:41:45','2014-09-15 14:41:45'),('USA','AL','REGIONS','2014-09-15 14:41:45','2014-09-15 14:41:45','2014-09-15 14:41:45','2014-09-15 14:41:45'),('USA','AP','REGIONS','2014-09-15 14:41:46','2014-09-15 14:41:45','2014-09-15 14:41:46','2014-09-15 14:41:45'),('USA','AR','REGIONS','2014-09-15 14:41:45','2014-09-15 14:41:45','2014-09-15 14:41:45','2014-09-15 14:41:45'),('USA','AZ','REGIONS','2014-09-15 14:41:45','2014-09-15 14:41:45','2014-09-15 14:41:45','2014-09-15 14:41:45'),('USA','CA','REGIONS','2014-09-15 14:41:45','2014-09-15 14:41:45','2014-09-15 14:41:45','2014-09-15 14:41:45'),('USA','CO','REGIONS','2014-09-15 14:41:45','2014-09-15 14:41:45','2014-09-15 14:41:45','2014-09-15 14:41:45'),('USA','CT','REGIONS','2014-09-15 14:41:45','2014-09-15 14:41:45','2014-09-15 14:41:45','2014-09-15 14:41:45'),('USA','DC','REGIONS','2014-09-15 14:41:45','2014-09-15 14:41:45','2014-09-15 14:41:45','2014-09-15 14:41:45'),('USA','DE','REGIONS','2014-09-15 14:41:45','2014-09-15 14:41:45','2014-09-15 14:41:45','2014-09-15 14:41:45'),('USA','FL','REGIONS','2014-09-15 14:41:45','2014-09-15 14:41:45','2014-09-15 14:41:45','2014-09-15 14:41:45'),('USA','GA','REGIONS','2014-09-15 14:41:45','2014-09-15 14:41:45','2014-09-15 14:41:45','2014-09-15 14:41:45'),('USA','GU','REGIONS','2014-09-15 14:41:45','2014-09-15 14:41:45','2014-09-15 14:41:45','2014-09-15 14:41:45'),('USA','HI','REGIONS','2014-09-15 14:41:45','2014-09-15 14:41:45','2014-09-15 14:41:45','2014-09-15 14:41:45'),('USA','IA','REGIONS','2014-09-15 14:41:45','2014-09-15 14:41:45','2014-09-15 14:41:45','2014-09-15 14:41:45'),('USA','ID','REGIONS','2014-09-15 14:41:45','2014-09-15 14:41:45','2014-09-15 14:41:45','2014-09-15 14:41:45'),('USA','IL','REGIONS','2014-09-15 14:41:45','2014-09-15 14:41:45','2014-09-15 14:41:45','2014-09-15 14:41:45'),('USA','IN','REGIONS','2014-09-15 14:41:45','2014-09-15 14:41:45','2014-09-15 14:41:45','2014-09-15 14:41:45'),('USA','KS','REGIONS','2014-09-15 14:41:45','2014-09-15 14:41:45','2014-09-15 14:41:45','2014-09-15 14:41:45'),('USA','KY','REGIONS','2014-09-15 14:41:45','2014-09-15 14:41:45','2014-09-15 14:41:45','2014-09-15 14:41:45'),('USA','LA','REGIONS','2014-09-15 14:41:45','2014-09-15 14:41:45','2014-09-15 14:41:45','2014-09-15 14:41:45'),('USA','MA','REGIONS','2014-09-15 14:41:45','2014-09-15 14:41:45','2014-09-15 14:41:45','2014-09-15 14:41:45'),('USA','MD','REGIONS','2014-09-15 14:41:45','2014-09-15 14:41:45','2014-09-15 14:41:45','2014-09-15 14:41:45'),('USA','ME','REGIONS','2014-09-15 14:41:45','2014-09-15 14:41:45','2014-09-15 14:41:45','2014-09-15 14:41:45'),('USA','MI','REGIONS','2014-09-15 14:41:46','2014-09-15 14:41:45','2014-09-15 14:41:46','2014-09-15 14:41:45'),('USA','MN','REGIONS','2014-09-15 14:41:46','2014-09-15 14:41:45','2014-09-15 14:41:46','2014-09-15 14:41:45'),('USA','MO','REGIONS','2014-09-15 14:41:46','2014-09-15 14:41:45','2014-09-15 14:41:46','2014-09-15 14:41:45'),('USA','MS','REGIONS','2014-09-15 14:41:46','2014-09-15 14:41:45','2014-09-15 14:41:46','2014-09-15 14:41:45'),('USA','MT','REGIONS','2014-09-15 14:41:46','2014-09-15 14:41:45','2014-09-15 14:41:46','2014-09-15 14:41:45'),('USA','NC','REGIONS','2014-09-15 14:41:46','2014-09-15 14:41:45','2014-09-15 14:41:46','2014-09-15 14:41:45'),('USA','ND','REGIONS','2014-09-15 14:41:46','2014-09-15 14:41:45','2014-09-15 14:41:46','2014-09-15 14:41:45'),('USA','NE','REGIONS','2014-09-15 14:41:46','2014-09-15 14:41:45','2014-09-15 14:41:46','2014-09-15 14:41:45'),('USA','NH','REGIONS','2014-09-15 14:41:46','2014-09-15 14:41:45','2014-09-15 14:41:46','2014-09-15 14:41:45'),('USA','NJ','REGIONS','2014-09-15 14:41:46','2014-09-15 14:41:45','2014-09-15 14:41:46','2014-09-15 14:41:45'),('USA','NM','REGIONS','2014-09-15 14:41:46','2014-09-15 14:41:45','2014-09-15 14:41:46','2014-09-15 14:41:45'),('USA','NV','REGIONS','2014-09-15 14:41:46','2014-09-15 14:41:45','2014-09-15 14:41:46','2014-09-15 14:41:45'),('USA','NY','REGIONS','2014-09-15 14:41:46','2014-09-15 14:41:45','2014-09-15 14:41:46','2014-09-15 14:41:45'),('USA','OH','REGIONS','2014-09-15 14:41:46','2014-09-15 14:41:45','2014-09-15 14:41:46','2014-09-15 14:41:45'),('USA','OK','REGIONS','2014-09-15 14:41:46','2014-09-15 14:41:45','2014-09-15 14:41:46','2014-09-15 14:41:45'),('USA','OR','REGIONS','2014-09-15 14:41:46','2014-09-15 14:41:45','2014-09-15 14:41:46','2014-09-15 14:41:45'),('USA','PA','REGIONS','2014-09-15 14:41:46','2014-09-15 14:41:45','2014-09-15 14:41:46','2014-09-15 14:41:45'),('USA','PR','REGIONS','2014-09-15 14:41:46','2014-09-15 14:41:45','2014-09-15 14:41:46','2014-09-15 14:41:45'),('USA','RI','REGIONS','2014-09-15 14:41:46','2014-09-15 14:41:45','2014-09-15 14:41:46','2014-09-15 14:41:45'),('USA','SC','REGIONS','2014-09-15 14:41:46','2014-09-15 14:41:45','2014-09-15 14:41:46','2014-09-15 14:41:45'),('USA','SD','REGIONS','2014-09-15 14:41:46','2014-09-15 14:41:45','2014-09-15 14:41:46','2014-09-15 14:41:45'),('USA','TN','REGIONS','2014-09-15 14:41:46','2014-09-15 14:41:45','2014-09-15 14:41:46','2014-09-15 14:41:45'),('USA','TX','REGIONS','2014-09-15 14:41:46','2014-09-15 14:41:45','2014-09-15 14:41:46','2014-09-15 14:41:45'),('USA','USA-84057','REGIONS','2014-09-15 14:41:46','2014-09-15 14:41:45','2014-09-15 14:41:46','2014-09-15 14:41:45'),('USA','USCAN','GROUP_MEMBER','2014-09-15 14:41:46','2014-09-15 14:41:45','2014-09-15 14:41:46','2014-09-15 14:41:45'),('USA','USMEXCAN','GROUP_MEMBER','2014-09-15 14:41:46','2014-09-15 14:41:45','2014-09-15 14:41:46','2014-09-15 14:41:45'),('USA','UT','REGIONS','2014-09-15 14:41:46','2014-09-15 14:41:45','2014-09-15 14:41:46','2014-09-15 14:41:45'),('USA','VA','REGIONS','2014-09-15 14:41:46','2014-09-15 14:41:45','2014-09-15 14:41:46','2014-09-15 14:41:45'),('USA','VI','REGIONS','2014-09-15 14:41:46','2014-09-15 14:41:45','2014-09-15 14:41:46','2014-09-15 14:41:45'),('USA','VT','REGIONS','2014-09-15 14:41:46','2014-09-15 14:41:45','2014-09-15 14:41:46','2014-09-15 14:41:45'),('USA','WA','REGIONS','2014-09-15 14:41:46','2014-09-15 14:41:45','2014-09-15 14:41:46','2014-09-15 14:41:45'),('USA','WI','REGIONS','2014-09-15 14:41:46','2014-09-15 14:41:45','2014-09-15 14:41:46','2014-09-15 14:41:45'),('USA','WV','REGIONS','2014-09-15 14:41:46','2014-09-15 14:41:45','2014-09-15 14:41:46','2014-09-15 14:41:45'),('USA','WY','REGIONS','2014-09-15 14:41:46','2014-09-15 14:41:45','2014-09-15 14:41:46','2014-09-15 14:41:45'),('USAF','USALL','GROUP_MEMBER','2014-09-15 14:41:46','2014-09-15 14:41:45','2014-09-15 14:41:46','2014-09-15 14:41:45'),('USCN','US50','GROUP_MEMBER','2014-09-15 14:41:46','2014-09-15 14:41:45','2014-09-15 14:41:46','2014-09-15 14:41:45'),('USCN','USALL','GROUP_MEMBER','2014-09-15 14:41:46','2014-09-15 14:41:45','2014-09-15 14:41:46','2014-09-15 14:41:45'),('USTR','AHUST','GROUP_MEMBER','2014-09-15 14:41:46','2014-09-15 14:41:45','2014-09-15 14:41:46','2014-09-15 14:41:45'),('UT','USCN','GROUP_MEMBER','2014-09-15 14:41:46','2014-09-15 14:41:45','2014-09-15 14:41:46','2014-09-15 14:41:45'),('UT','UT-SANPETE','REGIONS','2014-09-15 14:41:46','2014-09-15 14:41:45','2014-09-15 14:41:46','2014-09-15 14:41:45'),('UT','UT-UTAH','REGIONS','2014-09-15 14:41:46','2014-09-15 14:41:45','2014-09-15 14:41:46','2014-09-15 14:41:45'),('UT-UTAH','USA-84057','REGIONS','2014-09-15 14:41:46','2014-09-15 14:41:45','2014-09-15 14:41:46','2014-09-15 14:41:45'),('VA','USCN','GROUP_MEMBER','2014-09-15 14:41:46','2014-09-15 14:41:45','2014-09-15 14:41:46','2014-09-15 14:41:45'),('VI','USTR','GROUP_MEMBER','2014-09-15 14:41:46','2014-09-15 14:41:45','2014-09-15 14:41:46','2014-09-15 14:41:45'),('VT','USCN','GROUP_MEMBER','2014-09-15 14:41:46','2014-09-15 14:41:45','2014-09-15 14:41:46','2014-09-15 14:41:45'),('WA','USCN','GROUP_MEMBER','2014-09-15 14:41:46','2014-09-15 14:41:45','2014-09-15 14:41:46','2014-09-15 14:41:45'),('WALS','GB-AGSY','REGIONS','2014-09-15 14:41:45','2014-09-15 14:41:45','2014-09-15 14:41:45','2014-09-15 14:41:45'),('WALS','GB-BREK','REGIONS','2014-09-15 14:41:45','2014-09-15 14:41:45','2014-09-15 14:41:45','2014-09-15 14:41:45'),('WALS','GB-CDGN','REGIONS','2014-09-15 14:41:45','2014-09-15 14:41:45','2014-09-15 14:41:45','2014-09-15 14:41:45'),('WALS','GB-CMRN','REGIONS','2014-09-15 14:41:45','2014-09-15 14:41:45','2014-09-15 14:41:45','2014-09-15 14:41:45'),('WALS','GB-CNFN','REGIONS','2014-09-15 14:41:45','2014-09-15 14:41:45','2014-09-15 14:41:45','2014-09-15 14:41:45'),('WALS','GB-CTHN','REGIONS','2014-09-15 14:41:45','2014-09-15 14:41:45','2014-09-15 14:41:45','2014-09-15 14:41:45'),('WALS','GB-DENB','REGIONS','2014-09-15 14:41:45','2014-09-15 14:41:45','2014-09-15 14:41:45','2014-09-15 14:41:45'),('WALS','GB-FTSH','REGIONS','2014-09-15 14:41:45','2014-09-15 14:41:45','2014-09-15 14:41:45','2014-09-15 14:41:45'),('WALS','GB-GLAM','REGIONS','2014-09-15 14:41:45','2014-09-15 14:41:45','2014-09-15 14:41:45','2014-09-15 14:41:45'),('WALS','GB-MIENT','REGIONS','2014-09-15 14:41:45','2014-09-15 14:41:45','2014-09-15 14:41:45','2014-09-15 14:41:45'),('WALS','GB-MMTH','REGIONS','2014-09-15 14:41:45','2014-09-15 14:41:45','2014-09-15 14:41:45','2014-09-15 14:41:45'),('WALS','GB-MNTGS','REGIONS','2014-09-15 14:41:45','2014-09-15 14:41:45','2014-09-15 14:41:45','2014-09-15 14:41:45'),('WALS','GB-PMBRK','REGIONS','2014-09-15 14:41:45','2014-09-15 14:41:45','2014-09-15 14:41:45','2014-09-15 14:41:45'),('WALS','GB-RNRS','REGIONS','2014-09-15 14:41:45','2014-09-15 14:41:45','2014-09-15 14:41:45','2014-09-15 14:41:45'),('WALS','GBR','GROUP_MEMBER','2014-09-15 14:41:38','2014-09-15 14:41:37','2014-09-15 14:41:38','2014-09-15 14:41:37'),('WI','USCN','GROUP_MEMBER','2014-09-15 14:41:46','2014-09-15 14:41:45','2014-09-15 14:41:46','2014-09-15 14:41:45'),('WV','USCN','GROUP_MEMBER','2014-09-15 14:41:46','2014-09-15 14:41:45','2014-09-15 14:41:46','2014-09-15 14:41:45'),('WY','USCN','GROUP_MEMBER','2014-09-15 14:41:46','2014-09-15 14:41:45','2014-09-15 14:41:46','2014-09-15 14:41:45'),('ZMB','ZMB-CE','REGIONS','2014-09-15 14:41:46','2014-09-15 14:41:46','2014-09-15 14:41:46','2014-09-15 14:41:46'),('ZMB','ZMB-ES','REGIONS','2014-09-15 14:41:46','2014-09-15 14:41:46','2014-09-15 14:41:46','2014-09-15 14:41:46'),('ZMB','ZMB-LP','REGIONS','2014-09-15 14:41:46','2014-09-15 14:41:46','2014-09-15 14:41:46','2014-09-15 14:41:46'),('ZMB','ZMB-LS','REGIONS','2014-09-15 14:41:46','2014-09-15 14:41:46','2014-09-15 14:41:46','2014-09-15 14:41:46'),('ZMB','ZMB-NR','REGIONS','2014-09-15 14:41:46','2014-09-15 14:41:46','2014-09-15 14:41:46','2014-09-15 14:41:46'),('ZMB','ZMB-NW','REGIONS','2014-09-15 14:41:46','2014-09-15 14:41:46','2014-09-15 14:41:46','2014-09-15 14:41:46'),('ZMB','ZMB-SO','REGIONS','2014-09-15 14:41:46','2014-09-15 14:41:46','2014-09-15 14:41:46','2014-09-15 14:41:46'),('ZMB','ZMB-WS','REGIONS','2014-09-15 14:41:46','2014-09-15 14:41:46','2014-09-15 14:41:46','2014-09-15 14:41:46'),('ZMB','ZMB-ZM','REGIONS','2014-09-15 14:41:46','2014-09-15 14:41:46','2014-09-15 14:41:46','2014-09-15 14:41:46');

UNLOCK TABLES;

/*Table structure for table `geo_assoc_type` */

DROP TABLE IF EXISTS `geo_assoc_type`;

CREATE TABLE `geo_assoc_type` (
  `GEO_ASSOC_TYPE_ID` varchar(60) NOT NULL,
  `DESCRIPTION` varchar(255) DEFAULT NULL,
  `LAST_UPDATED_STAMP` datetime DEFAULT NULL,
  `LAST_UPDATED_TX_STAMP` datetime DEFAULT NULL,
  `CREATED_STAMP` datetime DEFAULT NULL,
  `CREATED_TX_STAMP` datetime DEFAULT NULL,
  PRIMARY KEY (`GEO_ASSOC_TYPE_ID`),
  KEY `G_ASSC_TP_TXSTMP` (`LAST_UPDATED_TX_STAMP`),
  KEY `G_ASSC_TP_TXCRTS` (`CREATED_TX_STAMP`)
) ENGINE=InnoDB DEFAULT CHARSET=utf8;

/*Data for the table `geo_assoc_type` */

LOCK TABLES `geo_assoc_type` WRITE;

insert  into `geo_assoc_type`(`GEO_ASSOC_TYPE_ID`,`DESCRIPTION`,`LAST_UPDATED_STAMP`,`LAST_UPDATED_TX_STAMP`,`CREATED_STAMP`,`CREATED_TX_STAMP`) values ('COUNTY_CITY','City in a county','2014-09-15 14:41:34','2014-09-15 14:41:33','2014-09-15 14:41:34','2014-09-15 14:41:33'),('COUNTY_SEAT','Administrative Main City of a County','2014-09-15 14:41:34','2014-09-15 14:41:33','2014-09-15 14:41:34','2014-09-15 14:41:33'),('GROUP_MEMBER','Geo Group Member','2014-09-15 14:41:34','2014-09-15 14:41:33','2014-09-15 14:41:34','2014-09-15 14:41:33'),('POSTAL_CODE','Postal code associated to a GeoType','2014-09-15 14:41:34','2014-09-15 14:41:33','2014-09-15 14:41:34','2014-09-15 14:41:33'),('REGIONS','For a region of a larger Geo, i.e. states, counties, provinces...','2014-09-15 14:41:34','2014-09-15 14:41:33','2014-09-15 14:41:34','2014-09-15 14:41:33');

UNLOCK TABLES;

/*Table structure for table `geo_point` */

DROP TABLE IF EXISTS `geo_point`;

CREATE TABLE `geo_point` (
  `GEO_POINT_ID` varchar(60) NOT NULL,
  `DATA_SOURCE_ID` varchar(20) DEFAULT NULL,
  `LATITUDE` double NOT NULL,
  `LONGITUDE` double NOT NULL,
  `ELEVATION` double DEFAULT NULL,
  `ELEVATION_UOM_ID` varchar(20) DEFAULT NULL,
  `INFORMATION` varchar(255) DEFAULT NULL,
  `LAST_UPDATED_STAMP` datetime DEFAULT NULL,
  `LAST_UPDATED_TX_STAMP` datetime DEFAULT NULL,
  `CREATED_STAMP` datetime DEFAULT NULL,
  `CREATED_TX_STAMP` datetime DEFAULT NULL,
  PRIMARY KEY (`GEO_POINT_ID`),
  KEY `GEOPOINT_DTSRC` (`DATA_SOURCE_ID`),
  KEY `GPT_TYPE_UOM` (`ELEVATION_UOM_ID`),
  KEY `GEO_POINT_TXSTMP` (`LAST_UPDATED_TX_STAMP`),
  KEY `GEO_POINT_TXCRTS` (`CREATED_TX_STAMP`),
  CONSTRAINT `GEOPOINT_DTSRC` FOREIGN KEY (`DATA_SOURCE_ID`) REFERENCES `data_source` (`DATA_SOURCE_ID`),
  CONSTRAINT `GPT_TYPE_UOM` FOREIGN KEY (`ELEVATION_UOM_ID`) REFERENCES `uom` (`UOM_ID`)
) ENGINE=InnoDB DEFAULT CHARSET=utf8;

/*Data for the table `geo_point` */

LOCK TABLES `geo_point` WRITE;

UNLOCK TABLES;

/*Table structure for table `geo_type` */

DROP TABLE IF EXISTS `geo_type`;

CREATE TABLE `geo_type` (
  `GEO_TYPE_ID` varchar(60) NOT NULL,
  `PARENT_TYPE_ID` varchar(60) DEFAULT NULL,
  `HAS_TABLE` char(1) DEFAULT NULL,
  `DESCRIPTION` varchar(255) DEFAULT NULL,
  `LAST_UPDATED_STAMP` datetime DEFAULT NULL,
  `LAST_UPDATED_TX_STAMP` datetime DEFAULT NULL,
  `CREATED_STAMP` datetime DEFAULT NULL,
  `CREATED_TX_STAMP` datetime DEFAULT NULL,
  PRIMARY KEY (`GEO_TYPE_ID`),
  KEY `GEO_TYPE_PARENT` (`PARENT_TYPE_ID`),
  KEY `GEO_TYPE_TXSTMP` (`LAST_UPDATED_TX_STAMP`),
  KEY `GEO_TYPE_TXCRTS` (`CREATED_TX_STAMP`),
  CONSTRAINT `GEO_TYPE_PARENT` FOREIGN KEY (`PARENT_TYPE_ID`) REFERENCES `geo_type` (`GEO_TYPE_ID`)
) ENGINE=InnoDB DEFAULT CHARSET=utf8;

/*Data for the table `geo_type` */

LOCK TABLES `geo_type` WRITE;

insert  into `geo_type`(`GEO_TYPE_ID`,`PARENT_TYPE_ID`,`HAS_TABLE`,`DESCRIPTION`,`LAST_UPDATED_STAMP`,`LAST_UPDATED_TX_STAMP`,`CREATED_STAMP`,`CREATED_TX_STAMP`) values ('CITY',NULL,'N','City','2014-09-15 14:41:33','2014-09-15 14:41:33','2014-09-15 14:41:33','2014-09-15 14:41:33'),('COUNTRY',NULL,'N','Country','2014-09-15 14:41:33','2014-09-15 14:41:33','2014-09-15 14:41:33','2014-09-15 14:41:33'),('COUNTY',NULL,'N','County','2014-09-15 14:41:33','2014-09-15 14:41:33','2014-09-15 14:41:33','2014-09-15 14:41:33'),('COUNTY_CITY',NULL,'N','County-City','2014-09-15 14:41:33','2014-09-15 14:41:33','2014-09-15 14:41:33','2014-09-15 14:41:33'),('GROUP',NULL,'N','Group','2014-09-15 14:41:33','2014-09-15 14:41:33','2014-09-15 14:41:33','2014-09-15 14:41:33'),('MUNICIPALITY',NULL,'N','Municipality','2014-09-15 14:41:33','2014-09-15 14:41:33','2014-09-15 14:41:33','2014-09-15 14:41:33'),('POSTAL_CODE',NULL,'N','Postal Code','2014-09-15 14:41:33','2014-09-15 14:41:33','2014-09-15 14:41:33','2014-09-15 14:41:33'),('PROVINCE',NULL,'N','Province','2014-09-15 14:41:33','2014-09-15 14:41:33','2014-09-15 14:41:33','2014-09-15 14:41:33'),('REGION',NULL,'N','Region','2014-09-15 14:41:34','2014-09-15 14:41:33','2014-09-15 14:41:34','2014-09-15 14:41:33'),('SALES_TERRITORY','TERRITORY','N','Sales Territory','2014-09-15 14:41:34','2014-09-15 14:41:33','2014-09-15 14:41:34','2014-09-15 14:41:33'),('SERVICE_TERRITORY','TERRITORY','N','Service Territory','2014-09-15 14:41:34','2014-09-15 14:41:33','2014-09-15 14:41:34','2014-09-15 14:41:33'),('STATE',NULL,'N','State','2014-09-15 14:41:33','2014-09-15 14:41:33','2014-09-15 14:41:33','2014-09-15 14:41:33'),('TERRITORY',NULL,'N','Territory','2014-09-15 14:41:34','2014-09-15 14:41:33','2014-09-15 14:41:34','2014-09-15 14:41:33');

UNLOCK TABLES;

/*Table structure for table `insurance_company_master` */

DROP TABLE IF EXISTS `insurance_company_master`;

CREATE TABLE `insurance_company_master` (
  `INSURANCE_CODE` bigint(20) NOT NULL AUTO_INCREMENT,
  `INSURANCE_NAME` varchar(255) DEFAULT NULL,
  `INSURANCE_SHORT_NAME` varchar(255) DEFAULT NULL,
  `COMPANY_TYPE` varchar(255) DEFAULT NULL,
  `PAYER_ID` varchar(255) DEFAULT NULL,
  `AUTHORIZATION_NO` varchar(255) DEFAULT NULL,
  `STATUTORY_INFO` varchar(255) DEFAULT NULL,
  `MODE_OF_CLAIM` varchar(255) DEFAULT NULL,
  `CONTACT_NAME` varchar(255) DEFAULT NULL,
  `ADDRESS1` varchar(255) DEFAULT NULL,
  `ADDRESS2` varchar(255) DEFAULT NULL,
  `CITY` varchar(255) DEFAULT NULL,
  `STATE` varchar(255) DEFAULT NULL,
  `ZIP` varchar(255) DEFAULT NULL,
  `LANDLINE` varchar(255) DEFAULT NULL,
  `EXT` varchar(255) DEFAULT NULL,
  PRIMARY KEY (`INSURANCE_CODE`)
) ENGINE=InnoDB AUTO_INCREMENT=3 DEFAULT CHARSET=utf8;

/*Data for the table `insurance_company_master` */

LOCK TABLES `insurance_company_master` WRITE;

insert  into `insurance_company_master`(`INSURANCE_CODE`,`INSURANCE_NAME`,`INSURANCE_SHORT_NAME`,`COMPANY_TYPE`,`PAYER_ID`,`AUTHORIZATION_NO`,`STATUTORY_INFO`,`MODE_OF_CLAIM`,`CONTACT_NAME`,`ADDRESS1`,`ADDRESS2`,`CITY`,`STATE`,`ZIP`,`LANDLINE`,`EXT`) values (1,'WARBA INSURANCE COMPANY','KSC','Insurance Company','21454','AUT123123','REG32443','E- Claim','James','Al Farah',NULL,'Kuwait','Kuwait','87845','131231324','874'),(2,'Spurthy','Spurthy','TPA','21454','SPA12312','REG32423','Paper Claim','James','Al Farah',NULL,'Kuwait','Kuwait','87845','131231324','874');

UNLOCK TABLES;

/*Table structure for table `patient_services` */

DROP TABLE IF EXISTS `patient_services`;

CREATE TABLE `patient_services` (
  `ID` varchar(255) NOT NULL,
  `SERVICE_TYPE` varchar(255) DEFAULT NULL,
  `FREQUENCY_OF_CLAIM` varchar(255) DEFAULT NULL,
  PRIMARY KEY (`ID`)
) ENGINE=InnoDB DEFAULT CHARSET=latin1;

/*Data for the table `patient_services` */

LOCK TABLES `patient_services` WRITE;

INSERT INTO `patient_services`(id, service_type, frequency_of_claim) VALUES
('1','Out Patients','Weekly'),
('2','Pharmacy','Monthly'),
('3','In-Patient','Daily');

UNLOCK TABLES;

/*Table structure for table `insurance_plan_master` */

DROP TABLE IF EXISTS `insurance_plan_master`;

CREATE TABLE `insurance_plan_master` (
  `PLAN_CODE` bigint(50) NOT NULL DEFAULT '0',
  `PLAN_NAME` varchar(765) DEFAULT NULL,
  `CONTACT_NAME` varchar(765) DEFAULT NULL,
  `ADDRESS1` varchar(765) DEFAULT NULL,
  `ADDRESS2` varchar(765) DEFAULT NULL,
  `CITY` varchar(765) DEFAULT NULL,
  `STATE` varchar(765) DEFAULT NULL,
  `ZIP` varchar(765) DEFAULT NULL,
  `LANDLINE` varchar(765) DEFAULT NULL,
  `EXT` varchar(765) DEFAULT NULL,
  `PLAN_PROVIDER` bigint(50) DEFAULT NULL,
  `INCLUSIONS` text,
  `EXCLUSIONS` text,
  `DEDUCTIBLES` text,
  `COPAYMENT` text,
  `BENEFIT_GROUP_LIST` text,
  PRIMARY KEY (`PLAN_CODE`),
  KEY `fk_insurance_provider` (`PLAN_PROVIDER`),
  CONSTRAINT `fk_insurance_provider` FOREIGN KEY (`PLAN_PROVIDER`) REFERENCES `insurance_company_master` (`INSURANCE_CODE`)
) ENGINE=InnoDB DEFAULT CHARSET=latin1;

/*Data for the table `insurance_plan_master` */

LOCK TABLES `insurance_plan_master` WRITE;

insert  into `insurance_plan_master`(`PLAN_CODE`,`PLAN_NAME`,`CONTACT_NAME`,`ADDRESS1`,`ADDRESS2`,`CITY`,`STATE`,`ZIP`,`LANDLINE`,`EXT`,`PLAN_PROVIDER`,`INCLUSIONS`,`EXCLUSIONS`,`DEDUCTIBLES`,`COPAYMENT`,`BENEFIT_GROUP_LIST`) values (1,'Plan A','James','Al Farah','','Kuwait','Kuwait','87845','131231324','874',1,NULL,NULL,NULL,NULL,NULL),(2,'Plan B','James','Al Farah','','Kuwait','Kuwait','87845','131231324','874',1,NULL,NULL,NULL,NULL,NULL),(3,'Plan C','James','Al Farah','','Kuwait','Kuwait','87845','131231324','874',1,NULL,NULL,NULL,NULL,NULL),(4,'Plan D','Kris','Kanoki Square','','Kuwait','Kuwait','87845','131231324','874',2,NULL,NULL,NULL,NULL,NULL),(5,'Plan E','Kris','Kanoki Square','','Kuwait','Kuwait','87845','131231324','874',2,NULL,NULL,NULL,NULL,NULL),(6,'Plan F','Kris','Kanoki Square','','Kuwait','Kuwait','87845','131231324','874',2,NULL,NULL,NULL,NULL,NULL);

UNLOCK TABLES;

/*Table structure for table `insured_services` */

DROP TABLE IF EXISTS `insured_services`;

CREATE TABLE `insured_services` (
  `service_id` varchar(255) DEFAULT NULL,
  `insurance_code` bigint(255) DEFAULT NULL,
  KEY `fk_insurance` (`insurance_code`),
  KEY `fk_service` (`service_id`),
  CONSTRAINT `fk_insurance` FOREIGN KEY (`insurance_code`) REFERENCES `insurance_company_master` (`INSURANCE_CODE`),
  CONSTRAINT `fk_service` FOREIGN KEY (`service_id`) REFERENCES `patient_services` (`ID`)
) ENGINE=InnoDB DEFAULT CHARSET=latin1;

/*Data for the table `insured_service` */

LOCK TABLES `insured_services` WRITE;

INSERT INTO `insured_services`(INSURANCE_CODE, service_id) VALUES
('1','1'),
('1','2'),
('1','3'),
('2','1'),
('2','2'),
('2','3');

UNLOCK TABLES;

/*Table structure for table `investigation` */

DROP TABLE IF EXISTS `investigation`;

CREATE TABLE `investigation` (
  `ID` bigint(20) NOT NULL AUTO_INCREMENT,
  `IS_ACTIVE` bit(1) DEFAULT NULL,
  `CREATED_BY` varchar(255) DEFAULT NULL,
  `CREATE_TX_TIMESTAMP` datetime DEFAULT NULL,
  `DEACTIVATION_REASON` varchar(255) DEFAULT NULL,
  `UPDATE_BY` varchar(255) DEFAULT NULL,
  `UPDATED_TX_TIMESTAMP` datetime DEFAULT NULL,
  `VERSION` bigint(20) DEFAULT NULL,
  `INVESTIGATION_CODE` varchar(255) DEFAULT NULL,
  `INVESTIGATION_NAME` varchar(255) DEFAULT NULL,
  `INVESTIGATION_PNEUMONIC` varchar(255) DEFAULT NULL,
  `RESULT_TYPE` varchar(255) DEFAULT NULL,
  `UNIT` varchar(255) DEFAULT NULL,
  `DEACTIVATEDBY` bigint(20) DEFAULT NULL,
  PRIMARY KEY (`ID`),
  UNIQUE KEY `INVESTIGATION_CODE` (`INVESTIGATION_CODE`),
  KEY `FKF2B9BAE2CF3C707` (`DEACTIVATEDBY`),
  CONSTRAINT `FKF2B9BAE2CF3C707` FOREIGN KEY (`DEACTIVATEDBY`) REFERENCES `person` (`ID`)
) ENGINE=InnoDB AUTO_INCREMENT=188 DEFAULT CHARSET=utf8;

/*Data for the table `investigation` */

LOCK TABLES `investigation` WRITE;

insert  into `investigation`(`ID`,`IS_ACTIVE`,`CREATED_BY`,`CREATE_TX_TIMESTAMP`,`DEACTIVATION_REASON`,`UPDATE_BY`,`UPDATED_TX_TIMESTAMP`,`VERSION`,`INVESTIGATION_CODE`,`INVESTIGATION_NAME`,`INVESTIGATION_PNEUMONIC`,`RESULT_TYPE`,`UNIT`,`DEACTIVATEDBY`) values (1,NULL,NULL,NULL,NULL,NULL,NULL,NULL,'1','HAEMOGLOBIN','HAEMOGLOBIN','Numeric Value','gm%\r',NULL),(2,NULL,NULL,NULL,NULL,NULL,NULL,NULL,'2','TOTAL COUNT','TOTAL COUNT','Numeric Value','cells/cummm\r',NULL),(3,NULL,NULL,NULL,NULL,NULL,NULL,NULL,'3','NEUTROPHILS','NEUTROPHILS','Numeric Value','%\r',NULL),(4,NULL,NULL,NULL,NULL,NULL,NULL,NULL,'4','LYMPHOCYTES','LYMPHOCYTES','Numeric Value','%\r',NULL),(5,NULL,NULL,NULL,NULL,NULL,NULL,NULL,'5','EOSINOPHILS','EOSINOPHILS','Numeric Value','%\r',NULL),(6,NULL,NULL,NULL,NULL,NULL,NULL,NULL,'6','MONOCYTES','MONOCYTES','Numeric Value','%\r',NULL),(7,NULL,NULL,NULL,NULL,NULL,NULL,NULL,'7','BASOPHILS','BASOPHILS','Numeric Value','%\r',NULL),(8,NULL,NULL,NULL,NULL,NULL,NULL,NULL,'8','RBC','RBC','Numeric Value','mil/cmm\r',NULL),(9,NULL,NULL,NULL,NULL,NULL,NULL,NULL,'9','PCV','PCV','Numeric Value','%\r',NULL),(10,NULL,NULL,NULL,NULL,NULL,NULL,NULL,'10','MCV','MCV','Numeric Value','cu\r',NULL),(11,NULL,NULL,NULL,NULL,NULL,NULL,NULL,'11','MCH','MCH','Numeric Value','pg\r',NULL),(12,NULL,NULL,NULL,NULL,NULL,NULL,NULL,'12','MCHC','MCHC','Numeric Value','g/dl\r',NULL),(13,NULL,NULL,NULL,NULL,NULL,NULL,NULL,'13','PLATELETS COUNT','PLATELETS COUNT','Numeric Value','lakhs/cumm\r',NULL),(14,NULL,NULL,NULL,NULL,NULL,NULL,NULL,'14','BLEEDING TIME','BLEEDING TIME','Numeric Value','min\r',NULL),(15,NULL,NULL,NULL,NULL,NULL,NULL,NULL,'15','CLOTTING TIME','CLOTTING TIME','Numeric Value','min\r',NULL),(16,NULL,NULL,NULL,NULL,NULL,NULL,NULL,'16','ABSOLUTE EOSINOPHIL COUNT','ABSOLUTE EOSINOPHIL COUNT','Numeric Value','cumm\r',NULL),(17,NULL,NULL,NULL,NULL,NULL,NULL,NULL,'21','MALARIAL PARASITE (SMEAR)','MALARIAL PARASITE (SMEAR)','','\r',NULL),(18,NULL,NULL,NULL,NULL,NULL,NULL,NULL,'22','IGG','IGG','','\r',NULL),(19,NULL,NULL,NULL,NULL,NULL,NULL,NULL,'23','IGM','IGM','','\r',NULL),(20,NULL,NULL,NULL,NULL,NULL,NULL,NULL,'24','MALARIA (QBC)','MALARIA (QBC)','','\r',NULL),(21,NULL,NULL,NULL,NULL,NULL,NULL,NULL,'25','TEST VALUE','TEST VALUE','','Seconds\r',NULL),(22,NULL,NULL,NULL,NULL,NULL,NULL,NULL,'26','CONTROL VALUE','CONTROL VALUE','','Seconds\r',NULL),(23,NULL,NULL,NULL,NULL,NULL,NULL,NULL,'27','I N R','I N R','','\r',NULL),(24,NULL,NULL,NULL,NULL,NULL,NULL,NULL,'28','TEST','TEST','','Seconds\r',NULL),(25,NULL,NULL,NULL,NULL,NULL,NULL,NULL,'29','CONTROL','CONTROL','','Seconds\r',NULL),(26,NULL,NULL,NULL,NULL,NULL,NULL,NULL,'30','A S L O (ANTI STREPTOLYSIN O TITRE)','A S L O (ANTI STREPTOLYSIN O TITRE)','','IU/mL\r',NULL),(27,NULL,NULL,NULL,NULL,NULL,NULL,NULL,'31','RA FACTOR','RA FACTOR','','\r',NULL),(28,NULL,NULL,NULL,NULL,NULL,NULL,NULL,'32','C-REACTIVE PROTEIN','C-REACTIVE PROTEIN','','\r',NULL),(29,NULL,NULL,NULL,NULL,NULL,NULL,NULL,'33','V D R L','V D R L','','\r',NULL),(30,NULL,NULL,NULL,NULL,NULL,NULL,NULL,'34','\"S.TYPHI \"\"O\"\"\"','\"S.TYPHI \"\"O\"\"\"','','\r',NULL),(31,NULL,NULL,NULL,NULL,NULL,NULL,NULL,'35','\"S. TYPHI \"\"H\"\"\"','\"S. TYPHI \"\"H\"\"\"','','\r',NULL),(32,NULL,NULL,NULL,NULL,NULL,NULL,NULL,'36','\"S. TYPHI \"\"AH\"\"\"','\"S. TYPHI \"\"AH\"\"\"','','\r',NULL),(33,NULL,NULL,NULL,NULL,NULL,NULL,NULL,'37','\"S. TYPHI \"\"BH\"\"\"','\"S. TYPHI \"\"BH\"\"\"','','\r',NULL),(34,NULL,NULL,NULL,NULL,NULL,NULL,NULL,'38','HIV','HIV','','\r',NULL),(35,NULL,NULL,NULL,NULL,NULL,NULL,NULL,'39','ANTIBODY DENGUE IGG','ANTIBODY DENGUE IGG','','\r',NULL),(36,NULL,NULL,NULL,NULL,NULL,NULL,NULL,'40','ANTIBODY DENGUE IGM','ANTIBODY DENGUE IGM','','\r',NULL),(37,NULL,NULL,NULL,NULL,NULL,NULL,NULL,'41','DENGUE NS1','DENGUE NS1','','\r',NULL),(38,NULL,NULL,NULL,NULL,NULL,NULL,NULL,'42','TROPININ I','TROPININ I','','\r',NULL),(39,NULL,NULL,NULL,NULL,NULL,NULL,NULL,'43','PREGNANCY TEST','PREGNANCY TEST','','\r',NULL),(40,NULL,NULL,NULL,NULL,NULL,NULL,NULL,'44','TOTAL BILIRUBIN','TOTAL BILIRUBIN','','mg/dl\r',NULL),(41,NULL,NULL,NULL,NULL,NULL,NULL,NULL,'45','DIRECT BILIRUBIN','DIRECT BILIRUBIN','','mg/dl\r',NULL),(42,NULL,NULL,NULL,NULL,NULL,NULL,NULL,'46','T.PROTEINS','T.PROTEINS','','gm/dl\r',NULL),(43,NULL,NULL,NULL,NULL,NULL,NULL,NULL,'47','S.ALBUMIN','S.ALBUMIN','','gm/dl\r',NULL),(44,NULL,NULL,NULL,NULL,NULL,NULL,NULL,'48','GLOBULIN','GLOBULIN','','gm/dl\r',NULL),(45,NULL,NULL,NULL,NULL,NULL,NULL,NULL,'49','A/G RATIO','A/G RATIO','','\r',NULL),(46,NULL,NULL,NULL,NULL,NULL,NULL,NULL,'50','SGOT','SGOT','','IU/L\r',NULL),(47,NULL,NULL,NULL,NULL,NULL,NULL,NULL,'51','SGPT','SGPT','','IU/L\r',NULL),(48,NULL,NULL,NULL,NULL,NULL,NULL,NULL,'52','ALKALINE PHOSPHATASE','ALKALINE PHOSPHATASE','','IU/L\r',NULL),(49,NULL,NULL,NULL,NULL,NULL,NULL,NULL,'53','INDIRECT BILIRUBIN','INDIRECT BILIRUBIN','','mg/dl\r',NULL),(50,NULL,NULL,NULL,NULL,NULL,NULL,NULL,'54','FASTING BLOOD SUGAR','FASTING BLOOD SUGAR','','mg/dl\r',NULL),(51,NULL,NULL,NULL,NULL,NULL,NULL,NULL,'55','FASTING URINE SUGAR','FASTING URINE SUGAR','','%\r',NULL),(52,NULL,NULL,NULL,NULL,NULL,NULL,NULL,'56','POSTPRANDIAL BLOOD SUGAR','POSTPRANDIAL BLOOD SUGAR','','mg/dl\r',NULL),(53,NULL,NULL,NULL,NULL,NULL,NULL,NULL,'57','POSTPRANDIAL URINE SUGAR','POSTPRANDIAL URINE SUGAR','','%\r',NULL),(54,NULL,NULL,NULL,NULL,NULL,NULL,NULL,'58','BLOOD UREA','BLOOD UREA','','mg/dl\r',NULL),(55,NULL,NULL,NULL,NULL,NULL,NULL,NULL,'59','BLOOD UREA NITROGEN','BLOOD UREA NITROGEN','','mg/dl\r',NULL),(56,NULL,NULL,NULL,NULL,NULL,NULL,NULL,'60','SERUM CREATININE','SERUM CREATININE','','mg/dl\r',NULL),(57,NULL,NULL,NULL,NULL,NULL,NULL,NULL,'61','SERUM URIC ACID','SERUM URIC ACID','','mg%\r',NULL),(58,NULL,NULL,NULL,NULL,NULL,NULL,NULL,'62','S CALCIUM','S CALCIUM','','mg%\r',NULL),(59,NULL,NULL,NULL,NULL,NULL,NULL,NULL,'63','S CHOLESTEROL','S CHOLESTEROL','','mg/dl\r',NULL),(60,NULL,NULL,NULL,NULL,NULL,NULL,NULL,'64','S TRIGLYCERIDES','S TRIGLYCERIDES','','mg/dl\r',NULL),(61,NULL,NULL,NULL,NULL,NULL,NULL,NULL,'65','HDL CHOLESTEROL','HDL CHOLESTEROL','','mg/dl\r',NULL),(62,NULL,NULL,NULL,NULL,NULL,NULL,NULL,'66','PHOSPHORUS','PHOSPHORUS','','mg/dl\r',NULL),(63,NULL,NULL,NULL,NULL,NULL,NULL,NULL,'67','S ALBUMIN','S ALBUMIN','','gm/dl\r',NULL),(64,NULL,NULL,NULL,NULL,NULL,NULL,NULL,'68','SODIUM (NA)','SODIUM (NA)','','mm/l\r',NULL),(65,NULL,NULL,NULL,NULL,NULL,NULL,NULL,'69','POTASSIUM (K+)','POTASSIUM (K+)','','mm/l\r',NULL),(66,NULL,NULL,NULL,NULL,NULL,NULL,NULL,'70','LDL CHOLESTEROL','LDL CHOLESTEROL','','mg/dl\r',NULL),(67,NULL,NULL,NULL,NULL,NULL,NULL,NULL,'71','VLDL CHOLESTEROL','VLDL CHOLESTEROL','','mg/dl\r',NULL),(68,NULL,NULL,NULL,NULL,NULL,NULL,NULL,'72','RATIO','RATIO','','\r',NULL),(69,NULL,NULL,NULL,NULL,NULL,NULL,NULL,'73','CPK','CPK','','IU/L\r',NULL),(70,NULL,NULL,NULL,NULL,NULL,NULL,NULL,'74','CPK - MB','CPK - MB','','IU/L\r',NULL),(71,NULL,NULL,NULL,NULL,NULL,NULL,NULL,'75','AMYLASE','AMYLASE','','IU/L\r',NULL),(72,NULL,NULL,NULL,NULL,NULL,NULL,NULL,'76','LIPASE','LIPASE','','IU/L\r',NULL),(73,NULL,NULL,NULL,NULL,NULL,NULL,NULL,'77','LEPTOSPIRA IGG','LEPTOSPIRA IGG','','\r',NULL),(74,NULL,NULL,NULL,NULL,NULL,NULL,NULL,'78','LEPTOSPIRA IGM','LEPTOSPIRA IGM','','\r',NULL),(75,NULL,NULL,NULL,NULL,NULL,NULL,NULL,'79','C - REACTIVE PROTEIN','C - REACTIVE PROTEIN','','\r',NULL),(76,NULL,NULL,NULL,NULL,NULL,NULL,NULL,'82','HAV IGM','HAV IGM','','\r',NULL),(77,NULL,NULL,NULL,NULL,NULL,NULL,NULL,'83','HAV IGG','HAV IGG','','\r',NULL),(78,NULL,NULL,NULL,NULL,NULL,NULL,NULL,'84','HBA1C','HBA1C','','%\r',NULL),(79,NULL,NULL,NULL,NULL,NULL,NULL,NULL,'86','PH','PH','','\r',NULL),(80,NULL,NULL,NULL,NULL,NULL,NULL,NULL,'90','SPUTAM - AFB','SPUTAM - AFB','','\r',NULL),(81,NULL,NULL,NULL,NULL,NULL,NULL,NULL,'91','\"CULTURE (BLOOD',' SPUTAM',' PUSS',' URINE & OTHERS)\"',NULL),(82,NULL,NULL,NULL,NULL,NULL,NULL,NULL,'92','LDH','LDH','','U/L\r',NULL),(83,NULL,NULL,NULL,NULL,NULL,NULL,NULL,'93','GAMMA GT','GAMMA GT','','IU/L\r',NULL),(84,NULL,NULL,NULL,NULL,NULL,NULL,NULL,'94','CHIKUNGUNYA','CHIKUNGUNYA','','\r',NULL),(85,NULL,NULL,NULL,NULL,NULL,NULL,NULL,'95','ACID PHOSPHATASE','ACID PHOSPHATASE','','\r',NULL),(86,NULL,NULL,NULL,NULL,NULL,NULL,NULL,'96','MANTOUX','MANTOUX','','\r',NULL),(87,NULL,NULL,NULL,NULL,NULL,NULL,NULL,'106','CHEST AP','CHEST AP','','\r',NULL),(88,NULL,NULL,NULL,NULL,NULL,NULL,NULL,'107','SHOULDER AP','SHOULDER AP','','\r',NULL),(89,NULL,NULL,NULL,NULL,NULL,NULL,NULL,'108','ERECT ABDOMEN AP','ERECT ABDOMEN AP','','\r',NULL),(90,NULL,NULL,NULL,NULL,NULL,NULL,NULL,'109','SUPINE ABDOMEN AP','SUPINE ABDOMEN AP','','\r',NULL),(91,NULL,NULL,NULL,NULL,NULL,NULL,NULL,'110','HAND AP/LAT','HAND AP/LAT','','\r',NULL),(92,NULL,NULL,NULL,NULL,NULL,NULL,NULL,'111','FORE ARM AP/LAT','FORE ARM AP/LAT','','\r',NULL),(93,NULL,NULL,NULL,NULL,NULL,NULL,NULL,'112','ARM AP/LAT','ARM AP/LAT','','\r',NULL),(94,NULL,NULL,NULL,NULL,NULL,NULL,NULL,'113','WRIST AP/LAT','WRIST AP/LAT','','\r',NULL),(95,NULL,NULL,NULL,NULL,NULL,NULL,NULL,'114','ELBOW AP/LAT','ELBOW AP/LAT','','\r',NULL),(96,NULL,NULL,NULL,NULL,NULL,NULL,NULL,'115','THUMB AP/LAT','THUMB AP/LAT','','\r',NULL),(97,NULL,NULL,NULL,NULL,NULL,NULL,NULL,'116','HUMERUS AP/LAT','HUMERUS AP/LAT','','\r',NULL),(98,NULL,NULL,NULL,NULL,NULL,NULL,NULL,'117','T.L SPINE AP/LAT','T.L SPINE AP/LAT','','\r',NULL),(99,NULL,NULL,NULL,NULL,NULL,NULL,NULL,'118','L.S SPINE AP/LAT','L.S SPINE AP/LAT','','\r',NULL),(100,NULL,NULL,NULL,NULL,NULL,NULL,NULL,'119','C.S SPINE AP/LAT','C.S SPINE AP/LAT','','\r',NULL),(101,NULL,NULL,NULL,NULL,NULL,NULL,NULL,'120','D.L SPINE AP/LAT','D.L SPINE AP/LAT','','\r',NULL),(102,NULL,NULL,NULL,NULL,NULL,NULL,NULL,'121','COCCYX LAT','COCCYX LAT','','\r',NULL),(103,NULL,NULL,NULL,NULL,NULL,NULL,NULL,'122','SKULL AP','SKULL AP','','\r',NULL),(104,NULL,NULL,NULL,NULL,NULL,NULL,NULL,'123','P N S AP','P N S AP','','\r',NULL),(105,NULL,NULL,NULL,NULL,NULL,NULL,NULL,'124','ORBIT AP','ORBIT AP','','\r',NULL),(106,NULL,NULL,NULL,NULL,NULL,NULL,NULL,'125','NASAL BONE AP/LAT','NASAL BONE AP/LAT','','\r',NULL),(107,NULL,NULL,NULL,NULL,NULL,NULL,NULL,'126','FACIAL BONE AP','FACIAL BONE AP','','\r',NULL),(108,NULL,NULL,NULL,NULL,NULL,NULL,NULL,'127','FEMUR AP/LAT','FEMUR AP/LAT','','\r',NULL),(109,NULL,NULL,NULL,NULL,NULL,NULL,NULL,'128','KNEE JOINT AP/LAT','KNEE JOINT AP/LAT','','\r',NULL),(110,NULL,NULL,NULL,NULL,NULL,NULL,NULL,'129','LEG AP/LAT','LEG AP/LAT','','\r',NULL),(111,NULL,NULL,NULL,NULL,NULL,NULL,NULL,'130','ANKLE AP/LAT','ANKLE AP/LAT','','\r',NULL),(112,NULL,NULL,NULL,NULL,NULL,NULL,NULL,'131','FOOT AP/LAT','FOOT AP/LAT','','\r',NULL),(113,NULL,NULL,NULL,NULL,NULL,NULL,NULL,'132','HEEL AP/LAT','HEEL AP/LAT','','\r',NULL),(114,NULL,NULL,NULL,NULL,NULL,NULL,NULL,'133','PATELA AP/LAT','PATELA AP/LAT','','\r',NULL),(115,NULL,NULL,NULL,NULL,NULL,NULL,NULL,'134','PELVIS AP','PELVIS AP','','\r',NULL),(116,NULL,NULL,NULL,NULL,NULL,NULL,NULL,'135','P B H AP','P B H AP','','\r',NULL),(117,NULL,NULL,NULL,NULL,NULL,NULL,NULL,'136','HIP JOINT AP/LAT','HIP JOINT AP/LAT','','\r',NULL),(118,NULL,NULL,NULL,NULL,NULL,NULL,NULL,'137','SACRUM AP/LAT','SACRUM AP/LAT','','\r',NULL),(119,NULL,NULL,NULL,NULL,NULL,NULL,NULL,'138','K U B AP','K U B AP','','\r',NULL),(120,NULL,NULL,NULL,NULL,NULL,NULL,NULL,'150','ESR','ESR','','mm/hr\r',NULL),(121,NULL,NULL,NULL,NULL,NULL,NULL,NULL,'151','WBC','WBC','','\r',NULL),(122,NULL,NULL,NULL,NULL,NULL,NULL,NULL,'152','CHEST PA','CHEST PA','','\r',NULL),(123,NULL,NULL,NULL,NULL,NULL,NULL,NULL,'153','RETICULOCYTE COUNT','RETICULOCYTE COUNT','','%\r',NULL),(124,NULL,NULL,NULL,NULL,NULL,NULL,NULL,'156','RANDOM BLOOD SUGAR','RANDOM BLOOD SUGAR','','mg/dl\r',NULL),(125,NULL,NULL,NULL,NULL,NULL,NULL,NULL,'157','RBS - GLUCOMETER','RBS - GLUCOMETER','','mg/dl\r',NULL),(126,NULL,NULL,NULL,NULL,NULL,NULL,NULL,'187','BLOOD GROUP','BLOOD GROUP','','\r',NULL),(127,NULL,NULL,NULL,NULL,NULL,NULL,NULL,'188','RH TYPE','RH TYPE','','\r',NULL),(128,NULL,NULL,NULL,NULL,NULL,NULL,NULL,'189','HIV I & II','HIV I & II','','\r',NULL),(129,NULL,NULL,NULL,NULL,NULL,NULL,NULL,'190','HBSAG','HBSAG','','\r',NULL),(130,NULL,NULL,NULL,NULL,NULL,NULL,NULL,'191','HCV','HCV','','\r',NULL),(131,NULL,NULL,NULL,NULL,NULL,NULL,NULL,'192','VDRL','VDRL','','\r',NULL),(132,NULL,NULL,NULL,NULL,NULL,NULL,NULL,'201','VOLUME','VOLUME','','ml\r',NULL),(133,NULL,NULL,NULL,NULL,NULL,NULL,NULL,'204','COLOUR','COLOUR','','\r',NULL),(134,NULL,NULL,NULL,NULL,NULL,NULL,NULL,'205','CONSISTENCY','CONSISTENCY','','\r',NULL),(135,NULL,NULL,NULL,NULL,NULL,NULL,NULL,'206','MUCUS','MUCUS','','\r',NULL),(136,NULL,NULL,NULL,NULL,NULL,NULL,NULL,'207','TURBIDITY','TURBIDITY','','\r',NULL),(137,NULL,NULL,NULL,NULL,NULL,NULL,NULL,'210','REACTION','REACTION','','\r',NULL),(138,NULL,NULL,NULL,NULL,NULL,NULL,NULL,'213','SPECIFIC GRAVITY','SPECIFIC GRAVITY','','\r',NULL),(139,NULL,NULL,NULL,NULL,NULL,NULL,NULL,'216','PROTEIN','PROTEIN','','\r',NULL),(140,NULL,NULL,NULL,NULL,NULL,NULL,NULL,'219','SUGAR','SUGAR','','\r',NULL),(141,NULL,NULL,NULL,NULL,NULL,NULL,NULL,'222','BILE SALTS','BILE SALTS','','\r',NULL),(142,NULL,NULL,NULL,NULL,NULL,NULL,NULL,'225','BILE PIGMENTS','BILE PIGMENTS','','\r',NULL),(143,NULL,NULL,NULL,NULL,NULL,NULL,NULL,'228','KETONE BODIES','KETONE BODIES','','\r',NULL),(144,NULL,NULL,NULL,NULL,NULL,NULL,NULL,'230','OVA AND CYST','OVA AND CYST','','\r',NULL),(145,NULL,NULL,NULL,NULL,NULL,NULL,NULL,'231','PUS CELLS','PUS CELLS','','cells/hpf\r',NULL),(146,NULL,NULL,NULL,NULL,NULL,NULL,NULL,'234','EPITHELIAL CELLS','EPITHELIAL CELLS','','cells/hpf\r',NULL),(147,NULL,NULL,NULL,NULL,NULL,NULL,NULL,'237','RBC\'S','RBC\'S','','cells/hpf\r',NULL),(148,NULL,NULL,NULL,NULL,NULL,NULL,NULL,'238','WBC\'S','WBC\'S','','\r',NULL),(149,NULL,NULL,NULL,NULL,NULL,NULL,NULL,'239','PLATELETS','PLATELETS','','\r',NULL),(150,NULL,NULL,NULL,NULL,NULL,NULL,NULL,'240','OTHERS','OTHERS','','\r',NULL),(151,NULL,NULL,NULL,NULL,NULL,NULL,NULL,'245','R.B.C CELLS','R.B.C CELLS','','\r',NULL),(152,NULL,NULL,NULL,NULL,NULL,NULL,NULL,'300','ULTRASOUND SCAN','ULTRASOUND SCAN','','\r',NULL),(153,NULL,NULL,NULL,NULL,NULL,NULL,NULL,'301','OBG SCAN','OBG SCAN','','\r',NULL),(154,NULL,NULL,NULL,NULL,NULL,NULL,NULL,'302','PELVIC SCAN','PELVIC SCAN','','\r',NULL),(155,NULL,NULL,NULL,NULL,NULL,NULL,NULL,'303','THORAX SCAN','THORAX SCAN','','\r',NULL),(156,NULL,NULL,NULL,NULL,NULL,NULL,NULL,'304','KUB SCAN','KUB SCAN','','\r',NULL),(157,NULL,NULL,NULL,NULL,NULL,NULL,NULL,'305','TVS SCAN (OBST SCAN)','TVS SCAN (OBST SCAN)','','\r',NULL),(158,NULL,NULL,NULL,NULL,NULL,NULL,NULL,'306','FOLLICULAR SCAN','FOLLICULAR SCAN','','\r',NULL),(159,NULL,NULL,NULL,NULL,NULL,NULL,NULL,'307','SCROTUM SCAN','SCROTUM SCAN','','\r',NULL),(160,NULL,NULL,NULL,NULL,NULL,NULL,NULL,'308','ARTERIAL DOPPLER','ARTERIAL DOPPLER','','\r',NULL),(161,NULL,NULL,NULL,NULL,NULL,NULL,NULL,'309','CAROTID DOPPLER','CAROTID DOPPLER','','\r',NULL),(162,NULL,NULL,NULL,NULL,NULL,NULL,NULL,'310','RENAL DOPPLER','RENAL DOPPLER','','\r',NULL),(163,NULL,NULL,NULL,NULL,NULL,NULL,NULL,'311','UPPER LIMB ARTERIAL DOPPLER','UPPER LIMB ARTERIAL DOPPLER','','\r',NULL),(164,NULL,NULL,NULL,NULL,NULL,NULL,NULL,'312','UPPER LIMB VENOUS MAPPING','UPPER LIMB VENOUS MAPPING','','\r',NULL),(165,NULL,NULL,NULL,NULL,NULL,NULL,NULL,'313','RIGHT UPPER LIMB VENOUS DOPPLER','RIGHT UPPER LIMB VENOUS DOPPLER','','\r',NULL),(166,NULL,NULL,NULL,NULL,NULL,NULL,NULL,'314','LEFT UPPER LIMB VENOUS DOPPLER','LEFT UPPER LIMB VENOUS DOPPLER','','\r',NULL),(167,NULL,NULL,NULL,NULL,NULL,NULL,NULL,'315','RIGHT LOWER LIMB VENOUS DOPPLER','RIGHT LOWER LIMB VENOUS DOPPLER','','\r',NULL),(168,NULL,NULL,NULL,NULL,NULL,NULL,NULL,'316','LEFT LOWER LIMB VENOUS DOPPLER','LEFT LOWER LIMB VENOUS DOPPLER','','\r',NULL),(169,NULL,NULL,NULL,NULL,NULL,NULL,NULL,'317','BILATERAL LOWER LIMB VENOUS DOPPLER','BILATERAL LOWER LIMB VENOUS DOPPLER','','\r',NULL),(170,NULL,NULL,NULL,NULL,NULL,NULL,NULL,'318','USG NECK','USG NECK','','\r',NULL),(171,NULL,NULL,NULL,NULL,NULL,NULL,NULL,'319','USG THYROID','USG THYROID','','\r',NULL),(172,NULL,NULL,NULL,NULL,NULL,NULL,NULL,'320','USG BREST','USG BREST','','\r',NULL),(173,NULL,NULL,NULL,NULL,NULL,NULL,NULL,'321','LIVER ASPIRATION','LIVER ASPIRATION','','\r',NULL),(174,NULL,NULL,NULL,NULL,NULL,NULL,NULL,'322','PLEURAL TAPPING','PLEURAL TAPPING','','\r',NULL),(175,NULL,NULL,NULL,NULL,NULL,NULL,NULL,'323','ECHO','ECHO','','\r',NULL),(176,NULL,NULL,NULL,NULL,NULL,NULL,NULL,'400','T3','T3','','\r',NULL),(177,NULL,NULL,NULL,NULL,NULL,NULL,NULL,'401','T4','T4','','\r',NULL),(178,NULL,NULL,NULL,NULL,NULL,NULL,NULL,'402','TSH','TSH','','\r',NULL),(179,NULL,NULL,NULL,NULL,NULL,NULL,NULL,'403','RANDOM BLOOD SUGAR (OGCT)','RANDOM BLOOD SUGAR (OGCT)','','mg/dl\r',NULL),(180,NULL,NULL,NULL,NULL,NULL,NULL,NULL,'404','BLOOD GROUP & RH TYPE','BLOOD GROUP & RH TYPE','','\r',NULL),(181,NULL,NULL,NULL,NULL,NULL,NULL,NULL,'405','TEST GIVEN ON','TEST GIVEN ON','','\r',NULL),(182,NULL,NULL,NULL,NULL,NULL,NULL,NULL,'406','READING ON','READING ON','','\r',NULL),(183,NULL,NULL,NULL,NULL,NULL,NULL,NULL,'407','TEST RESULT','TEST RESULT','','\r',NULL),(184,NULL,NULL,NULL,NULL,NULL,NULL,NULL,'460','SPECIMEN','SPECIMEN','','\r',NULL),(185,NULL,NULL,NULL,NULL,NULL,NULL,NULL,'470','TEST','TEST','','\r',NULL),(186,NULL,NULL,NULL,NULL,NULL,NULL,NULL,'480','RESULT','RESULT','','\r',NULL),(187,NULL,NULL,NULL,NULL,NULL,NULL,NULL,'1110','ASLO','ASLO','','\r',NULL);

UNLOCK TABLES;

/*Table structure for table `lab_test` */

DROP TABLE IF EXISTS `lab_test`;

CREATE TABLE `lab_test` (
  `ID` bigint(20) NOT NULL AUTO_INCREMENT,
  `IS_ACTIVE` bit(1) DEFAULT NULL,
  `CREATED_BY` varchar(255) DEFAULT NULL,
  `CREATE_TX_TIMESTAMP` datetime DEFAULT NULL,
  `DEACTIVATION_REASON` varchar(255) DEFAULT NULL,
  `UPDATE_BY` varchar(255) DEFAULT NULL,
  `UPDATED_TX_TIMESTAMP` datetime DEFAULT NULL,
  `VERSION` bigint(20) DEFAULT NULL,
  `CONTAINER` varchar(255) DEFAULT NULL,
  `DEPARTMENT` varchar(255) DEFAULT NULL,
  `LABORATORY` varchar(255) DEFAULT NULL,
  `METHOD` varchar(255) DEFAULT NULL,
  `SPECIMEN` varchar(255) DEFAULT NULL,
  `TEST_CODE` varchar(20) DEFAULT NULL,
  `TEST_DESCRIPTION` varchar(255) DEFAULT NULL,
  `TEST_PNEUMONIC` varchar(255) DEFAULT NULL,
  `DEACTIVATEDBY` bigint(20) DEFAULT NULL,
  PRIMARY KEY (`ID`),
  UNIQUE KEY `TEST_CODE` (`TEST_CODE`),
  KEY `FKBB502C24CF3C707` (`DEACTIVATEDBY`),
  CONSTRAINT `FKBB502C24CF3C707` FOREIGN KEY (`DEACTIVATEDBY`) REFERENCES `person` (`ID`)
) ENGINE=InnoDB AUTO_INCREMENT=201 DEFAULT CHARSET=utf8;

/*Data for the table `lab_test` */

LOCK TABLES `lab_test` WRITE;

insert  into `lab_test`(`ID`,`IS_ACTIVE`,`CREATED_BY`,`CREATE_TX_TIMESTAMP`,`DEACTIVATION_REASON`,`UPDATE_BY`,`UPDATED_TX_TIMESTAMP`,`VERSION`,`CONTAINER`,`DEPARTMENT`,`LABORATORY`,`METHOD`,`SPECIMEN`,`TEST_CODE`,`TEST_DESCRIPTION`,`TEST_PNEUMONIC`,`DEACTIVATEDBY`) values (1,NULL,NULL,NULL,NULL,NULL,NULL,NULL,'','Anatomic Pathology','2','','Blood','Lab 1','HAEMOGLOBIN (HB)','HAEMOGLOBIN (HB)\r',NULL),(2,NULL,NULL,NULL,NULL,NULL,NULL,NULL,'','Anatomic Pathology','2','','','Lab 2','TOTAL COUNT (TC)','TOTAL COUNT (TC)\r',NULL),(3,NULL,NULL,NULL,NULL,NULL,NULL,NULL,'','Anatomic Pathology','2','','','Lab 3','DIFFERENCIAL COUNT (DC)','DIFFERENCIAL COUNT (DC)\r',NULL),(4,NULL,NULL,NULL,NULL,NULL,NULL,NULL,'','Anatomic Pathology','2','','','Lab 4','ESR','ESR\r',NULL),(5,NULL,NULL,NULL,NULL,NULL,NULL,NULL,'','Anatomic Pathology','2','','','Lab 5','BLOOD ROUTINE','BLOOD ROUTINE\r',NULL),(6,NULL,NULL,NULL,NULL,NULL,NULL,NULL,'','Anatomic Pathology','2','','','Lab 6','PLATELETS COUNT (PC)','PLATELETS COUNT (PC)\r',NULL),(7,NULL,NULL,NULL,NULL,NULL,NULL,NULL,'','Anatomic Pathology','2','','','Lab 7','RETICULOCYTE COUNT (RC)','RETICULOCYTE COUNT (RC)\r',NULL),(8,NULL,NULL,NULL,NULL,NULL,NULL,NULL,'','Anatomic Pathology','2','','','Lab 8','BLEEDING TIME (BT)','BLEEDING TIME (BT)\r',NULL),(9,NULL,NULL,NULL,NULL,NULL,NULL,NULL,'','Anatomic Pathology','2','','','Lab 9','CLOTTING TIME (CT)','CLOTTING TIME (CT)\r',NULL),(10,NULL,NULL,NULL,NULL,NULL,NULL,NULL,'','Anatomic Pathology','2','','','Lab 10','ABSOLUTE EOSINOPHIL COUNT (AEC)','ABSOLUTE EOSINOPHIL COUNT (AEC)\r',NULL),(11,NULL,NULL,NULL,NULL,NULL,NULL,NULL,'','Anatomic Pathology','2','','','Lab 11','COMPLETE BLOOD COUNT (CBC)','COMPLETE BLOOD COUNT (CBC)\r',NULL),(12,NULL,NULL,NULL,NULL,NULL,NULL,NULL,'','Anatomic Pathology','2','','','Lab 12','MALARIAL PARASITE (SMEAR) MP','MALARIAL PARASITE (SMEAR) MP\r',NULL),(13,NULL,NULL,NULL,NULL,NULL,NULL,NULL,'','Anatomic Pathology','2','','','Lab 13','RAPID MALARIAL PARASITE (RMP)','RAPID MALARIAL PARASITE (RMP)\r',NULL),(14,NULL,NULL,NULL,NULL,NULL,NULL,NULL,'','Anatomic Pathology','2','','','Lab 14','MALARIA (QBC)','MALARIA (QBC)\r',NULL),(15,NULL,NULL,NULL,NULL,NULL,NULL,NULL,'','Anatomic Pathology','2','','','Lab 15','PCV','PCV\r',NULL),(16,NULL,NULL,NULL,NULL,NULL,NULL,NULL,'','Anatomic Pathology','2','','','Lab 16','PROTHROMBIN TIME (PT)','PROTHROMBIN TIME (PT)\r',NULL),(17,NULL,NULL,NULL,NULL,NULL,NULL,NULL,'','Anatomic Pathology','2','','','Lab 17','ACTIVATED PARTIAL THROMBOPLASTIN TIME (APTT)','ACTIVATED PARTIAL THROMBOPLASTIN TIME (APTT)\r',NULL),(18,NULL,NULL,NULL,NULL,NULL,NULL,NULL,'','Anatomic Pathology','2','','','Lab 18','MCV','MCV\r',NULL),(19,NULL,NULL,NULL,NULL,NULL,NULL,NULL,'','Anatomic Pathology','3','','','Lab 19','A S L O','A S L O\r',NULL),(20,NULL,NULL,NULL,NULL,NULL,NULL,NULL,'','Anatomic Pathology','3','','','Lab 20','RA FACTOR','RA FACTOR\r',NULL),(21,NULL,NULL,NULL,NULL,NULL,NULL,NULL,'','Anatomic Pathology','3','','','Lab 21','C-REACTIVE PROTEIN (CRP)','C-REACTIVE PROTEIN (CRP)\r',NULL),(22,NULL,NULL,NULL,NULL,NULL,NULL,NULL,'','Anatomic Pathology','3','','','Lab 22','V D R L','V D R L\r',NULL),(23,NULL,NULL,NULL,NULL,NULL,NULL,NULL,'','Anatomic Pathology','3','','','Lab 23','WIDAL','WIDAL\r',NULL),(24,NULL,NULL,NULL,NULL,NULL,NULL,NULL,'','Anatomic Pathology','3','','','Lab 24','HIV','HIV\r',NULL),(25,NULL,NULL,NULL,NULL,NULL,NULL,NULL,'','Anatomic Pathology','3','','','Lab 25','DENGUE TEST','DENGUE TEST\r',NULL),(26,NULL,NULL,NULL,NULL,NULL,NULL,NULL,'','Anatomic Pathology','3','','','Lab 26','TROPININ I','TROPININ I\r',NULL),(27,NULL,NULL,NULL,NULL,NULL,NULL,NULL,'','Anatomic Pathology','3','','','Lab 27','PREGNANCY TEST (UPT)','PREGNANCY TEST (UPT)\r',NULL),(28,NULL,NULL,NULL,NULL,NULL,NULL,NULL,'','Anatomic Pathology','3','','','Lab 28','LIVER FUNCTION TEST (LFT)','LIVER FUNCTION TEST (LFT)\r',NULL),(29,NULL,NULL,NULL,NULL,NULL,NULL,NULL,'','Anatomic Pathology','3','','','Lab 29','TYPHIDOT','TYPHIDOT\r',NULL),(30,NULL,NULL,NULL,NULL,NULL,NULL,NULL,'','Anatomic Pathology','4','','','Lab 30','FBS','FBS\r',NULL),(31,NULL,NULL,NULL,NULL,NULL,NULL,NULL,'','Anatomic Pathology','4','','','Lab 31','PPBS','PPBS\r',NULL),(32,NULL,NULL,NULL,NULL,NULL,NULL,NULL,'','Anatomic Pathology','4','','','Lab 32','RBS','RBS\r',NULL),(33,NULL,NULL,NULL,NULL,NULL,NULL,NULL,'','Anatomic Pathology','4','','','Lab 33','GRBS','GRBS\r',NULL),(34,NULL,NULL,NULL,NULL,NULL,NULL,NULL,'','Anatomic Pathology','4','','','Lab 34','BLOOD UREA (BU)','BLOOD UREA (BU)\r',NULL),(35,NULL,NULL,NULL,NULL,NULL,NULL,NULL,'','Anatomic Pathology','4','','','Lab 35','BLOOD UREA NITROGEN (BUN)','BLOOD UREA NITROGEN (BUN)\r',NULL),(36,NULL,NULL,NULL,NULL,NULL,NULL,NULL,'','Anatomic Pathology','4','','','Lab 36','SERUM CREATININE (SCR)','SERUM CREATININE (SCR)\r',NULL),(37,NULL,NULL,NULL,NULL,NULL,NULL,NULL,'','Anatomic Pathology','4','','','Lab 37','SERUM URIC ACID (SUA)','SERUM URIC ACID (SUA)\r',NULL),(38,NULL,NULL,NULL,NULL,NULL,NULL,NULL,'','Anatomic Pathology','4','','','Lab 38','S CALCIUM (S.CA+)','S CALCIUM (S.CA+)\r',NULL),(39,NULL,NULL,NULL,NULL,NULL,NULL,NULL,'','Anatomic Pathology','4','','','Lab 39','S CHOLESTEROL (S.CHO)','S CHOLESTEROL (S.CHO)\r',NULL),(40,NULL,NULL,NULL,NULL,NULL,NULL,NULL,'','Anatomic Pathology','4','','','Lab 40',' S TRIGLYCERIDES (TGL)',' S TRIGLYCERIDES (TGL)\r',NULL),(41,NULL,NULL,NULL,NULL,NULL,NULL,NULL,'','Anatomic Pathology','4','','','Lab 41','HDL CHOLESTEROL','HDL CHOLESTEROL\r',NULL),(42,NULL,NULL,NULL,NULL,NULL,NULL,NULL,'','Anatomic Pathology','4','','','Lab 42','PHOSPHORUS','PHOSPHORUS\r',NULL),(43,NULL,NULL,NULL,NULL,NULL,NULL,NULL,'','Anatomic Pathology','4','','','Lab 43','S BILIRUBIN','S BILIRUBIN\r',NULL),(44,NULL,NULL,NULL,NULL,NULL,NULL,NULL,'','Anatomic Pathology','4','','','Lab 44','SGOT','SGOT\r',NULL),(45,NULL,NULL,NULL,NULL,NULL,NULL,NULL,'','Anatomic Pathology','4','','','Lab 45','SGPT','SGPT\r',NULL),(46,NULL,NULL,NULL,NULL,NULL,NULL,NULL,'','Anatomic Pathology','4','','','Lab 46',' ALKALINE PHOSPHATASE (ALP)',' ALKALINE PHOSPHATASE (ALP)\r',NULL),(47,NULL,NULL,NULL,NULL,NULL,NULL,NULL,'','Anatomic Pathology','4','','','Lab 47','S ALBUMIN','S ALBUMIN\r',NULL),(48,NULL,NULL,NULL,NULL,NULL,NULL,NULL,'','Anatomic Pathology','4','','','Lab 48','TOTAL PROTEINS (TP)','TOTAL PROTEINS (TP)\r',NULL),(49,NULL,NULL,NULL,NULL,NULL,NULL,NULL,'','Anatomic Pathology','4','','','Lab 49','SODIUM (NA)','SODIUM (NA)\r',NULL),(50,NULL,NULL,NULL,NULL,NULL,NULL,NULL,'','Anatomic Pathology','4','','','Lab 50','POTASSIUM (K+)','POTASSIUM (K+)\r',NULL),(51,NULL,NULL,NULL,NULL,NULL,NULL,NULL,'','Anatomic Pathology','4','','','Lab 51','ELECTROLYTES','ELECTROLYTES\r',NULL),(52,NULL,NULL,NULL,NULL,NULL,NULL,NULL,'','Anatomic Pathology','4','','','Lab 52','LIPID PROFILE','LIPID PROFILE\r',NULL),(53,NULL,NULL,NULL,NULL,NULL,NULL,NULL,'','Anatomic Pathology','4','','','Lab 53','CPK','CPK\r',NULL),(54,NULL,NULL,NULL,NULL,NULL,NULL,NULL,'','Anatomic Pathology','4','','','Lab 54','CPK - MB','CPK - MB\r',NULL),(55,NULL,NULL,NULL,NULL,NULL,NULL,NULL,'','Anatomic Pathology','4','','','Lab 55','AMYLASE','AMYLASE\r',NULL),(56,NULL,NULL,NULL,NULL,NULL,NULL,NULL,'','Anatomic Pathology','4','','','Lab 56','LIPASE','LIPASE\r',NULL),(57,NULL,NULL,NULL,NULL,NULL,NULL,NULL,'','Anatomic Pathology','4','','','Lab 57','LEPTOSPIRA IGG','LEPTOSPIRA IGG\r',NULL),(58,NULL,NULL,NULL,NULL,NULL,NULL,NULL,'','Anatomic Pathology','4','','','Lab 58','LEPTOSPIRA IGM','LEPTOSPIRA IGM\r',NULL),(59,NULL,NULL,NULL,NULL,NULL,NULL,NULL,'','Anatomic Pathology','4','','','Lab 59','LEPTOSPIRA ANTIBODIES','LEPTOSPIRA ANTIBODIES\r',NULL),(60,NULL,NULL,NULL,NULL,NULL,NULL,NULL,'','Anatomic Pathology','4','','','Lab 60',' C - REACTIVE PROTEIN (CRP)',' C - REACTIVE PROTEIN (CRP)\r',NULL),(61,NULL,NULL,NULL,NULL,NULL,NULL,NULL,'','Anatomic Pathology','4','','','Lab 61','HBSAG','HBSAG\r',NULL),(62,NULL,NULL,NULL,NULL,NULL,NULL,NULL,'','Anatomic Pathology','4','','','Lab 62','HCV','HCV\r',NULL),(63,NULL,NULL,NULL,NULL,NULL,NULL,NULL,'','Anatomic Pathology','4','','','Lab 63','HAV IGM','HAV IGM\r',NULL),(64,NULL,NULL,NULL,NULL,NULL,NULL,NULL,'','Anatomic Pathology','4','','','Lab 64','HAV IGG','HAV IGG\r',NULL),(65,NULL,NULL,NULL,NULL,NULL,NULL,NULL,'','Anatomic Pathology','4','','','Lab 65','HBA1C','HBA1C\r',NULL),(66,NULL,NULL,NULL,NULL,NULL,NULL,NULL,'','Anatomic Pathology','4','','','Lab 66','SPECIFIC GRAVITY','SPECIFIC GRAVITY\r',NULL),(67,NULL,NULL,NULL,NULL,NULL,NULL,NULL,'','Anatomic Pathology','4','','','Lab 67','PH','PH\r',NULL),(68,NULL,NULL,NULL,NULL,NULL,NULL,NULL,'','Anatomic Pathology','4','','','Lab 68','KETONE BODIES','KETONE BODIES\r',NULL),(69,NULL,NULL,NULL,NULL,NULL,NULL,NULL,'','Anatomic Pathology','4','','','Lab 69','BILE SALTS','BILE SALTS\r',NULL),(70,NULL,NULL,NULL,NULL,NULL,NULL,NULL,'','Anatomic Pathology','4','','','Lab 70','BILE PIGMENTS','BILE PIGMENTS\r',NULL),(71,NULL,NULL,NULL,NULL,NULL,NULL,NULL,'','Anatomic Pathology','4','','','Lab 71','SPUTAM - AFB','SPUTAM - AFB\r',NULL),(72,NULL,NULL,NULL,NULL,NULL,NULL,NULL,'','Anatomic Pathology',NULL,'','','Lab 72','CULTURE AND SENSITIVITY','CULTURE AND SENSITIVITY\r',NULL),(73,NULL,NULL,NULL,NULL,NULL,NULL,NULL,'','Anatomic Pathology','4','','','Lab 73','LDH','LDH\r',NULL),(74,NULL,NULL,NULL,NULL,NULL,NULL,NULL,'','Anatomic Pathology','4','','','Lab 74',' (GGT)',' (GGT)\r',NULL),(75,NULL,NULL,NULL,NULL,NULL,NULL,NULL,'','Anatomic Pathology','4','','','Lab 75','CHIKUNGUNYA','CHIKUNGUNYA\r',NULL),(76,NULL,NULL,NULL,NULL,NULL,NULL,NULL,'','Anatomic Pathology','4','','','Lab 76','ACID PHOSPHATASE','ACID PHOSPHATASE\r',NULL),(77,NULL,NULL,NULL,NULL,NULL,NULL,NULL,'','Anatomic Pathology','4','','','Lab 77','MANTOUX','MANTOUX\r',NULL),(78,NULL,NULL,NULL,NULL,NULL,NULL,NULL,'','Anatomic Pathology','4','','','Lab 78','RENAL FUNCTION TEST (RFT)','RENAL FUNCTION TEST (RFT)\r',NULL),(79,NULL,NULL,NULL,NULL,NULL,NULL,NULL,'','Anatomic Pathology','4','','','Lab 79','URINE ROUTINE','URINE ROUTINE\r',NULL),(80,NULL,NULL,NULL,NULL,NULL,NULL,NULL,'','Anatomic Pathology','4','','','Lab 80','URINE ANALYSIS','URINE ANALYSIS\r',NULL),(81,NULL,NULL,NULL,NULL,NULL,NULL,NULL,'','Anatomic Pathology','4','','','Lab 81','ANTI BODY DENGUE IGG','ANTI BODY DENGUE IGG\r',NULL),(82,NULL,NULL,NULL,NULL,NULL,NULL,NULL,'','Anatomic Pathology','4','','','Lab 82','ANTI BODY DENGUE IGM','ANTI BODY DENGUE IGM\r',NULL),(83,NULL,NULL,NULL,NULL,NULL,NULL,NULL,'','Anatomic Pathology','4','','','Lab 83','DENGUE NS1','DENGUE NS1\r',NULL),(84,NULL,NULL,NULL,NULL,NULL,NULL,NULL,'','Anatomic Pathology','5','','','Lab 84','CHEST PA','CHEST PA\r',NULL),(85,NULL,NULL,NULL,NULL,NULL,NULL,NULL,'','Anatomic Pathology','5','','','Lab 85','CHEST AP','CHEST AP\r',NULL),(86,NULL,NULL,NULL,NULL,NULL,NULL,NULL,'','Anatomic Pathology','5','','','Lab 86',' SHOULDER AP',' SHOULDER AP\r',NULL),(87,NULL,NULL,NULL,NULL,NULL,NULL,NULL,'','Anatomic Pathology','5','','','Lab 87','ERECT ABDOMEN AP','ERECT ABDOMEN AP\r',NULL),(88,NULL,NULL,NULL,NULL,NULL,NULL,NULL,'','Anatomic Pathology','5','','','Lab 88','SUPINE ABDOMEN AP','SUPINE ABDOMEN AP\r',NULL),(89,NULL,NULL,NULL,NULL,NULL,NULL,NULL,'','Anatomic Pathology','5','','','Lab 89','HAND AP/LAT','HAND AP/LAT\r',NULL),(90,NULL,NULL,NULL,NULL,NULL,NULL,NULL,'','Anatomic Pathology','5','','','Lab 90','FORE ARM AP/LAT','FORE ARM AP/LAT\r',NULL),(91,NULL,NULL,NULL,NULL,NULL,NULL,NULL,'','Anatomic Pathology','5','','','Lab 91','ARM AP/LAT','ARM AP/LAT\r',NULL),(92,NULL,NULL,NULL,NULL,NULL,NULL,NULL,'','Anatomic Pathology','5','','','Lab 92','WRIST AP/LAT','WRIST AP/LAT\r',NULL),(93,NULL,NULL,NULL,NULL,NULL,NULL,NULL,'','Anatomic Pathology','5','','','Lab 93','ELBOW AP/LAT','ELBOW AP/LAT\r',NULL),(94,NULL,NULL,NULL,NULL,NULL,NULL,NULL,'','Anatomic Pathology','5','','','Lab 94','THUMB AP/LAT','THUMB AP/LAT\r',NULL),(95,NULL,NULL,NULL,NULL,NULL,NULL,NULL,'','Anatomic Pathology','5','','','Lab 95','HUMERUS AP/LAT','HUMERUS AP/LAT\r',NULL),(96,NULL,NULL,NULL,NULL,NULL,NULL,NULL,'','Anatomic Pathology','5','','','Lab 96','T.L SPINE AP/LAT','T.L SPINE AP/LAT\r',NULL),(97,NULL,NULL,NULL,NULL,NULL,NULL,NULL,'','Anatomic Pathology','5','','','Lab 97','L.S SPINE AP/LAT','L.S SPINE AP/LAT\r',NULL),(98,NULL,NULL,NULL,NULL,NULL,NULL,NULL,'','Anatomic Pathology','5','','','Lab 98','C.S SPINE AP/LAT','C.S SPINE AP/LAT\r',NULL),(99,NULL,NULL,NULL,NULL,NULL,NULL,NULL,'','Anatomic Pathology','5','','','Lab 99',' D.L SPINE AP/LAT',' D.L SPINE AP/LAT\r',NULL),(100,NULL,NULL,NULL,NULL,NULL,NULL,NULL,'','Anatomic Pathology','5','','','Lab 100','COCCYX LAT','COCCYX LAT\r',NULL),(101,NULL,NULL,NULL,NULL,NULL,NULL,NULL,'','Anatomic Pathology','5','','','Lab 101','SKULL AP','SKULL AP\r',NULL),(102,NULL,NULL,NULL,NULL,NULL,NULL,NULL,'','Anatomic Pathology','5','','','Lab 102','P N S AP','P N S AP\r',NULL),(103,NULL,NULL,NULL,NULL,NULL,NULL,NULL,'','Anatomic Pathology','5','','','Lab 103','ORBIT AP','ORBIT AP\r',NULL),(104,NULL,NULL,NULL,NULL,NULL,NULL,NULL,'','Anatomic Pathology','5','','','Lab 104','NASAL BONE AP/LAT','NASAL BONE AP/LAT\r',NULL),(105,NULL,NULL,NULL,NULL,NULL,NULL,NULL,'','Anatomic Pathology','5','','','Lab 105','FACIAL BONE AP','FACIAL BONE AP\r',NULL),(106,NULL,NULL,NULL,NULL,NULL,NULL,NULL,'','Anatomic Pathology','5','','','Lab 106','FEMUR AP/LAT','FEMUR AP/LAT\r',NULL),(107,NULL,NULL,NULL,NULL,NULL,NULL,NULL,'','Anatomic Pathology','5','','','Lab 107','KNEE JOINT AP/LAT','KNEE JOINT AP/LAT\r',NULL),(108,NULL,NULL,NULL,NULL,NULL,NULL,NULL,'','Anatomic Pathology','5','','','Lab 108','LEG AP/LAT','LEG AP/LAT\r',NULL),(109,NULL,NULL,NULL,NULL,NULL,NULL,NULL,'','Anatomic Pathology','5','','','Lab 109','ANKLE AP/LAT','ANKLE AP/LAT\r',NULL),(110,NULL,NULL,NULL,NULL,NULL,NULL,NULL,'','Anatomic Pathology','5','','','Lab 110',' FOOT AP/LAT',' FOOT AP/LAT\r',NULL),(111,NULL,NULL,NULL,NULL,NULL,NULL,NULL,'','Anatomic Pathology','5','','','Lab 111','HEEL AP/LAT','HEEL AP/LAT\r',NULL),(112,NULL,NULL,NULL,NULL,NULL,NULL,NULL,'','Anatomic Pathology','5','','','Lab 112','PATELA AP/LAT','PATELA AP/LAT\r',NULL),(113,NULL,NULL,NULL,NULL,NULL,NULL,NULL,'','Anatomic Pathology','5','','','Lab 113','PELVIS AP','PELVIS AP\r',NULL),(114,NULL,NULL,NULL,NULL,NULL,NULL,NULL,'','Anatomic Pathology','5','','','Lab 114','P B H AP','P B H AP\r',NULL),(115,NULL,NULL,NULL,NULL,NULL,NULL,NULL,'','Anatomic Pathology','5','','','Lab 115','HIP JOINT AP/LAT','HIP JOINT AP/LAT\r',NULL),(116,NULL,NULL,NULL,NULL,NULL,NULL,NULL,'','Anatomic Pathology','5','','','Lab 116','SACRUM AP/LAT','SACRUM AP/LAT\r',NULL),(117,NULL,NULL,NULL,NULL,NULL,NULL,NULL,'','Anatomic Pathology','5','','','Lab 117','K U B AP','K U B AP\r',NULL),(118,NULL,NULL,NULL,NULL,NULL,NULL,NULL,'','Anatomic Pathology','4','','','Lab 118','BIO-CHEMISTRY','BIO-CHEMISTRY\r',NULL),(119,NULL,NULL,NULL,NULL,NULL,NULL,NULL,'','Anatomic Pathology','4','','','Lab 119','PERIPHERAL BLOOD SMEAR (PS)','PERIPHERAL BLOOD SMEAR (PS)\r',NULL),(120,NULL,NULL,NULL,NULL,NULL,NULL,NULL,'','Anatomic Pathology','4','','','Lab 120','PREGNANCY PROFILE','PREGNANCY PROFILE\r',NULL),(121,NULL,NULL,NULL,NULL,NULL,NULL,NULL,'','Anatomic Pathology','4','','','Lab 121','EXAMINATION OF FEACES (STOOL ROUTINE)','EXAMINATION OF FEACES (STOOL ROUTINE)\r',NULL),(122,NULL,NULL,NULL,NULL,NULL,NULL,NULL,'','Anatomic Pathology','5','','','Lab 122','ULTRASOUND SCAN','ULTRASOUND SCAN\r',NULL),(123,NULL,NULL,NULL,NULL,NULL,NULL,NULL,'','Anatomic Pathology','5','','','Lab 123','OBG SCAN','OBG SCAN\r',NULL),(124,NULL,NULL,NULL,NULL,NULL,NULL,NULL,'','Anatomic Pathology','5','','','Lab 124','PELVIC SCAN','PELVIC SCAN\r',NULL),(125,NULL,NULL,NULL,NULL,NULL,NULL,NULL,'','Anatomic Pathology','5','','','Lab 125','THORAX SCAN','THORAX SCAN\r',NULL),(126,NULL,NULL,NULL,NULL,NULL,NULL,NULL,'','Anatomic Pathology','5','','','Lab 126','KUB SCAN','KUB SCAN\r',NULL),(127,NULL,NULL,NULL,NULL,NULL,NULL,NULL,'','Anatomic Pathology','5','','','Lab 127','TVS SCAN (OBST SCAN)','TVS SCAN (OBST SCAN)\r',NULL),(128,NULL,NULL,NULL,NULL,NULL,NULL,NULL,'','Anatomic Pathology','5','','','Lab 128','FOLLICULAR SCAN','FOLLICULAR SCAN\r',NULL),(129,NULL,NULL,NULL,NULL,NULL,NULL,NULL,'','Anatomic Pathology','5','','','Lab 129','SCROTUM SCAN','SCROTUM SCAN\r',NULL),(130,NULL,NULL,NULL,NULL,NULL,NULL,NULL,'','Anatomic Pathology','5','','','Lab 130','ARTERIAL DOPPLER','ARTERIAL DOPPLER\r',NULL),(131,NULL,NULL,NULL,NULL,NULL,NULL,NULL,'','Anatomic Pathology','5','','','Lab 131','CAROTID DOPPLER','CAROTID DOPPLER\r',NULL),(132,NULL,NULL,NULL,NULL,NULL,NULL,NULL,'','Anatomic Pathology','5','','','Lab 132','RENAL DOPPLER','RENAL DOPPLER\r',NULL),(133,NULL,NULL,NULL,NULL,NULL,NULL,NULL,'','Anatomic Pathology','5','','','Lab 133','UPPER LIMB ARTERIAL DOPPLER','UPPER LIMB ARTERIAL DOPPLER\r',NULL),(134,NULL,NULL,NULL,NULL,NULL,NULL,NULL,'','Anatomic Pathology','5','','','Lab 134','UPPER LIMB VENOUS MAPPING','UPPER LIMB VENOUS MAPPING\r',NULL),(135,NULL,NULL,NULL,NULL,NULL,NULL,NULL,'','Anatomic Pathology','5','','','Lab 135','RIGHT UPPER LIMB VENOUS DOPPLER','RIGHT UPPER LIMB VENOUS DOPPLER\r',NULL),(136,NULL,NULL,NULL,NULL,NULL,NULL,NULL,'','Anatomic Pathology','5','','','Lab 136','LEFT UPPER LIMB VENOUS DOPPLER','LEFT UPPER LIMB VENOUS DOPPLER\r',NULL),(137,NULL,NULL,NULL,NULL,NULL,NULL,NULL,'','Anatomic Pathology','5','','','Lab 137','RIGHT LOWER LIMB VENOUS DOPPLER','RIGHT LOWER LIMB VENOUS DOPPLER\r',NULL),(138,NULL,NULL,NULL,NULL,NULL,NULL,NULL,'','Anatomic Pathology','5','','','Lab 138','LEFT LOWER LIMB VENOUS DOPPLER','LEFT LOWER LIMB VENOUS DOPPLER\r',NULL),(139,NULL,NULL,NULL,NULL,NULL,NULL,NULL,'','Anatomic Pathology','5','','','Lab 139','BILATERAL LOWER LIMB VENOUS DOPPLER','BILATERAL LOWER LIMB VENOUS DOPPLER\r',NULL),(140,NULL,NULL,NULL,NULL,NULL,NULL,NULL,'','Anatomic Pathology','5','','','Lab 140','USG NECK','USG NECK\r',NULL),(141,NULL,NULL,NULL,NULL,NULL,NULL,NULL,'','Anatomic Pathology','5','','','Lab 141','USG THYROID','USG THYROID\r',NULL),(142,NULL,NULL,NULL,NULL,NULL,NULL,NULL,'','Anatomic Pathology','5','','','Lab 142','USG BREST','USG BREST\r',NULL),(143,NULL,NULL,NULL,NULL,NULL,NULL,NULL,'','Anatomic Pathology','5','','','Lab 143','LIVER ASPIRATION','LIVER ASPIRATION\r',NULL),(144,NULL,NULL,NULL,NULL,NULL,NULL,NULL,'','Anatomic Pathology','5','','','Lab 144','PLEURAL TAPPING','PLEURAL TAPPING\r',NULL),(145,NULL,NULL,NULL,NULL,NULL,NULL,NULL,'','Anatomic Pathology','5','','','Lab 145','ECHO','ECHO\r',NULL),(146,NULL,NULL,NULL,NULL,NULL,NULL,NULL,'','Anatomic Pathology','5','','','Lab 146','ULTRASOUND SCAN - IP','ULTRASOUND SCAN - IP\r',NULL),(147,NULL,NULL,NULL,NULL,NULL,NULL,NULL,'','Anatomic Pathology','5','','','Lab 147','ULTRASOUND SCAN - ICU','ULTRASOUND SCAN - ICU\r',NULL),(148,NULL,NULL,NULL,NULL,NULL,NULL,NULL,'','Anatomic Pathology','5','','','Lab 148','OBG SCAN - IP','OBG SCAN - IP\r',NULL),(149,NULL,NULL,NULL,NULL,NULL,NULL,NULL,'','Anatomic Pathology','5','','','Lab 149','OBG SCAN - ICU','OBG SCAN - ICU\r',NULL),(150,NULL,NULL,NULL,NULL,NULL,NULL,NULL,'','Anatomic Pathology','5','','','Lab 150','PELVIC SCAN - IP','PELVIC SCAN - IP\r',NULL),(151,NULL,NULL,NULL,NULL,NULL,NULL,NULL,'','Anatomic Pathology','5','','','Lab 151','PELVIC SCAN - ICU','PELVIC SCAN - ICU\r',NULL),(152,NULL,NULL,NULL,NULL,NULL,NULL,NULL,'','Anatomic Pathology','5','','','Lab 152','THORAX SCAN - IP','THORAX SCAN - IP\r',NULL),(153,NULL,NULL,NULL,NULL,NULL,NULL,NULL,'','Anatomic Pathology','5','','','Lab 153','THORAX SCAN - ICU','THORAX SCAN - ICU\r',NULL),(154,NULL,NULL,NULL,NULL,NULL,NULL,NULL,'','Anatomic Pathology','5','','','Lab 154','KUB SCAN - IP','KUB SCAN - IP\r',NULL),(155,NULL,NULL,NULL,NULL,NULL,NULL,NULL,'','Anatomic Pathology','5','','','Lab 155','KUB SCAN - ICU','KUB SCAN - ICU\r',NULL),(156,NULL,NULL,NULL,NULL,NULL,NULL,NULL,'','Anatomic Pathology','5','','','Lab 156','TVS SCAN (OBST SCAN) - IP','TVS SCAN (OBST SCAN) - IP\r',NULL),(157,NULL,NULL,NULL,NULL,NULL,NULL,NULL,'','Anatomic Pathology','5','','','Lab 157','TVS SCAN (OBST SCAN) - ICU','TVS SCAN (OBST SCAN) - ICU\r',NULL),(158,NULL,NULL,NULL,NULL,NULL,NULL,NULL,'','Anatomic Pathology','5','','','Lab 158','FOLLICULAR SCAN - IP','FOLLICULAR SCAN - IP\r',NULL),(159,NULL,NULL,NULL,NULL,NULL,NULL,NULL,'','Anatomic Pathology','5','','','Lab 159','FOLLICULAR SCAN - ICU','FOLLICULAR SCAN - ICU\r',NULL),(160,NULL,NULL,NULL,NULL,NULL,NULL,NULL,'','Anatomic Pathology','5','','','Lab 160','SCROTUM SCAN - IP','SCROTUM SCAN - IP\r',NULL),(161,NULL,NULL,NULL,NULL,NULL,NULL,NULL,'','Anatomic Pathology','5','','','Lab 161','SCROTUM SCAN - ICU','SCROTUM SCAN - ICU\r',NULL),(162,NULL,NULL,NULL,NULL,NULL,NULL,NULL,'','Anatomic Pathology','5','','','Lab 162','ARTERIAL DOPPLER - IP','ARTERIAL DOPPLER - IP\r',NULL),(163,NULL,NULL,NULL,NULL,NULL,NULL,NULL,'','Anatomic Pathology','5','','','Lab 163','ARTERIAL DOPPLER - ICU','ARTERIAL DOPPLER - ICU\r',NULL),(164,NULL,NULL,NULL,NULL,NULL,NULL,NULL,'','Anatomic Pathology','5','','','Lab 164','CAROTID DOPPLER - IP','CAROTID DOPPLER - IP\r',NULL),(165,NULL,NULL,NULL,NULL,NULL,NULL,NULL,'','Anatomic Pathology','5','','','Lab 165','CAROTID DOPPLER - ICU','CAROTID DOPPLER - ICU\r',NULL),(166,NULL,NULL,NULL,NULL,NULL,NULL,NULL,'','Anatomic Pathology','5','','','Lab 166','RENAL DOPPLER - ICU','RENAL DOPPLER - ICU\r',NULL),(167,NULL,NULL,NULL,NULL,NULL,NULL,NULL,'','Anatomic Pathology','5','','','Lab 167','RENAL DOPPLER - ICU','RENAL DOPPLER - ICU\r',NULL),(168,NULL,NULL,NULL,NULL,NULL,NULL,NULL,'','Anatomic Pathology','5','','','Lab 168','UPPER LIMB ARTERIAL DOPPLER - IP','UPPER LIMB ARTERIAL DOPPLER - IP\r',NULL),(169,NULL,NULL,NULL,NULL,NULL,NULL,NULL,'','Anatomic Pathology','5','','','Lab 169','UPPER LIMB ARTERIAL DOPPLER - ICU','UPPER LIMB ARTERIAL DOPPLER - ICU\r',NULL),(170,NULL,NULL,NULL,NULL,NULL,NULL,NULL,'','Anatomic Pathology','5','','','Lab 170','UPPER LIMB VENOUS MAPPING - IP','UPPER LIMB VENOUS MAPPING - IP\r',NULL),(171,NULL,NULL,NULL,NULL,NULL,NULL,NULL,'','Anatomic Pathology','5','','','Lab 171','UPPER LIMB VENOUS MAPPING - ICU','UPPER LIMB VENOUS MAPPING - ICU\r',NULL),(172,NULL,NULL,NULL,NULL,NULL,NULL,NULL,'','Anatomic Pathology','5','','','Lab 172','RIGHT UPPER LIMB VENOUS DOPPLER - IP','RIGHT UPPER LIMB VENOUS DOPPLER - IP\r',NULL),(173,NULL,NULL,NULL,NULL,NULL,NULL,NULL,'','Anatomic Pathology','5','','','Lab 173','RIGHT UPPER LIMB VENOUS DOPPLER - ICU','RIGHT UPPER LIMB VENOUS DOPPLER - ICU\r',NULL),(174,NULL,NULL,NULL,NULL,NULL,NULL,NULL,'','Anatomic Pathology','5','','','Lab 174','LEFT UPPER LIMB VENOUS DOPPLER - IP','LEFT UPPER LIMB VENOUS DOPPLER - IP\r',NULL),(175,NULL,NULL,NULL,NULL,NULL,NULL,NULL,'','Anatomic Pathology','5','','','Lab 175','RIGHT LOWER LIMB VENOUS DOPPLER - IP','RIGHT LOWER LIMB VENOUS DOPPLER - IP\r',NULL),(176,NULL,NULL,NULL,NULL,NULL,NULL,NULL,'','Anatomic Pathology','5','','','Lab 176','RIGHT LOWER LIMB VENOUS DOPPLER - ICU','RIGHT LOWER LIMB VENOUS DOPPLER - ICU\r',NULL),(177,NULL,NULL,NULL,NULL,NULL,NULL,NULL,'','Anatomic Pathology','5','','','Lab 177','LEFT LOWER LIMB VENOUS DOPPLER - IP','LEFT LOWER LIMB VENOUS DOPPLER - IP\r',NULL),(178,NULL,NULL,NULL,NULL,NULL,NULL,NULL,'','Anatomic Pathology','5','','','Lab 178','LEFT LOWER LIMB VENOUS DOPPLER - ICU','LEFT LOWER LIMB VENOUS DOPPLER - ICU\r',NULL),(179,NULL,NULL,NULL,NULL,NULL,NULL,NULL,'','Anatomic Pathology','5','','','Lab 179','BILATERAL LOWER LIMB VENOUS DOPPLER - IP','BILATERAL LOWER LIMB VENOUS DOPPLER - IP\r',NULL),(180,NULL,NULL,NULL,NULL,NULL,NULL,NULL,'','Anatomic Pathology','5','','','Lab 180','BILATERAL LOWER LIMB VENOUS DOPPLER - ICU','BILATERAL LOWER LIMB VENOUS DOPPLER - ICU\r',NULL),(181,NULL,NULL,NULL,NULL,NULL,NULL,NULL,'','Anatomic Pathology','5','','','Lab 181','USG NECK - IP','USG NECK - IP\r',NULL),(182,NULL,NULL,NULL,NULL,NULL,NULL,NULL,'','Anatomic Pathology','5','','','Lab 182','USG THYROID - IP','USG THYROID - IP\r',NULL),(183,NULL,NULL,NULL,NULL,NULL,NULL,NULL,'','Anatomic Pathology','5','','','Lab 183','USG BREST - IP','USG BREST - IP\r',NULL),(184,NULL,NULL,NULL,NULL,NULL,NULL,NULL,'','Anatomic Pathology','5','','','Lab 184','LIVER ASPIRATION - IP','LIVER ASPIRATION - IP\r',NULL),(185,NULL,NULL,NULL,NULL,NULL,NULL,NULL,'','Anatomic Pathology','5','','','Lab 185','PLEURAL TAPPING - IP','PLEURAL TAPPING - IP\r',NULL),(186,NULL,NULL,NULL,NULL,NULL,NULL,NULL,'','Anatomic Pathology','5','','','Lab 186','ECHO - IP','ECHO - IP\r',NULL),(187,NULL,NULL,NULL,NULL,NULL,NULL,NULL,'','Anatomic Pathology','4','','','Lab 187','THYROID PROFILE','THYROID PROFILE\r',NULL),(188,NULL,NULL,NULL,NULL,NULL,NULL,NULL,'','Anatomic Pathology','4','','','Lab 188','T3','T3\r',NULL),(189,NULL,NULL,NULL,NULL,NULL,NULL,NULL,'','Anatomic Pathology','4','','','Lab 189','T4','T4\r',NULL),(190,NULL,NULL,NULL,NULL,NULL,NULL,NULL,'','Anatomic Pathology','4','','','Lab 190','TSH','TSH\r',NULL),(191,NULL,NULL,NULL,NULL,NULL,NULL,NULL,'','Anatomic Pathology','4','','','Lab 191','OGCT','OGCT\r',NULL),(192,NULL,NULL,NULL,NULL,NULL,NULL,NULL,'','Anatomic Pathology','3','','','Lab 192','BLOOD GROUP & RH TYPE ABO','BLOOD GROUP & RH TYPE ABO\r',NULL),(193,NULL,NULL,NULL,NULL,NULL,NULL,NULL,'','Anatomic Pathology','2','','','Lab 193','BILURUBIN','BILURUBIN\r',NULL),(194,NULL,NULL,NULL,NULL,NULL,NULL,NULL,'','Anatomic Pathology','5','','','Lab 194','SCANNING','SCANNING\r',NULL),(195,NULL,NULL,NULL,NULL,NULL,NULL,NULL,'','Anatomic Pathology','5','','','Lab 195','USG ABDOMEN','USG ABDOMEN\r',NULL),(196,NULL,NULL,NULL,NULL,NULL,NULL,NULL,'','Anatomic Pathology','5','','','Lab 196','USG PELVIC SCAN','USG PELVIC SCAN\r',NULL),(197,NULL,NULL,NULL,NULL,NULL,NULL,NULL,'','Anatomic Pathology','5','','','Lab 197','USG KUB SCAN','USG KUB SCAN\r',NULL),(198,NULL,NULL,NULL,NULL,NULL,NULL,NULL,'','Anatomic Pathology','2','','','Lab 198','MANTOUX TEST','MANTOUX TEST\r',NULL),(199,NULL,NULL,NULL,NULL,NULL,NULL,NULL,'','Anatomic Pathology','2','','','Lab 199','ANTI STREPTOLYSIN - O (ASLO)','ANTI STREPTOLYSIN - O (ASLO)\r',NULL),(200,NULL,NULL,NULL,NULL,NULL,NULL,NULL,'','Anatomic Pathology','5','','','Lab 200','Neuro Scan','Neuro Scan\r',NULL);

UNLOCK TABLES;

/*Table structure for table `lab_test_panel` */

DROP TABLE IF EXISTS `lab_test_panel`;

CREATE TABLE `lab_test_panel` (
  `ID` bigint(20) NOT NULL AUTO_INCREMENT,
  `IS_ACTIVE` bit(1) DEFAULT NULL,
  `CREATED_BY` varchar(255) DEFAULT NULL,
  `CREATE_TX_TIMESTAMP` datetime DEFAULT NULL,
  `DEACTIVATION_REASON` varchar(255) DEFAULT NULL,
  `UPDATE_BY` varchar(255) DEFAULT NULL,
  `UPDATED_TX_TIMESTAMP` datetime DEFAULT NULL,
  `VERSION` bigint(20) DEFAULT NULL,
  `DEPARTMENT` varchar(255) DEFAULT NULL,
  `PANEL_CODE` varchar(20) DEFAULT NULL,
  `PANEL_DESCRIPTION` varchar(255) DEFAULT NULL,
  `PANEL_PNEUMONIC` varchar(255) DEFAULT NULL,
  `DEACTIVATEDBY` bigint(20) DEFAULT NULL,
  PRIMARY KEY (`ID`),
  UNIQUE KEY `PANEL_CODE` (`PANEL_CODE`),
  KEY `FKA881F609CF3C707` (`DEACTIVATEDBY`),
  CONSTRAINT `FKA881F609CF3C707` FOREIGN KEY (`DEACTIVATEDBY`) REFERENCES `person` (`ID`)
) ENGINE=InnoDB AUTO_INCREMENT=2 DEFAULT CHARSET=utf8;

/*Data for the table `lab_test_panel` */

LOCK TABLES `lab_test_panel` WRITE;

insert  into `lab_test_panel`(`ID`,`IS_ACTIVE`,`CREATED_BY`,`CREATE_TX_TIMESTAMP`,`DEACTIVATION_REASON`,`UPDATE_BY`,`UPDATED_TX_TIMESTAMP`,`VERSION`,`DEPARTMENT`,`PANEL_CODE`,`PANEL_DESCRIPTION`,`PANEL_PNEUMONIC`,`DEACTIVATEDBY`) values (1,NULL,NULL,NULL,NULL,NULL,NULL,NULL,'Anatomic Pathology','Panel 1','Complete Blood Count','Complete Blood Count',NULL);

UNLOCK TABLES;

/*Table structure for table `lab_test_profile` */

DROP TABLE IF EXISTS `lab_test_profile`;

CREATE TABLE `lab_test_profile` (
  `ID` bigint(20) NOT NULL AUTO_INCREMENT,
  `IS_ACTIVE` bit(1) DEFAULT NULL,
  `CREATED_BY` varchar(255) DEFAULT NULL,
  `CREATE_TX_TIMESTAMP` datetime DEFAULT NULL,
  `DEACTIVATION_REASON` varchar(255) DEFAULT NULL,
  `UPDATE_BY` varchar(255) DEFAULT NULL,
  `UPDATED_TX_TIMESTAMP` datetime DEFAULT NULL,
  `VERSION` bigint(20) DEFAULT NULL,
  `PROFILE_CODE` varchar(20) DEFAULT NULL,
  `PROFILE_NAME` varchar(255) DEFAULT NULL,
  `PROFILE_NEUMONIC` varchar(255) DEFAULT NULL,
  `DEACTIVATEDBY` bigint(20) DEFAULT NULL,
  PRIMARY KEY (`ID`),
  UNIQUE KEY `PROFILE_CODE` (`PROFILE_CODE`),
  KEY `FKACED846ECF3C707` (`DEACTIVATEDBY`),
  CONSTRAINT `FKACED846ECF3C707` FOREIGN KEY (`DEACTIVATEDBY`) REFERENCES `person` (`ID`)
) ENGINE=InnoDB AUTO_INCREMENT=33 DEFAULT CHARSET=utf8;

/*Data for the table `lab_test_profile` */

LOCK TABLES `lab_test_profile` WRITE;

insert  into `lab_test_profile`(`ID`,`IS_ACTIVE`,`CREATED_BY`,`CREATE_TX_TIMESTAMP`,`DEACTIVATION_REASON`,`UPDATE_BY`,`UPDATED_TX_TIMESTAMP`,`VERSION`,`PROFILE_CODE`,`PROFILE_NAME`,`PROFILE_NEUMONIC`,`DEACTIVATEDBY`) values (1,NULL,NULL,NULL,NULL,NULL,NULL,NULL,'Profile 1','Lipid Profile','Lipid Profile\r',NULL),(2,NULL,NULL,NULL,NULL,NULL,NULL,NULL,'Profile 2','Arthitis Profile(SC)','Arthitis Profile(SC)\r',NULL),(3,NULL,NULL,NULL,NULL,NULL,NULL,NULL,'Profile 3','Arthritis Profile','Arthritis Profile\r',NULL),(4,NULL,NULL,NULL,NULL,NULL,NULL,NULL,'Profile 4','ADVANCED ARTHRITIS PROFILE','ADVANCED ARTHRITIS PROFILE\r',NULL),(5,NULL,NULL,NULL,NULL,NULL,NULL,NULL,'Profile 5','Bone & Joint check (SC)','Bone & Joint check (SC)\r',NULL),(6,NULL,NULL,NULL,NULL,NULL,NULL,NULL,'Profile 6','BASIC HEALTH CHECK UP','BASIC HEALTH CHECK UP\r',NULL),(7,NULL,NULL,NULL,NULL,NULL,NULL,NULL,'Profile 7','Complete Health Check (SC)','Complete Health Check (SC)\r',NULL),(8,NULL,NULL,NULL,NULL,NULL,NULL,NULL,'Profile 8','Diabetic Profile','Diabetic Profile\r',NULL),(9,NULL,NULL,NULL,NULL,NULL,NULL,NULL,'Profile 9','Diabetic Profile(SC)','Diabetic Profile(SC)\r',NULL),(10,NULL,NULL,NULL,NULL,NULL,NULL,NULL,'Profile 10','EXECUTIVE HEALTH CHECK UP with HIV','EXECUTIVE HEALTH CHECK UP with HIV\r',NULL),(11,NULL,NULL,NULL,NULL,NULL,NULL,NULL,'Profile 11','EXECUTIVE HEALTH CHECK UP without HIV','EXECUTIVE HEALTH CHECK UP without HIV\r',NULL),(12,NULL,NULL,NULL,NULL,NULL,NULL,NULL,'Profile 12','Health Profile','Health Profile\r',NULL),(13,NULL,NULL,NULL,NULL,NULL,NULL,NULL,'Profile 13','Hepatic Profile','Hepatic Profile\r',NULL),(14,NULL,NULL,NULL,NULL,NULL,NULL,NULL,'Profile 14','Kidney Function Test (SC)','Kidney Function Test (SC)\r',NULL),(15,NULL,NULL,NULL,NULL,NULL,NULL,NULL,'Profile 15','Kidney Profile(SC)','Kidney Profile(SC)\r',NULL),(16,NULL,NULL,NULL,NULL,NULL,NULL,NULL,'Profile 16','Lipid Profile','Lipid Profile\r',NULL),(17,NULL,NULL,NULL,NULL,NULL,NULL,NULL,'Profile 17','Lipid Profile(SC)','Lipid Profile(SC)\r',NULL),(18,NULL,NULL,NULL,NULL,NULL,NULL,NULL,'Profile 18','Lipid Profiles','Lipid Profiles\r',NULL),(19,NULL,NULL,NULL,NULL,NULL,NULL,NULL,'Profile 19','Liver Profile(SC)','Liver Profile(SC)\r',NULL),(20,NULL,NULL,NULL,NULL,NULL,NULL,NULL,'Profile 20','Metabolic Profile','Metabolic Profile\r',NULL),(21,NULL,NULL,NULL,NULL,NULL,NULL,NULL,'Profile 21','Metabolic Profile(SC)','Metabolic Profile(SC)\r',NULL),(22,NULL,NULL,NULL,NULL,NULL,NULL,NULL,'Profile 22','MYELOMA PROFILE','MYELOMA PROFILE\r',NULL),(23,NULL,NULL,NULL,NULL,NULL,NULL,NULL,'Profile 23','O.A PROFILE','O.A PROFILE\r',NULL),(24,NULL,NULL,NULL,NULL,NULL,NULL,NULL,'Profile 24','Osteoporosis Profile(SC)','Osteoporosis Profile(SC)\r',NULL),(25,NULL,NULL,NULL,NULL,NULL,NULL,NULL,'Profile 25','Pre Operative Profile','Pre Operative Profile\r',NULL),(26,NULL,NULL,NULL,NULL,NULL,NULL,NULL,'Profile 26','Pre-Op-Profile(SC)','Pre-Op-Profile(SC)\r',NULL),(27,NULL,NULL,NULL,NULL,NULL,NULL,NULL,'Profile 27','Renal profile','Renal profile\r',NULL),(28,NULL,NULL,NULL,NULL,NULL,NULL,NULL,'Profile 28','RFT & LFT','RFT & LFT\r',NULL),(29,NULL,NULL,NULL,NULL,NULL,NULL,NULL,'Profile 29','Thyroid Profile(SC)','Thyroid Profile(SC)\r',NULL),(30,NULL,NULL,NULL,NULL,NULL,NULL,NULL,'Profile 30','TRIPLE TEST Profile','TRIPLE TEST Profile\r',NULL),(31,NULL,NULL,NULL,NULL,NULL,NULL,NULL,'Profile 31','UNISCAN HEALTH PROFILE','UNISCAN HEALTH PROFILE\r',NULL),(32,NULL,NULL,NULL,NULL,NULL,NULL,NULL,'Profile 32','VIT B12','VIT B12\r',NULL);

UNLOCK TABLES;

/*Table structure for table `laboratory` */

DROP TABLE IF EXISTS `laboratory`;

CREATE TABLE `laboratory` (
  `lab_id` varchar(255) NOT NULL,
  `additional_address` varchar(255) DEFAULT NULL,
  `address` varchar(255) DEFAULT NULL,
  `country` varchar(255) DEFAULT NULL,
  `postal_code` varchar(255) DEFAULT NULL,
  `state` varchar(255) DEFAULT NULL,
  `admin_first_name` varchar(255) DEFAULT NULL,
  `admin_last_name` varchar(255) DEFAULT NULL,
  `fax_number` varchar(255) DEFAULT NULL,
  `lab_name` varchar(255) DEFAULT NULL,
  `latitude` varchar(255) DEFAULT NULL,
  `location` varchar(255) DEFAULT NULL,
  `longitude` varchar(255) DEFAULT NULL,
  `office_phone_number` varchar(255) DEFAULT NULL,
  `pan_number` varchar(255) DEFAULT NULL,
  `service_tax_number` varchar(255) DEFAULT NULL,
  `valid_from` date DEFAULT NULL,
  `valid_to` date DEFAULT NULL,
  `tenant_id` varchar(255) DEFAULT NULL,
  `accr_number` varchar(255) DEFAULT NULL,
  `drug_licence` varchar(255) DEFAULT NULL,
  PRIMARY KEY (`lab_id`),
  KEY `FK_1elnoluueov5es2brf3mh5tbp` (`tenant_id`),
  CONSTRAINT `FK_1elnoluueov5es2brf3mh5tbp` FOREIGN KEY (`tenant_id`) REFERENCES `tenant` (`tenant_id`)
) ENGINE=InnoDB DEFAULT CHARSET=latin1;

/*Data for the table `laboratory` */

LOCK TABLES `laboratory` WRITE;

insert  into `laboratory`(`lab_id`,`additional_address`,`address`,`country`,`postal_code`,`state`,`admin_first_name`,`admin_last_name`,`fax_number`,`lab_name`,`latitude`,`location`,`longitude`,`office_phone_number`,`pan_number`,`service_tax_number`,`valid_from`,`valid_to`,`tenant_id`,`accr_number`,`drug_licence`) values ('1','J. P. Nagar\r\n','57, 1st Main Rd, 3rd Phase\r\n','IN','560078\r\n','Karnataka','Mohan','Sharma','89084','Achira Labs Pvt Ltd\r\n','12.90768\r\n','Bangalore','77.59945\r\n','982233444','893894HJHK','89372494','2015-04-02','2015-04-08','2','878sdf','licence'),('2','K R Puram','19/1, 19/2, 1st Main, 2nd Phase\r\n','IN','560060\r\n','Karnataka','Mohan','Sharma','89084','Sami Labs Limited\r\n','13.032857\r\n','Bangalore','77.510033\r\n','982233000','893894HJHK','89372494','2015-04-02','2015-04-08','5','878sdf','licence'),('3','Shivajinagar Tasker Town\r\n','No. 11, Blue Cross Chambers, Infantry Road Cross\r\n','IN','560001\r\n','Karnataka','Mohan','Sharma','89084','Anand Diagnostic Laboratory\r\n','12.980701\r\n','Bangalore','77.605501\r\n','982233111','893894HJHK','89372494','2015-04-02','2015-04-08','8','878sdf','licence'),('4','Millers Road, Kaverappa Layout, Vasanth Nagar\r\n','Shop No:#47, 3rd Floor,Commercial Complex\r\n','IN','560052\r\n','Karnataka','Mohan','Sharma','89084','SRL Diagnostics\r\n','12.9539974\r\n','Bangalore','77.6309395\r\n','982233222','893894HJHK','89372494','2015-04-02','2015-04-08','10','878sdf','licence');

UNLOCK TABLES;

/*Table structure for table `patient` */

DROP TABLE IF EXISTS `patient`;

CREATE TABLE `patient` (
  `afya_id` varchar(255) NOT NULL,
  `additional_address` varchar(255) DEFAULT NULL,
  `address` varchar(255) DEFAULT NULL,
  `age` varchar(255) DEFAULT NULL,
  `city` varchar(255) DEFAULT NULL,
  `communication_preference` varchar(255) DEFAULT NULL,
  `country` varchar(255) DEFAULT NULL,
  `date_of_birth` date DEFAULT NULL,
  `email_id` varchar(255) DEFAULT NULL,
  `employment_status` varchar(255) DEFAULT NULL,
  `fax_number` varchar(255) DEFAULT NULL,
  `first_name` varchar(255) DEFAULT NULL,
  `gender` varchar(255) DEFAULT NULL,
  `last_name` varchar(255) DEFAULT NULL,
  `marital_status` varchar(255) DEFAULT NULL,
  `middle_name` varchar(255) DEFAULT NULL,
  `mobile_number` varchar(255) DEFAULT NULL,
  `national_id_number` varchar(255) DEFAULT NULL,
  `occupation` varchar(255) DEFAULT NULL,
  `office_phone` varchar(255) DEFAULT NULL,
  `patient_type` varchar(255) DEFAULT NULL,
  `postal_code` varchar(255) DEFAULT NULL,
  `preferred_language` varchar(255) DEFAULT NULL,
  `religion` varchar(255) DEFAULT NULL,
  `salutation` varchar(255) DEFAULT NULL,
  `state` varchar(255) DEFAULT NULL,
  `blood_group` varchar(255) DEFAULT NULL,
  `civil_id` varchar(255) DEFAULT NULL,
  `end_most_name` varchar(255) DEFAULT NULL,
  `home_phone` varchar(255) DEFAULT NULL,
  `nationality` varchar(255) DEFAULT NULL,
  `rh` varchar(255) DEFAULT NULL,
  PRIMARY KEY (`afya_id`),
  UNIQUE KEY `UK_141wjq4o9o2nsxwt1y6t4dg7v` (`first_name`,`last_name`,`date_of_birth`)
) ENGINE=InnoDB DEFAULT CHARSET=latin1;

/*Data for the table `patient` */

LOCK TABLES `patient` WRITE;

insert  into `patient`(`afya_id`,`additional_address`,`address`,`age`,`city`,`communication_preference`,`country`,`date_of_birth`,`email_id`,`employment_status`,`fax_number`,`first_name`,`gender`,`last_name`,`marital_status`,`middle_name`,`mobile_number`,`national_id_number`,`occupation`,`office_phone`,`patient_type`,`postal_code`,`preferred_language`,`religion`,`salutation`,`state`,`blood_group`,`civil_id`,`end_most_name`,`home_phone`,`nationality`,`rh`) values ('4141c918-1a21-4de7-9262-d66f4a11cc6f','','','25 Year(s), 3 Month(s)','',NULL,'INDIA','1990-01-01','',NULL,'','First','Male','last',NULL,NULL,'2343546',NULL,NULL,'',NULL,'',NULL,NULL,NULL,'',NULL,NULL,NULL,NULL,NULL,NULL),('4ee5f89a-09b5-4d53-b8f2-7f6764033597','','','17 Hour(s) ','',NULL,'India','2015-04-03','',NULL,'','PersonOnea51ec24a-9285-4bdb-b75b-2a23ef3fdfb1','Male','PersonOne25f0d435-a25c-472d-92b4-d6524c9ca7c6',NULL,'PersonOne3d487bf6-79e5-48b6-89bd-8c909b025af9','564756765',NULL,NULL,'',NULL,'',NULL,NULL,NULL,'',NULL,NULL,NULL,NULL,NULL,NULL),('509e7d70-d57a-4efb-9f88-17b7fef789b3','asfdasfas','asdfa','25 Year(s), 1 Month(s)','',NULL,'INDIA','1990-02-01','something','Half Time','54754','Some2','Female','Person','Single',NULL,'23425346',NULL,'DOCTOR','','INSURANCE','','Hindi','Buddhist',NULL,'',NULL,NULL,NULL,NULL,NULL,NULL),('83dbfb98-8a1d-4d97-9839-379dfa3a2fa9','','','24 Year(s), 3 Month(s)','',NULL,'INDIA','1991-01-01','',NULL,'','Some','Unknown','Woman','Separated',NULL,'879878',NULL,'DOCTOR','8979878','CORPORATE','','English','Chinese Folk Religionist',NULL,'',NULL,NULL,NULL,NULL,NULL,NULL),('90e46ff6-1237-49ba-b661-2aea6ccabf6a','asfdasfas','asdfa','25 Year(s), 1 Month(s)','',NULL,'INDIA','1990-02-01','something','Half Time','54754','Some1','Female','Person','Single',NULL,'23425346',NULL,'DOCTOR','','INSURANCE','','Hindi','Buddhist',NULL,'',NULL,NULL,NULL,NULL,NULL,NULL),('a7c4f0a5-6af7-4d98-8745-69bcb1171491','','','23 Year(s), 6 Month(s)','',NULL,'INDIA','1991-09-29','',NULL,'','Mohan','Male','Sharma',NULL,NULL,'9879879',NULL,NULL,'','CORPORATE','',NULL,NULL,NULL,'',NULL,NULL,NULL,NULL,NULL,NULL),('ab74b1f1-02a4-47f0-861c-958669fd53e9','','','17 Hour(s) ','',NULL,'India','2015-04-03','',NULL,'','PersonOneb422c5e5-ab56-427c-aaef-6ce194d380c4','Male','PersonOneb645a6cb-f9ec-4c6e-98f8-a1a2b1f956ee',NULL,'PersonOne0e6eecad-bbcd-4ff5-a010-b0f3c8bd3f9d','2314534564',NULL,NULL,'',NULL,'',NULL,NULL,NULL,'',NULL,NULL,NULL,NULL,NULL,NULL),('c85a3aa3-732d-46d0-8603-3eeaba1cafbc','','Some Address','18 Hour(s) ','',NULL,'India','2015-04-03','email@gmail.com',NULL,'','PersonOnedb0a0e1d-1930-441e-b1ca-c4cf80e65682','Male','PersonOneb1a3b970-c7d4-4ba3-bfd1-21986179928c',NULL,'PersonOne1a31752c-7bfd-4a3a-9a94-671a60431375','1245345436',NULL,NULL,'5434546',NULL,'',NULL,NULL,NULL,'2',NULL,NULL,NULL,NULL,NULL,NULL),('cc420403-dbb6-4df2-922a-fb1af30f8e08','asfdasfas','asdfa','25 Year(s), 1 Month(s)','',NULL,'INDIA','1990-02-01','something',NULL,'54754','Some','Male','Person','Married',NULL,'23425346',NULL,NULL,'','INSURANCE','',NULL,'Buddhist',NULL,'',NULL,NULL,NULL,NULL,NULL,NULL),('e790e2db-2ade-4653-8fd2-76561cb4a9ae','','','17 Hour(s) ','',NULL,'India','2015-04-03','',NULL,'','PersonOnea17d9c35-22a3-4116-8d1d-cfaac66cd662','Male','PersonOnea78a5838-408e-407c-ae43-1d5753ff0709',NULL,'PersonOnec81d3ac8-d48b-4a6b-a594-7ccaf05ba6f2','35346456',NULL,NULL,'',NULL,'',NULL,NULL,NULL,'',NULL,NULL,NULL,NULL,NULL,NULL),('eac3501a-1702-4fb5-a6e7-f1ece9cd5a0b','','Some Address','17 Hour(s) ','',NULL,'India','2015-04-03','email@gmail.com',NULL,'','PersonOne9d3fca88-ec73-4b55-98be-2672a501cca0','Male','PersonOnea8850b9e-a4a9-434e-8c72-f8f63732119c',NULL,'PersonOnea8b98c30-bf6a-4a42-b89d-7faa834a468b','1245345436',NULL,NULL,'',NULL,'',NULL,NULL,NULL,'',NULL,NULL,NULL,NULL,NULL,NULL),('eb872dba-cff5-41f2-8644-6a58054d4810','','Some Address','19 Hour(s) ','',NULL,'India','2015-04-03','email@gmail.com',NULL,'','PersonOne60270e17-4e5d-4bb9-9ef6-3209eda6253a','Male','PersonOne9c54227f-2167-489c-8b97-b749d570bbc9',NULL,'PersonOnebaa90b2c-3ca6-4209-9b61-708ea03ff537','1245345436',NULL,NULL,'5434546',NULL,'',NULL,NULL,NULL,'2',NULL,NULL,NULL,NULL,NULL,NULL),('ec378c3c-834e-4fd2-9e9a-9b11efe80760','kljkh','Some Address','22 Hour(s) ','SomeCity',NULL,'India','2015-04-03','email@gmail.com',NULL,'','First','Unknown','Third',NULL,'Second','1245345436',NULL,NULL,'5434546','CASH PAYING','',NULL,NULL,NULL,'AP','A','1234','Fourth','','Indian','-'),('fba2a3ba-d3ed-478f-8c69-77e9a3ff0e77','','','25 Year(s), 3 Month(s)','Bangalore',NULL,'INDIA','1990-01-01','',NULL,'89797','Naren','Male','Babu',NULL,NULL,'77687678',NULL,NULL,'6786878','CASH PAYING','','English','Christian',NULL,'',NULL,NULL,NULL,NULL,NULL,NULL);

UNLOCK TABLES;

/*Table structure for table `pharmacy` */

DROP TABLE IF EXISTS `pharmacy`;

CREATE TABLE `pharmacy` (
  `pharmacy_id` varchar(255) NOT NULL,
  `additional_address` varchar(255) DEFAULT NULL,
  `address` varchar(255) DEFAULT NULL,
  `country` varchar(255) DEFAULT NULL,
  `postal_code` varchar(255) DEFAULT NULL,
  `state` varchar(255) DEFAULT NULL,
  `admin_first_name` varchar(255) DEFAULT NULL,
  `admin_last_name` varchar(255) DEFAULT NULL,
  `fax_number` varchar(255) DEFAULT NULL,
  `latitude` varchar(255) DEFAULT NULL,
  `location` varchar(255) DEFAULT NULL,
  `longitude` varchar(255) DEFAULT NULL,
  `office_phone_number` varchar(255) DEFAULT NULL,
  `pan_number` varchar(255) DEFAULT NULL,
  `pharmacy_name` varchar(255) DEFAULT NULL,
  `service_tax_number` varchar(255) DEFAULT NULL,
  `valid_from` date DEFAULT NULL,
  `valid_to` date DEFAULT NULL,
  `tenant_id` varchar(255) DEFAULT NULL,
  `accr_number` varchar(255) DEFAULT NULL,
  `drug_licence` varchar(255) DEFAULT NULL,
  PRIMARY KEY (`pharmacy_id`),
  KEY `FK_pejrmu1cxxfexfiv7yhscem9k` (`tenant_id`),
  CONSTRAINT `FK_pejrmu1cxxfexfiv7yhscem9k` FOREIGN KEY (`tenant_id`) REFERENCES `tenant` (`tenant_id`)
) ENGINE=InnoDB DEFAULT CHARSET=latin1;

/*Data for the table `pharmacy` */

LOCK TABLES `pharmacy` WRITE;

insert  into `pharmacy`(`pharmacy_id`,`additional_address`,`address`,`country`,`postal_code`,`state`,`admin_first_name`,`admin_last_name`,`fax_number`,`latitude`,`location`,`longitude`,`office_phone_number`,`pan_number`,`pharmacy_name`,`service_tax_number`,`valid_from`,`valid_to`,`tenant_id`,`accr_number`,`drug_licence`) values ('1','MG Road\r\n','No. 2, St. Marks Road\r\n','IN','560001\r\n','Karnataka','Mohan','Sharma','734985','12.9539974\r\n','Bangalore','77.6309395\r\n','982233444','8979793kkj','The Cash Pharmacy\r\n','89372494','2015-04-02',NULL,'3','878sdf','licence'),('2','Devatha Plaza, Residency Road\r\n','131/132, A-2, Basement Floor\r\n','IN','560025\r\n','Karnataka','Mohan','Sharma','734985','12.9339974\r\n','Bangalore','77.5309395\r\n','982233444','8979793kkj','YASHO PHARMA\r\n','89372494','2015-04-02',NULL,'6','878sdf','licence');

UNLOCK TABLES;

/*Table structure for table `service_main_group` */

DROP TABLE IF EXISTS `service_main_group`;

CREATE TABLE `service_main_group` (
  `CODE` bigint(50) NOT NULL AUTO_INCREMENT,
  `SERVICE_MAIN_GROUP` varchar(255) DEFAULT NULL,
  PRIMARY KEY (`CODE`)
) ENGINE=InnoDB AUTO_INCREMENT=9 DEFAULT CHARSET=latin1;

/*Data for the table `service_main_group` */

LOCK TABLES `service_main_group` WRITE;

insert  into `service_main_group`(`CODE`,`SERVICE_MAIN_GROUP`) values (1,'Consultation services'),(2,'General Services'),(3,'Physical Therapy'),(4,'Dental'),(5,'Surgery Minor'),(6,'Emergency Services'),(7,'Laboratory Services'),(8,'Radiology Services');

UNLOCK TABLES;

/*Table structure for table `service_sub_group` */

DROP TABLE IF EXISTS `service_sub_group`;

CREATE TABLE `service_sub_group` (
  `code` bigint(50) NOT NULL AUTO_INCREMENT,
  `description` varchar(255) DEFAULT NULL,
  `service_main_group_id` bigint(50) DEFAULT NULL,
  PRIMARY KEY (`code`),
  KEY `fk_service_main_group` (`service_main_group_id`),
  CONSTRAINT `fk_service_main_group` FOREIGN KEY (`service_main_group_id`) REFERENCES `service_main_group` (`CODE`)
) ENGINE=InnoDB AUTO_INCREMENT=54 DEFAULT CHARSET=latin1;

/*Data for the table `service_sub_group` */

LOCK TABLES `service_sub_group` WRITE;

insert  into `service_sub_group`(`code`,`description`,`service_main_group_id`) values (1,'Regular Consultations',1),(2,'Specialist Consultations',1),(3,'Referral Consultations',1),(4,'Certificates',2),(5,'Documents',2),(6,'Cardiovascular & pulmonary physiotherapy',3),(7,'Clinical electrophysiology',3),(8,'Geriatric',3),(9,'Integumentary',3),(10,'Neurological',3),(11,'Orthopedic',3),(12,'Pediatric',3),(13,'Sports',3),(14,'Women\'s health',3),(15,'Palliative care',3),(16,'Endodontics',4),(17,'Oral and Maxillofacial pathology',4),(18,'Oral and Maxillofacial Radiology',4),(19,'Oral and Maxillofacial Surgery ',4),(20,'Orhtodontics',4),(21,'Periodontology',4),(22,'Pediatric Dentistry ',4),(23,'Prosthodontics',4),(24,'Hygienist ',4),(25,'Allergy testing and shots (serum must be provided by your allergist)',5),(26,'Aspiration/incision of abscesses or cysts',5),(27,'Biopsy of skin lesions and moles',5),(28,'Burn treatment',5),(29,'Cryotherapy',5),(30,'Destruction of skin lesions',5),(31,'EKG testing and interpretation',5),(32,'Echocardiogram',5),(33,'Excision of moles for cosmetic or medical reasons',5),(34,'Holter Monitor',5),(35,'Hemorrhoid excision',5),(36,'Injection of medication',5),(37,'Injection of joints',5),(38,'Removal of ear wax',5),(39,'Removal of foreign bodies from ear, nose or skin',5),(40,'Skin biopsies',5),(41,'Shaving of corns or calluses',5),(42,'Spirometry',5),(43,'TB testing',5),(44,'Vaccine administration',5),(45,'Venipuncture blood testing',5),(46,'Wound repair (stitches)',5),(47,'Basic Life Support ',6),(48,'Advanced Life Support ',6),(49,'Plebotomy Services ',7),(50,'Laboratory Services ',7),(51,'X Ray Services',8),(52,'ECG ',8),(53,'EEG',8);

UNLOCK TABLES;

/*Table structure for table `service_type` */

DROP TABLE IF EXISTS `service_type`;

CREATE TABLE `service_type` (
  `code` bigint(50) NOT NULL AUTO_INCREMENT,
  `description` varchar(255) DEFAULT NULL,
  PRIMARY KEY (`code`)
) ENGINE=InnoDB AUTO_INCREMENT=5 DEFAULT CHARSET=latin1;

/*Data for the table `service_type` */

LOCK TABLES `service_type` WRITE;

insert  into `service_type`(`code`,`description`) values (1,'OP Services'),(2,'IP Services'),(3,'Lab Services'),(4,'Radiology Services');

UNLOCK TABLES;

/*Table structure for table `services` */

DROP TABLE IF EXISTS `services`;

CREATE TABLE `services` (
  `service_code` bigint(50) NOT NULL AUTO_INCREMENT,
  `service_name` varchar(255) DEFAULT NULL,
  `service_pneumonic` varchar(255) DEFAULT NULL,
  `service_sub_group_id` bigint(50) DEFAULT NULL,
  PRIMARY KEY (`service_code`),
  KEY `fk_service_sub_group` (`service_sub_group_id`),
  CONSTRAINT `fk_service_sub_group` FOREIGN KEY (`service_sub_group_id`) REFERENCES `service_sub_group` (`code`)
) ENGINE=InnoDB AUTO_INCREMENT=13 DEFAULT CHARSET=latin1;

/*Data for the table `services` */

LOCK TABLES `services` WRITE;

insert  into `services`(`service_code`,`service_name`,`service_pneumonic`,`service_sub_group_id`) values (1,'HAEMOGLOBIN (HB)','HAEMOGLOBIN (HB)',50),(2,'TOTAL COUNT (TC)','TOTAL COUNT (TC)',50),(3,'DIFFERENCIAL COUNT (DC)','DIFFERENCIAL COUNT (DC)',50),(4,'ESR','ESR',50),(5,'BLOOD ROUTINE','BLOOD ROUTINE',50),(6,'PLATELETS COUNT (PC)','PLATELETS COUNT (PC)',50),(7,'RETICULOCYTE COUNT (RC)','RETICULOCYTE COUNT (RC)',50),(8,'BLEEDING TIME (BT)','BLEEDING TIME (BT)',50),(9,'CLOTTING TIME (CT)','CLOTTING TIME (CT)',50),(10,'ABSOLUTE EOSINOPHIL COUNT (AEC)','ABSOLUTE EOSINOPHIL COUNT (AEC)',50),(11,'COMPLETE BLOOD COUNT (CBC)','COMPLETE BLOOD COUNT (CBC)',50),(12,'MALARIAL PARASITE (SMEAR) MP','MALARIAL PARASITE (SMEAR) MP',50);

UNLOCK TABLES;

/*Table structure for table `speciality` */

DROP TABLE IF EXISTS `speciality`;

CREATE TABLE `speciality` (
  `SPECIALITY_CODE` varchar(255) NOT NULL,
  `DESCRIPTION` varchar(255) DEFAULT NULL,
  PRIMARY KEY (`SPECIALITY_CODE`)
) ENGINE=InnoDB DEFAULT CHARSET=latin1;

/*Data for the table `speciality` */

LOCK TABLES `speciality` WRITE;

insert  into `speciality`(`SPECIALITY_CODE`,`DESCRIPTION`) values ('Acupuncturist','Acupuncturist'),('Addiction Psychiatry','Addiction Psychiatry'),('Adolescent Medicine','Adolescent Medicine'),('Aerospace Medicine','Aerospace Medicine'),('Allergist','Allergist'),('Allergy & Immunology','Allergy & Immunology'),('Allopathic physician','Allopathic physician'),('Anatomic & Clinical Pathology','Anatomic & Clinical Pathology'),('Anatomic Pathology','Anatomic Pathology'),('Anesthesiology','Anesthesiology'),('Athletic Trainer','Athletic Trainer'),('Audiologist','Audiologist'),('Ayurvedic medicine specialist','Ayurvedic medicine specialist'),('Bariatric Medicine','Bariatric Medicine'),('Bariatric Surgery','Bariatric Surgery'),('Blood Banking/Transfusion Medicine','Blood Banking/Transfusion Medicine'),('Cardiac electrophysiologist','Cardiac electrophysiologist'),('Cardiac surgeon','Cardiac surgeon'),('Cardiac Surgery','Cardiac Surgery'),('Cardiology','Cardiology'),('Cardiothoracic surgeon','Cardiothoracic surgeon'),('Cardiothoracic Surgery','Cardiothoracic Surgery'),('Cardiovascular surgeon','Cardiovascular surgeon'),('Certified diabetes educator','Certified diabetes educator'),('Certified nursing assistant','Certified nursing assistant'),('Chemical Pathology','Chemical Pathology'),('Chinese medicine specialist','Chinese medicine specialist'),('Chiropractor','Chiropractor'),('Clinical & Laboratory Immunology','Clinical & Laboratory Immunology'),('Clinical Biochemical Genetics','Clinical Biochemical Genetics'),('Clinical Cardiac Electrophysiology','Clinical Cardiac Electrophysiology'),('Clinical Cytogenetics','Clinical Cytogenetics'),('Clinical Genetics','Clinical Genetics'),('Clinical immunologist','Clinical immunologist'),('Clinical Lipidology','Clinical Lipidology'),('Clinical Molecular Genetics','Clinical Molecular Genetics'),('Clinical Neurophysiology','Clinical Neurophysiology'),('Clinical Nurse Specialist','Clinical Nurse Specialist'),('Clinical Pathology','Clinical Pathology'),('Clinical Psychologist','Clinical Psychologist'),('Colon & Rectal Surgery','Colon & Rectal Surgery'),('Colorectal surgeon','Colorectal surgeon'),('Coroner','Coroner'),('Counselor','Counselor'),('Critical Care Medicine','Critical Care Medicine'),('Critical Care Surgery','Critical Care Surgery'),('Cytopathology','Cytopathology'),('Dental hygienist','Dental hygienist'),('Dentist','Dentist'),('Dermatological Immunology/Diagnostic Laboratory','Dermatological Immunology/Diagnostic Laboratory'),('Dermatological surgeon','Dermatological surgeon'),('Dermatology','Dermatology'),('Dermatopathology','Dermatopathology'),('Developmental pediatrician','Developmental pediatrician'),('Diabetes',' Endocrinology & Metabolism'),('Diabetologist','Diabetologist'),('Diagnostic Radiology','Diagnostic Radiology'),('Dietician','Dietician'),('Ear-nose-throat surgeon','Ear-nose-throat surgeon'),('Emergency medical technician','Emergency medical technician'),('Emergency Medicine','Emergency Medicine'),('Emergency medicine specialist','Emergency medicine specialist'),('EMT/Emergency Medical Technician','EMT/Emergency Medical Technician'),('Endocrinologist','Endocrinologist'),('Endocrinology','Endocrinology'),('Endodontics','Endodontics'),('Eye specialists','Eye specialists'),('Facial Plastic Surgery','Facial Plastic Surgery'),('Family and Marriage Counselor','Family and Marriage Counselor'),('Family Practice','Family Practice'),('Family practice physician','Family practice physician'),('Fertility specialist/reproductive endocrinologist','Fertility specialist/reproductive endocrinologist'),('Forensic Medicine/Law Medicine','Forensic Medicine/Law Medicine'),('Forensic Pathology','Forensic Pathology'),('Forensic Psychiatry','Forensic Psychiatry'),('Gastroenterology','Gastroenterology'),('Gastrointestinal surgeon','Gastrointestinal surgeon'),('General Dentistry','General Dentistry'),('General Family Practice','General Family Practice'),('General Medicine (Physician Assistant)','General Medicine (Physician Assistant)'),('General practitioner','General practitioner'),('General surgeon','General surgeon'),('General Surgery','General Surgery'),('Genetic counselor','Genetic counselor'),('Geneticist','Geneticist'),('Geriatric Medicine','Geriatric Medicine'),('Geriatric medicine specialist','Geriatric medicine specialist'),('Geriatric Psychiatry','Geriatric Psychiatry'),('Geriatrics','Geriatrics'),('Gynecologic oncologist','Gynecologic oncologist'),('Gynecological Oncology','Gynecological Oncology'),('Gynecologist','Gynecologist'),('Hand Surgery','Hand Surgery'),('Hearing/Speech Therapist','Hearing/Speech Therapist'),('Hematology','Hematology'),('Hematology/Oncology','Hematology/Oncology'),('Hematopathology','Hematopathology'),('Hepatologist','Hepatologist'),('Holistic medicine specialist','Holistic medicine specialist'),('Home Health Care/Home Nurse','Home Health Care/Home Nurse'),('Homeopath','Homeopath'),('Hospice Care and Palliative Medicine','Hospice Care and Palliative Medicine'),('Hypnotherapist','Hypnotherapist'),('Immunologist','Immunologist'),('Immunopathology','Immunopathology'),('Infectious Disease Medicine','Infectious Disease Medicine'),('Infectious disease specialist','Infectious disease specialist'),('Infectious Diseases','Infectious Diseases'),('Internal Medicine','Internal Medicine'),('Internist','Internist'),('Interventional Cardiology','Interventional Cardiology'),('Iridologist','Iridologist'),('Kinesiotherapist','Kinesiotherapist'),('Laryngologist','Laryngologist'),('Licensed mental health counselor','Licensed mental health counselor'),('Licensed nurse','Licensed nurse'),('Licensed Practical Nurse','Licensed Practical Nurse'),('Massage therapist','Massage therapist'),('Massage Therapist/Masseuse','Massage Therapist/Masseuse'),('Maternal & Fetal Medicine','Maternal & Fetal Medicine'),('Maxillofacial surgeon','Maxillofacial surgeon'),('Medical assistant','Medical assistant'),('Medical examiner','Medical examiner'),('Medical geneticist','Medical geneticist'),('Medical Genetics Ph.D.','Medical Genetics Ph.D.'),('Medical Microbiology','Medical Microbiology'),('Medical oncologist','Medical oncologist'),('Medical Toxicology','Medical Toxicology'),('Midwife','Midwife'),('Molecular Genetic Pathology','Molecular Genetic Pathology'),('Naprapath','Naprapath'),('Naturopath','Naturopath'),('Naturopathic doctor','Naturopathic doctor'),('Neonatal-Perinatal Medicine','Neonatal-Perinatal Medicine'),('Neonatologist','Neonatologist'),('Nephrologist','Nephrologist'),('Nephrology','Nephrology'),('Neurodevelopment Disabilities','Neurodevelopment Disabilities'),('Neurological surgeon/neurosurgeon','Neurological surgeon/neurosurgeon'),('Neurology','Neurology'),('Neuromusculoskeletal Medicine','Neuromusculoskeletal Medicine'),('Neuropathology','Neuropathology'),('Neuropsychologist','Neuropsychologist'),('Neuroradiology','Neuroradiology'),('Neurosurgeon','Neurosurgeon'),('Neurosurgery','Neurosurgery'),('Neurotologist','Neurotologist'),('Nuclear Medicine','Nuclear Medicine'),('Nuclear medicine specialist','Nuclear medicine specialist'),('Nuclear Radiology','Nuclear Radiology'),('Nurse anesthetist','Nurse anesthetist'),('Nurse Midwife','Nurse Midwife'),('Nurse practitioner','Nurse practitioner'),('Obstetrician','Obstetrician'),('Obstetrics & Gynecology','Obstetrics & Gynecology'),('Obstetrics/Gynecology','Obstetrics/Gynecology'),('Occupational Medicine','Occupational Medicine'),('Occupational therapist','Occupational therapist'),('Oncology','Oncology'),('Oncology nurse','Oncology nurse'),('Ophthalmology','Ophthalmology'),('Optometrist','Optometrist'),('Optometrist/Eye Doctor','Optometrist/Eye Doctor'),('Oral & Maxillofacial Surgery','Oral & Maxillofacial Surgery'),('Oral Pathology','Oral Pathology'),('Oral surgeon','Oral surgeon'),('Orthodontist','Orthodontist'),('Orthopaedist','Orthopaedist'),('Orthopedic surgeon','Orthopedic surgeon'),('Orthopedic Surgery','Orthopedic Surgery'),('Orthopedics','Orthopedics'),('Orthoptist','Orthoptist'),('Orthotic technician','Orthotic technician'),('Orthotist','Orthotist'),('Osteopathic physician','Osteopathic physician'),('Otolaryngologist/ear nose throat specialist','Otolaryngologist/ear nose throat specialist'),('Otolaryngology','Otolaryngology'),('Otologist','Otologist'),('Otology/Neurotology','Otology/Neurotology'),('Pain management specialist','Pain management specialist'),('Pain Medicine','Pain Medicine'),('Pathologist','Pathologist'),('Pediatric Allergy and Immunology','Pediatric Allergy and Immunology'),('Pediatric Cardiology','Pediatric Cardiology'),('Pediatric Critical Care Medicine','Pediatric Critical Care Medicine'),('Pediatric Dentistry','Pediatric Dentistry'),('Pediatric Dermatology','Pediatric Dermatology'),('Pediatric Developmental Behavioral Health','Pediatric Developmental Behavioral Health'),('Pediatric Emergency Medicine','Pediatric Emergency Medicine'),('Pediatric Endocrinology','Pediatric Endocrinology'),('Pediatric Gastroenterology','Pediatric Gastroenterology'),('Pediatric hematologist','Pediatric hematologist'),('Pediatric Hematology/Oncology','Pediatric Hematology/Oncology'),('Pediatric Infectious Disease Medicine','Pediatric Infectious Disease Medicine'),('Pediatric Medical Toxicology','Pediatric Medical Toxicology'),('Pediatric Nephrology','Pediatric Nephrology'),('Pediatric Neurology','Pediatric Neurology'),('Pediatric Neurosurgery','Pediatric Neurosurgery'),('Pediatric oncologist','Pediatric oncologist'),('Pediatric Otolaryngology','Pediatric Otolaryngology'),('Pediatric Pathology','Pediatric Pathology'),('Pediatric Pulmonology','Pediatric Pulmonology'),('Pediatric Radiology','Pediatric Radiology'),('Pediatric Rehabilitation','Pediatric Rehabilitation'),('Pediatric Rheumatology','Pediatric Rheumatology'),('Pediatric Sports Medicine','Pediatric Sports Medicine'),('Pediatric Surgery','Pediatric Surgery'),('Pediatric/Adolescent Psychiatry','Pediatric/Adolescent Psychiatry'),('Pediatrician','Pediatrician'),('Pediatrics','Pediatrics'),('Perfusionist','Perfusionist'),('Perinatologist','Perinatologist'),('Periodontics','Periodontics'),('Pharmacist','Pharmacist'),('Physiatrist','Physiatrist'),('Physical Medicine & Rehabilitation','Physical Medicine & Rehabilitation'),('Physical therapist','Physical therapist'),('Physician Assistant (General Medicine)','Physician Assistant (General Medicine)'),('Physician\'s assistant','Physician\'s assistant'),('Physiotherapist','Physiotherapist'),('Plastic surgeon','Plastic surgeon'),('Plastic Surgery','Plastic Surgery'),('Plastic Surgery within the Head & Neck','Plastic Surgery within the Head & Neck'),('Podiatric Surgery','Podiatric Surgery'),('Podiatrist','Podiatrist'),('Preventive Medicine','Preventive Medicine'),('Preventive medicine specialist','Preventive medicine specialist'),('Proctology','Proctology'),('Prosthetic technician','Prosthetic technician'),('Prosthetic Technician/Orthotic Technician','Prosthetic Technician/Orthotic Technician'),('Prosthetist','Prosthetist'),('Prosthodontics','Prosthodontics'),('Psychiatry','Psychiatry'),('Psychologist','Psychologist'),('Psychosomatic Medicine','Psychosomatic Medicine'),('Psychotherapist','Psychotherapist'),('Public Health','Public Health'),('Public Health Dentistry','Public Health Dentistry'),('Pulmonary Function Technologist','Pulmonary Function Technologist'),('Pulmonology','Pulmonology'),('Radiation oncologist','Radiation oncologist'),('Radiation Oncology','Radiation Oncology'),('Radioisotopic Pathology','Radioisotopic Pathology'),('Radiological Physics','Radiological Physics'),('Radiology','Radiology'),('Registered dietitian/nutritionist','Registered dietitian/nutritionist'),('Registered nurse','Registered nurse'),('Rehabilitation',' Occupational & Physical Therapists'),('Reiki practitioner','Reiki practitioner'),('Reproductive Endocrinology & Infertility','Reproductive Endocrinology & Infertility'),('Respiratory therapist','Respiratory therapist'),('Rheumatology','Rheumatology'),('Rhinologist','Rhinologist'),('Sleep disorder specialist','Sleep disorder specialist'),('Sleep Medicine','Sleep Medicine'),('Social worker','Social worker'),('Sonographer','Sonographer'),('Speech pathologist','Speech pathologist'),('Speech Pathologist/Therapist','Speech Pathologist/Therapist'),('Speech-language pathologist','Speech-language pathologist'),('Spinal Cord Injury Medicine','Spinal Cord Injury Medicine'),('Sports Medicine','Sports Medicine'),('Sports medicine specialist','Sports medicine specialist'),('Substance Abuse Counselor/Drug Counselor','Substance Abuse Counselor/Drug Counselor'),('Surgeon','Surgeon'),('Surgical Assistant','Surgical Assistant'),('Surgical oncologist','Surgical oncologist'),('Thoracic Surgery','Thoracic Surgery'),('Transplant Hepatology','Transplant Hepatology'),('Transplant surgeon','Transplant surgeon'),('Undersea & Hyperbaric Medicine','Undersea & Hyperbaric Medicine'),('Urogynecologist','Urogynecologist'),('Urologic oncologist','Urologic oncologist'),('Urological Surgery','Urological Surgery'),('Urology','Urology'),('Vascular & Interventional Radiology','Vascular & Interventional Radiology'),('Vascular Neurology','Vascular Neurology'),('Vascular surgeon','Vascular surgeon');

UNLOCK TABLES;

/*Table structure for table `tenant` */

DROP TABLE IF EXISTS `tenant`;

CREATE TABLE `tenant` (
  `tenant_id` varchar(255) NOT NULL,
  `created_tx_timestamp` datetime DEFAULT NULL,
  `jdbc_password` varchar(255) DEFAULT NULL,
  `jdbc_url` varchar(255) DEFAULT NULL,
  `jdbc_username` varchar(255) DEFAULT NULL,
  `updated_tx_timestamp` datetime DEFAULT NULL,
  `is_enabled` bit(1) NOT NULL,
  `tenant_name` varchar(255) DEFAULT NULL,
  PRIMARY KEY (`tenant_id`)
) ENGINE=InnoDB DEFAULT CHARSET=latin1;

/*Data for the table `tenant` */

LOCK TABLES `tenant` WRITE;

insert  into `tenant`(`tenant_id`,`created_tx_timestamp`,`jdbc_password`,`jdbc_url`,`jdbc_username`,`updated_tx_timestamp`,`is_enabled`,`tenant_name`) values ('1','2015-04-01 08:21:24','welcome','jdbc:mysql://127.0.0.1/test_labOne?rewriteBatchedStatements=true&amp;createDatabaseIfNotExist=true&amp;characterEncoding=UTF-8&amp;characterSetResults=UTF-8','root',NULL,'\0',NULL),('10','2015-04-01 08:21:24','welcome','jdbc:mysql://127.0.0.1/test_pharmacy?rewriteBatchedStatements=true&amp;createDatabaseIfNotExist=true&amp;characterEncoding=UTF-8&amp;characterSetResults=UTF-8','root',NULL,'\0',NULL),('2','2015-04-01 08:21:24','welcome','jdbc:mysql://127.0.0.1/test_pharma?rewriteBatchedStatements=true&amp;createDatabaseIfNotExist=true&amp;characterEncoding=UTF-8&amp;characterSetResults=UTF-8','root',NULL,'\0',NULL),('3','2015-04-01 08:21:24','welcome','jdbc:mysql://127.0.0.1/test_pharmaOne?rewriteBatchedStatements=true&amp;createDatabaseIfNotExist=true&amp;characterEncoding=UTF-8&amp;characterSetResults=UTF-8','root',NULL,'\0',NULL),('4','2015-04-01 08:21:24','welcome',NULL,'root',NULL,'\0',NULL),('5','2015-04-01 08:21:24','welcome',NULL,'root',NULL,'\0',NULL),('6','2015-04-01 08:21:24','welcome',NULL,'root',NULL,'\0',NULL),('7','2015-04-01 08:21:24','welcome',NULL,'root',NULL,'\0',NULL),('8','2015-04-01 08:21:24','welcome','jdbc:mysql://127.0.0.1/test_clinic?rewriteBatchedStatements=true&amp;createDatabaseIfNotExist=true&amp;characterEncoding=UTF-8&amp;characterSetResults=UTF-8','root',NULL,'\0',NULL),('9','2015-04-01 08:21:24','welcome','jdbc:mysql://127.0.0.1/test_lab?rewriteBatchedStatements=true&amp;createDatabaseIfNotExist=true&amp;characterEncoding=UTF-8&amp;characterSetResults=UTF-8','root',NULL,'\0',NULL);

UNLOCK TABLES;

/*Table structure for table `users` */

DROP TABLE IF EXISTS `users`;

CREATE TABLE `users` (
  `username` varchar(45) NOT NULL,
  `password` varchar(45) NOT NULL,
  `enabled` tinyint(4) NOT NULL DEFAULT '1',
  PRIMARY KEY (`username`)
) ENGINE=InnoDB DEFAULT CHARSET=latin1;

/*Data for the table `users` */

LOCK TABLES `users` WRITE;

insert  into `users`(`username`,`password`,`enabled`) values ('admin','admin',1);
UNLOCK TABLES;

DROP TABLE IF EXISTS `civil_data`;

CREATE TABLE `civil_data` (
  `civil_id` varchar(255) NOT NULL,
  `first_name` varchar(255) DEFAULT NULL,
  `middle_name` varchar(255) DEFAULT NULL,
  `last_name` varchar(255) DEFAULT NULL,
  `end_most_name` varchar(255) DEFAULT NULL,
  `nationality` varchar(255) DEFAULT NULL,
  `gender` varchar(255) DEFAULT NULL,
  `date_of_birth` date DEFAULT NULL,
  `blood_group` varchar(255) DEFAULT NULL,
  `rh` varchar(255) DEFAULT NULL,
  `card_type` varchar(255) DEFAULT NULL,
  `card_issued_date` date DEFAULT NULL,
  `card_expired_date` date DEFAULT NULL,
  `email_id` varchar(255) DEFAULT NULL,
  `mobile_number` varchar(255) DEFAULT NULL,
  `telephone_number` varchar(255) DEFAULT NULL,
  `address` varchar(255) DEFAULT NULL,
  `city` varchar(255) DEFAULT NULL,
  `state` varchar(255) DEFAULT NULL,
  `country` varchar(255) DEFAULT NULL,
  PRIMARY KEY (`civil_id`)
) ENGINE=InnoDB DEFAULT CHARSET=latin1;

DROP TABLE IF EXISTS `patient_corporate`;

CREATE TABLE `patient_corporate` (
  `id` bigint(30) NOT NULL AUTO_INCREMENT,
  `corporate_id` varchar(255) DEFAULT NULL,
  `corporate_plan_id` varchar(255) DEFAULT NULL,
  `corporate_name` varchar(255) DEFAULT NULL,
  `corporate_plan_name` varchar(255) DEFAULT NULL,
  `contact_name` varchar(255) DEFAULT NULL,
  `landline` varchar(255) DEFAULT NULL,
  `employee_id` varchar(255) DEFAULT NULL,
  `employee_role` varchar(255) DEFAULT NULL,
  `afya_id` varchar(255) DEFAULT NULL,
  PRIMARY KEY (`id`),
  KEY `fk_patient_corporate` (`afya_id`),
  CONSTRAINT `fk_patient_corporate` FOREIGN KEY (`afya_id`) REFERENCES `patient` (`afya_id`)
) ENGINE=InnoDB DEFAULT CHARSET=latin1;

DROP TABLE IF EXISTS `patient_insurance`;

CREATE TABLE `patient_insurance` (
  `id` bigint(20) NOT NULL AUTO_INCREMENT,
  `insurance_provider_id` varchar(255) DEFAULT NULL,
  `insurance_plan_id` varchar(255) DEFAULT NULL,
  `insurance_name` varchar(255) DEFAULT NULL,
  `plan_name` varchar(255) DEFAULT NULL,
  `patient_plan_id` varchar(255) DEFAULT NULL,
  `patient_registration_no` varchar(255) DEFAULT NULL,
  `afya_id` varchar(255) DEFAULT NULL,
  PRIMARY KEY (`id`),
  KEY `fk_patient_insurance` (`afya_id`),
  CONSTRAINT `fk_patient_insurance` FOREIGN KEY (`afya_id`) REFERENCES `patient` (`afya_id`)
) ENGINE=InnoDB DEFAULT CHARSET=latin1;


DROP TABLE IF EXISTS `hospital`;

CREATE TABLE `hospital` (
  `hospital_id` VARCHAR(255) NOT NULL,
  `accr_number` VARCHAR(255) DEFAULT NULL,
  `additional_address` VARCHAR(255) DEFAULT NULL,
  `address` VARCHAR(255) DEFAULT NULL,
  `country` VARCHAR(255) DEFAULT NULL,
  `postal_code` VARCHAR(255) DEFAULT NULL,
  `state` VARCHAR(255) DEFAULT NULL,
  `admin_first_name` VARCHAR(255) DEFAULT NULL,
  `admin_last_name` VARCHAR(255) DEFAULT NULL,
  `hospital_name` VARCHAR(255) DEFAULT NULL,
  `drug_licence` VARCHAR(255) DEFAULT NULL,
  `fax_number` VARCHAR(255) DEFAULT NULL,
  `latitude` VARCHAR(255) DEFAULT NULL,
  `location` VARCHAR(255) DEFAULT NULL,
  `longitude` VARCHAR(255) DEFAULT NULL,
  `office_phone_number` VARCHAR(255) DEFAULT NULL,
  `pan_number` VARCHAR(255) DEFAULT NULL,
  `service_tax_number` VARCHAR(255) DEFAULT NULL,
  `valid_from` DATE DEFAULT NULL,
  `valid_to` DATE DEFAULT NULL,
  `tenant_id` VARCHAR(255) DEFAULT NULL,
  PRIMARY KEY (`hospital_id`),
  KEY `FK_hospital_tenant` (`tenant_id`),
  CONSTRAINT `FK_hospital_tenant` FOREIGN KEY (`tenant_id`) REFERENCES `tenant` (`tenant_id`)
) ENGINE=INNODB DEFAULT CHARSET=latin1;

DROP TABLE IF EXISTS `corporate_master`;

create table `corporate_master` (
	`CORPORATE_CODE` bigint (20),
	`CORPORATE_NAME` varchar (765),
	`CORPORATE_SHORT_NAME` varchar (765),
	`MODE_OF_CLAIM` varchar (765),
	`CONTACT_NAME` varchar (765),
	`ADDRESS1` varchar (765),
	`ADDRESS2` varchar (765),
	`DESIGNATION` varchar (765),
	`ISD_CODE` varchar (765),
	`PHONE_NO_1` varchar (765),
	`PHONE_NO_2` varchar (765),
	`PLACE` varchar (765),
	`GOVERNORATE` varchar (765),
	`PIN_CODE` varchar (765),
	`COUNTRY_ID` varchar (765),
	`FAX_NO` varchar (765),
	`EMAIL` varchar (765),
	`WEBSITE` varchar (765)
) ENGINE=InnoDB DEFAULT CHARSET=utf8;

/*Data for the table `corporate_master` */

LOCK TABLES `corporate_master` WRITE;

insert into `corporate_master` (`CORPORATE_CODE`, `CORPORATE_NAME`, `CORPORATE_SHORT_NAME`, `MODE_OF_CLAIM`, `CONTACT_NAME`, `ADDRESS1`, `ADDRESS2`, `DESIGNATION`, `ISD_CODE`, `PHONE_NO_1`, `PHONE_NO_2`, `PLACE`, `GOVERNORATE`, `PIN_CODE`, `COUNTRY_ID`, `FAX_NO`, `EMAIL`, `WEBSITE`) values('1','Infosys','Infy','OneTime','James','Al Farah',NULL,NULL,NULL,NULL,NULL,NULL,NULL,NULL,NULL,NULL,NULL,NULL);

UNLOCK TABLES;

DROP TABLE IF EXISTS `corporate_services`;

CREATE TABLE `corporate_services` (
  `SERVICE_ID` varchar(255) DEFAULT NULL,
  `CORPORATE_CODE` bigint(255) DEFAULT NULL,
  KEY `fk_corporate` (`CORPORATE_CODE`),
  KEY `fk_corporate_service` (`SERVICE_ID`),
  CONSTRAINT `fk_corporate` FOREIGN KEY (`CORPORATE_CODE`) REFERENCES `corporate_master` (`CORPORATE_CODE`),
  CONSTRAINT `fk_corporate_service` FOREIGN KEY (`SERVICE_ID`) REFERENCES `patient_services` (`ID`)
) ENGINE=InnoDB DEFAULT CHARSET=latin1;

/*Data for the table `corporate_services` */

LOCK TABLES `corporate_services` WRITE;

INSERT INTO `corporate_services` VALUES
('1','1'),
('2','1'),
('3','1');
UNLOCK TABLES;

DROP TABLE IF EXISTS `corporate_plan_master`;

CREATE TABLE `corporate_plan_master` (
  `PLAN_CODE` varchar(255) NOT NULL,
  `PLAN_NAME` varchar(255) DEFAULT NULL,
  `PLAN_PROVIDER` bigint(20) DEFAULT NULL,
  PRIMARY KEY (`PLAN_CODE`),
  KEY `fk_corporate_plan` (`PLAN_PROVIDER`),
  CONSTRAINT `fk_corporate_plan` FOREIGN KEY (`PLAN_PROVIDER`) REFERENCES `corporate_master` (`CORPORATE_CODE`)
) ENGINE=InnoDB DEFAULT CHARSET=latin1;


/*Data for the table `corporate_plan_master` */

LOCK TABLES `corporate_plan_master` WRITE;

INSERT INTO `corporate_plan_master` VALUES('1', 'Plan A', 1);

UNLOCK TABLES;

CREATE TABLE `benefit_plan` (
  `ID` bigint(20) NOT NULL AUTO_INCREMENT,
  `BENEFIT_NAME` varchar(255) NOT NULL,
  `AGE` varchar(10) DEFAULT NULL,
  `RELATION` varchar(100) DEFAULT NULL,
  `GENDER` varchar(100) DEFAULT NULL,
  `HEALTH_POLICY_ID` bigint(20) NOT NULL,
  PRIMARY KEY (`ID`),
  UNIQUE KEY `UNQ_BENEFIT` (`BENEFIT_NAME`,`HEALTH_POLICY_ID`,`RELATION`),
  KEY `benefit_health_policy` (`HEALTH_POLICY_ID`),
  CONSTRAINT `benefit_health_policy` FOREIGN KEY (`HEALTH_POLICY_ID`) REFERENCES `health_policy` (`ID`)
) ENGINE=InnoDB AUTO_INCREMENT=555 DEFAULT CHARSET=utf8


ALTER TABLE benefit_plan ADD GENDER VARCHAR(100) AFTER BENEFIT_NAME;
ALTER TABLE benefit_plan ADD RELATION VARCHAR(100) AFTER BENEFIT_NAME;
ALTER TABLE benefit_plan ADD AGE VARCHAR(10) AFTER BENEFIT_NAME;

DROP VIEW IF EXISTS `group_insurance_plan_details`;

CREATE OR REPLACE
    /*[ALGORITHM = {UNDEFINED | MERGE | TEMPTABLE}]
    [DEFINER = { user | CURRENT_USER }]
    [SQL SECURITY { DEFINER | INVOKER }]*/
    VIEW `group_insurance_plan_details`
    AS
(SELECT ig.insured_group_id AS insuredGroupId, ig.plan_start_date AS planStartDate, ig.plan_end_date AS planEndDate,
ig.policy_no AS policyNumber, p.insurance_code AS insuranceCode, p.insurance_name AS insuranceName, p.id,
p.payer_type AS payerType, p.`INSURANCE_SHORT_NAME` AS insuranceShortName,
p.`AUTHORIZATION_NO` AS authorizationNumber, p.`STATUTORY_INFO` AS statutoryInfo, p.`MODE_OF_CLAIM` AS modeOfClaim,
p.`CONTACT_NAME` AS contactName, p.`ADDRESS1` AS address1, p.`ADDRESS2` AS address2, p.`STATE_ID` AS stateId,
p.`DISTRICT_ID` AS districtId, p.`PINCODE` AS pincode, p.`COUNTRY_ID` AS countryId, p.`FAX_NO` AS faxNo, p.`EMAIL` AS emailId,
p.`WEBSITE` AS website, p.`PO_BOX_NO` AS poBoxNumber, hp.id AS healthPolicyId, hp.policy_name AS healthPolicyName,
bp.`ID` AS benefitPlanId, bp.`BENEFIT_NAME` AS benefitPlan,`bp`.`AGE` AS `age`,
`bp`.`RELATION` AS `relation`,`bp`.`GENDER` AS `gender`
FROM insured_group ig JOIN payer p ON ig.payer_id = p.id JOIN `health_policy` hp
ON ig.health_policy_id = hp.id JOIN `benefit_plan` bp ON  ig.health_policy_id  = bp.health_policy_id);

ALTER TABLE `module_service_assoc`
ADD `copay_amount` DECIMAL(19,4) DEFAULT NULL,
ADD `copay_percentage` DECIMAL(19,4) DEFAULT NULL,
ADD `deductable_amount` DECIMAL(19,4) DEFAULT NULL,
ADD `deductable_percentage` DECIMAL(19,4) DEFAULT NULL,
ADD `authorization` TINYINT(1) DEFAULT NULL,
ADD `authorization_inclusive_consultation` TINYINT(1) DEFAULT NULL,
ADD `authorization_amount` DECIMAL(19,4) DEFAULT NULL,
ADD `authorization_required_consultation` TINYINT(1) DEFAULT NULL,
ADD compute_by VARCHAR(255) DEFAULT NULL;

ALTER TABLE `modules`
ADD `copay_amount` DECIMAL(19,4) DEFAULT NULL,
ADD `copay_percentage` DECIMAL(19,4) DEFAULT NULL,
ADD `deductable_amount` DECIMAL(19,4) DEFAULT NULL,
ADD `deductable_percentage` DECIMAL(19,4) DEFAULT NULL,
ADD `authorization` TINYINT(1) DEFAULT NULL,
ADD `authorization_inclusive_consultation` TINYINT(1) DEFAULT NULL,
ADD `authorization_amount` DECIMAL(19,4) DEFAULT NULL,
ADD `authorization_required_consultation` TINYINT(1) DEFAULT NULL,
ADD compute_by VARCHAR(255) DEFAULT NULL;

DROP VIEW IF EXISTS `module_service_details`;

CREATE OR REPLACE
    /*[ALGORITHM = {UNDEFINED | MERGE | TEMPTABLE}]
    [DEFINER = { user | CURRENT_USER }]
    [SQL SECURITY { DEFINER | INVOKER }]*/
    VIEW `module_service_details`
    AS
(SELECT sm.id AS serviceId, sm.service_name AS serviceName, sm.parent_id AS parentId, sm.code AS serviceCode, sm.op_service AS
opService, m.id AS moduleId, m.MODULE_NAME AS moduleName, m.SUM_INSURED AS sumAssured, m.FROM_AGE AS fromAge, m.HEALTH_POLICY_ID AS healthPolicyId,
m.TO_AGE AS toAge, m.PRE_HOSPITALISATION_LIMIT AS preHospitalisationLimit, m.PRE_HOSPITALISATION_DAYS AS
preHospitalisationDays, m.POST_HOSPITALISATION_LIMIT AS postHospitalisationLimit, m.POST_HOSPITALISATION_DAYS AS
postHospitalisationDays, m.WAITING_PERIOD AS waitingPeriod, m.EXCLUSIONPERIOD AS exclusionPeriod, m.SPECIAL_CLAUSE AS
specialClause, m.SPECIAL_EXCLUSIONS AS specialExclusions, m.NOTES AS notes, m.IS_MATERNITY AS isMaternity, m.IS_ACTIVE AS isActive, m.copay_amount AS copayAmount, m.copay_percentage AS copayPercentage, m.deductable_amount AS deductableAmount,
m.deductable_percentage AS deductablePercentage, m.authorization AS authorization, m.authorization_inclusive_consultation
AS authorizationInclusiveConsultation,m.authorization_amount AS authorizationAmount, m.authorization_required_consultation
AS authorizationRequiredConsultation, m.compute_by AS computeBy  FROM `modules` m JOIN `module_service_assoc` msa ON
msa.module_id = m.id JOIN `service_master` sm ON sm.id = msa.service_id);


/*!40101 SET SQL_MODE=@OLD_SQL_MODE */;
/*!40014 SET FOREIGN_KEY_CHECKS=@OLD_FOREIGN_KEY_CHECKS */;
/*!40014 SET UNIQUE_CHECKS=@OLD_UNIQUE_CHECKS */;
/*!40111 SET SQL_NOTES=@OLD_SQL_NOTES */;


CREATE TABLE `entity_sequence` (
    `sequence_name` varchar(100) NOT NULL,
    `sequence_increment` int(11) unsigned NOT NULL DEFAULT 1,
    `sequence_min_value` int(11) unsigned NOT NULL DEFAULT 1,
    `sequence_max_value` bigint(20) unsigned NOT NULL DEFAULT 18446744073709551615,
    `sequence_cur_value` bigint(20) unsigned DEFAULT 1,
    PRIMARY KEY (`sequence_name`)
) ENGINE=InnoDB DEFAULT CHARSET=utf8;

INSERT INTO entity_sequence (sequence_name, sequence_increment, sequence_cur_value) VALUE('patient_sequence', 1,0);

/*DELIMITER $$

CREATE FUNCTION `nextval` (`seq_name` VARCHAR(100))
RETURNS BIGINT(20)  DETERMINISTIC
BEGIN
DECLARE cur_val BIGINT(20);
    SELECT
        sequence_cur_value INTO cur_val
    FROM
        entity_sequence
    WHERE
        sequence_name = seq_name;

IF cur_val IS NOT NULL THEN
        UPDATE
            entity_sequence
        SET
            sequence_cur_value = IF (
                (sequence_cur_value + sequence_increment) > sequence_max_value,
                IF (
                    sequence_cycle = TRUE,
                    sequence_min_value,
                    NULL
                ),
                sequence_cur_value + sequence_increment
            )
        WHERE
            sequence_name = seq_name;
    END IF;

    RETURN cur_val;
END;*/
UNLOCK TABLES;

DROP TABLE IF EXISTS `his_module`;
CREATE TABLE `his_module` (
  `id` bigint(20) NOT NULL AUTO_INCREMENT,
  `benefit_name` varchar(255) DEFAULT NULL,
  PRIMARY KEY (`id`)
);

LOCK TABLES `his_module` WRITE;

INSERT INTO `his_module`(`benefit_name`) VALUES
('Health Checkup'),
('Chronic'),
('Dental'),
('Maternity'),
('Optic'),
('Vaccination'),
('None of the above');

UNLOCK TABLES;

ALTER TABLE `modules`
MODIFY `copay_amount` DECIMAL(19,3),
MODIFY `copay_percentage` DECIMAL(19,3),
MODIFY `deductable_amount` DECIMAL(19,3),
MODIFY `deductable_percentage` DECIMAL(19,3),
MODIFY `authorization_amount` DECIMAL(19,3);

ALTER TABLE `module_service_assoc`
MODIFY `copay_amount` DECIMAL(19,3),
MODIFY `copay_percentage` DECIMAL(19,3),
MODIFY `deductable_amount` DECIMAL(19,3),
MODIFY `deductable_percentage` DECIMAL(19,3),
MODIFY `authorization_amount` DECIMAL(19,3);

ALTER TABLE modules ADD COLUMN his_benefit_id BIGINT(20);
ALTER TABLE `modules` ADD CONSTRAINT `his_benefit_id` FOREIGN KEY (`his_benefit_id`) REFERENCES `afya_portal`.`his_module`(`id`);

SELECT m.id AS moduleId, COALESCE(m.copay_amount, 0) AS copayAmount, IFNULL(m.copay_percentage, 0)AS copayPercentage, COALESCE(m.deductable_amount,0)
AS deductableAmount, IFNULL(m.deductable_percentage, 0) AS deductablePercentage, COALESCE(m.authorization_amount, 0) AS
authorizationAmount, IFNULL(m.authorization, TRUE) AS authorization, m.authorization_inclusive_consultation AS authorizationInclusiveConsultation,
m.authorization_required_consultation
AS authorizationRequiredConsultation, m.compute_by AS computeBy FROM `modules` m JOIN
benefit_module_assoc A ON m.`ID`=A.`MODULE_ID` WHERE m.`his_benefit_id`='1' AND A.`BENEFIT_ID`=548;


DROP TABLE IF EXISTS `city`;

CREATE TABLE `city` (
  `id` bigint(20) NOT NULL AUTO_INCREMENT,
  `city` varchar(255) DEFAULT NULL,
  `city_arabic` varchar(255) DEFAULT NULL,
  `city_code` varchar(255) DEFAULT NULL,
  PRIMARY KEY (`id`)
) ENGINE=InnoDB DEFAULT CHARSET=utf8;

DROP TABLE IF EXISTS `state`;

CREATE TABLE `state` (
  `id` bigint(20) NOT NULL AUTO_INCREMENT,
  `state` varchar(255) DEFAULT NULL,
  `state_code` varchar(255) DEFAULT NULL,
  PRIMARY KEY (`id`)
) ENGINE=InnoDB DEFAULT CHARSET=utf8;

DROP TABLE IF EXISTS `country`;

CREATE TABLE `country` (
  `id` bigint(20) NOT NULL AUTO_INCREMENT,
  `country` varchar(255) DEFAULT NULL,
  `country_code` varchar(255) DEFAULT NULL,
  PRIMARY KEY (`id`)
) ENGINE=InnoDB DEFAULT CHARSET=utf8;

DROP TABLE IF EXISTS `city_state_assoc`;

CREATE TABLE `city_state_assoc` (
  `city_id` bigint(20) DEFAULT NULL,
  `state_id` bigint(20) DEFAULT NULL,
  KEY `city_fk` (`city_id`),
  KEY `state_fk` (`state_id`),
  CONSTRAINT `city_fk` FOREIGN KEY (`city_id`) REFERENCES `city` (`id`),
  CONSTRAINT `state_fk` FOREIGN KEY (`state_id`) REFERENCES `state` (`id`)
) ENGINE=InnoDB DEFAULT CHARSET=utf8;

DROP TABLE IF EXISTS `state_country_assoc`;

CREATE TABLE `state_country_assoc` (
  `state_id` bigint(20) DEFAULT NULL,
  `country_id` bigint(20) DEFAULT NULL,
  KEY `state_country_fk` (`state_id`),
  KEY `country_state_fk` (`country_id`),
  CONSTRAINT `state_country_fk` FOREIGN KEY (`state_id`) REFERENCES `state` (`id`),
  CONSTRAINT `country_state_fk` FOREIGN KEY (`country_id`) REFERENCES `country` (`id`)
) ENGINE=InnoDB DEFAULT CHARSET=utf8;

INSERT INTO city(city) VALUES
('Abu Halifa'),
('Ahmadi'),
('Fahaheel'),
('Peace'),
('Paradise'),
('Zahra'),
('Granda'),
('Fayhaa'),
('Dasman'),
('Salmiya'),
('Salwa'),
('Adan'),
('East Consort'),
('Subhan'),
('Al Sharq');

INSERT INTO state(state) VALUES
('Al Ahmadi'),
('Al Farwaniyah'),
('Al Jahra'),
('Hawalli'),
('Mubarak Al Kabeer'),
('Kuwait City');

INSERT INTO country(country) VALUES('Kuwait');
INSERT INTO state_country_assoc(state_id, country_id) VALUES
('1','1'),
('2','1'),
('3','1'),
('4','1'),
('5','1'),
('6','1');
INSERT INTO city_state_assoc(city_id, state_id) VALUES
('1','1'),
('2','1'),
('3','1'),
('4','2'),
('5','2'),
('6','2'),
('7','3'),
('8','3'),
('9','3'),
('10','4'),
('11','4'),
('12','5'),
('13','5'),
('14','5'),
('15','6');

DROP VIEW IF EXISTS `city_state_country`;

CREATE
    /*[ALGORITHM = {UNDEFINED | MERGE | TEMPTABLE}]
    [DEFINER = { user | CURRENT_USER }]
    [SQL SECURITY { DEFINER | INVOKER }]*/
    VIEW `city_state_country`
    AS
(SELECT c.id AS cityId,c.city,c.city_code AS cityCode,s.id AS stateId,s.state, s.state_code AS stateCode, cn.id AS countryId,
cn.country, cn.country_code AS countryCode FROM city c JOIN city_state_assoc csa ON c.id = csa.city_id JOIN state s
ON s.id= csa.state_id JOIN state_country_assoc sca ON sca.state_id = s.id JOIN country cn ON sca.country_id = cn.id);

DROP TABLE IF EXISTS `nationality`;

CREATE TABLE `nationality` (
  `id` BIGINT(20) NOT NULL AUTO_INCREMENT,
  `nationality` VARCHAR(255) DEFAULT NULL,
  PRIMARY KEY (`id`)
) ENGINE=INNODB AUTO_INCREMENT=1 DEFAULT CHARSET=utf8;

INSERT INTO nationality(nationality) VALUES
('Afghans'),
('Albanians'),
('Algerians'),
('Americans'),
('Andorrans'),
('Angolans'),
('Argentines'),
('Armenians'),
('Aromanians'),
('Arubans'),
('Australians'),
('Austrians'),
('Azeris'),
('Bahamians'),
('Bahrainis'),
('Bangladeshis'),
('Barbadians'),
('Belarusians'),
('Belgians'),
('Belizeans'),
('Bermudians'),
('Boers'),
('Bosniaks'),
('Brazilians'),
('Bretons'),
('British'),
('British Virgin Islanders'),
('Bulgarians'),
('Burmeses'),
('Macedonian Bulgarians'),
('Burkinabs'),
('Burundians'),
('Cambodians'),
('Cameroonians'),
('Canadians'),
('Catalans'),
('Cape Verdeans'),
('Chadians'),
('Chileans'),
('Chinese'),
('Colombians'),
('Comorians'),
('Congolese'),
('Croatians'),
('Cubans'),
('Cypriots'),
('Turkish Cypriots'),
('Czechs'),
('Danes'),
('Dominicans (Republic)'),
('Dominicans (Commonwealth)'),
('Dutch'),
('East Timorese'),
('Ecuadorians'),
('Egyptians'),
('Emiratis'),
('English'),
('Eritreans'),
('Estonians'),
('Ethiopians'),
('Faroese'),
('Finns'),
('Finnish Swedish'),
('Fijians'),
('Filipinos'),
('French citizens'),
('Georgians'),
('Germans'),
('Baltic Germans'),
('Ghanaians'),
('Gibraltar'),
('Greeks'),
('Greek Macedonians'),
('Grenadians'),
('Guatemalans'),
('Guianese (French)'),
('Guineans'),
('Guinea-Bissau nationals'),
('Guyanese'),
('Haitians'),
('Hondurans'),
('Hong Kong'),
('Hungarians'),
('Icelanders'),
('Indians'),
('Indonesians'),
('Iranians (Persians)'),
('Iraqis'),
('Irish'),
('Israelis'),
('Italians'),
('Ivoirians'),
('Jamaicans'),
('Japanese'),
('Jordanians'),
('Kazakhs'),
('Kenyans'),
('Koreans'),
('Kosovo Albanians'),
('Kurds'),
('Kuwaitis'),
('Lao'),
('Latvians'),
('Lebanese'),
('Liberians'),
('Libyans'),
('Liechtensteiners'),
('Lithuanians'),
('Luxembourgers'),
('Macedonians'),
('Malagasy'),
('Malaysians'),
('Malawians'),
('Maldivians'),
('Malians'),
('Maltese'),
('Manx'),
('Mauritians'),
('Mexicans'),
('Moldovans'),
('Moroccans'),
('Mongolians'),
('Montenegrins'),
('Namibians'),
('Nepalese'),
('New Zealanders'),
('Nicaraguans'),
('Nigeriens'),
('Nigerians'),
('Norwegians'),
('Pakistanis'),
('Palauans'),
('Palestinians'),
('Panamanians'),
('Papua New Guineans'),
('Paraguayans'),
('Peruvians'),
('Poles'),
('Portuguese'),
('Puerto Ricans'),
('Quebecers'),
('Runionnais'),
('Romanians'),
('Russians'),
('Baltic Russians'),
('Rwandans'),
('Salvadorans'),
('So Tom and Prncipe'),
('Saudis'),
('Scots'),
('Senegalese'),
('Serbs'),
('Sierra Leoneans'),
('Singaporeans'),
('Sindhian'),
('Slovaks'),
('Slovenes'),
('Somalis'),
('South Africans'),
('Spaniards'),
('Sri Lankans'),
('St Lucians'),
('Sudanese'),
('Surinamese'),
('Swedes'),
('Swiss'),
('Syrians'),
('Taiwanese'),
('Tanzanians'),
('Thais'),
('Tibetans'),
('Tobagonians'),
('Trinidadians'),
('Tunisians'),
('Turks'),
('Tuvaluans'),
('Ugandans'),
('Ukrainians'),
('Uruguayans'),
('Uzbeks'),
('Vanuatuans'),
('Venezuelans'),
('Vietnamese'),
('Welsh'),
('Yemenis'),
('Zambians'),
('Zimbabweans');

ALTER TABLE civil_data ADD image BLOB;

DROP TABLE IF EXISTS `facility_payer_assoc`;

CREATE TABLE `facility_payer_assoc` (
  `facility_id` BIGINT(20) NOT NULL AUTO_INCREMENT,
  `facility_type` VARCHAR(255) DEFAULT NULL,
  `payer_id` BIGINT NOT NULL,
  `tenant_id` VARCHAR(255) NOT NULL,
  PRIMARY KEY (`facility_id`),
  KEY `FK_dsfsdgfdg` (`tenant_id`),
  KEY `FK_dewrwfdasf` (`payer_id`),
  CONSTRAINT `FK_dsfsdgfdg` FOREIGN KEY (`tenant_id`) REFERENCES `tenant` (`tenant_id`),
  CONSTRAINT `FK_dewrwfdasf` FOREIGN KEY (`payer_id`) REFERENCES `payer` (`id`)
) ENGINE=INNODB DEFAULT CHARSET=latin1;

ALTER TABLE `health_policy`
ADD tpa_id BIGINT(20),
ADD CONSTRAINT fk_insurancedaasdfasfsaf_id FOREIGN KEY(insurance_id) REFERENCES payer(id),
ADD CONSTRAINT fk_tpa_id FOREIGN KEY(tpa_id) REFERENCES payer(id);

CREATE OR REPLACE VIEW `service_price_view` AS (
SELECT  `a`.`ID` AS `ID`,  `a`.`SERVICE_NAME` AS `SERVICE_NAME`,  `a`.`PARENT_ID` AS `PARENT_ID`,  `a`.`CODE` AS `CODE`,  `a`.`OP_SERVICE` AS `OP_SERVICE`,  `c`.`BENEFIT_ID` AS `BENEFIT_ID`,  `c`.`MODULE_ID` AS `MODULE_ID`,  `d`.`BENEFIT_NAME` AS `BENEFIT_NAME`,  `d`.`HEALTH_POLICY_ID` AS `HEALTH_POLICY_ID`,  `e`.`POLICY_NO` AS `POLICY_NO`,  `e`.`PLAN_START_DATE` AS `PLAN_START_DATE`,  `e`.`PLAN_END_DATE` AS `PLAN_END_DATE`,  `e`.`PAYER_ID` AS `PAYER_ID` FROM ((((`service_master` `a`  JOIN `module_service_assoc` `b`  ON ((`a`.`ID` = `b`.`SERVICE_ID`)))  LEFT JOIN `benefit_module_assoc` `c`  ON ((`b`.`MODULE_ID` = `c`.`MODULE_ID`)))  LEFT JOIN `benefit_plan` `d`  ON ((`c`.`BENEFIT_ID` = `d`.`ID`)))  LEFT JOIN `insured_group` `e`  ON ((`d`.`HEALTH_POLICY_ID` = `e`.`HEALTH_POLICY_ID`))));

/*DROP TABLE IF EXISTS package;
CREATE TABLE `package` (
  `package_id` BIGINT(20) NOT NULL AUTO_INCREMENT,
  `package_name` VARCHAR(255) NOT NULL,
  `package_description` VARCHAR(255) DEFAULT NULL,
  `package_type` VARCHAR(255) DEFAULT NULL, /*CLINIC*/
  `package_category` VARCHAR(255) DEFAULT NULL, /*TRANING,SERVICES*/
  `UOM` VARCHAR(255) DEFAULT NULL,
  `half_yearly_price_per_uom` DECIMAL(17,3) DEFAULT NULL,
  `annually_price_per_uom`
  `price_per_uom` DECIMAL(17,3) DEFAULT NULL,
  `currency` DECIMAL(20,3) DEFAULT NULL,
  `is_paid` TINYINT(1) DEFAULT '0',
  `payment_frequency` VARCHAR(255) DEFAULT NULL,
  `trial_period` INT(11) DEFAULT NULL,
  PRIMARY KEY (`package_id`)
) ENGINE=INNODB AUTO_INCREMENT=1 DEFAULT CHARSET=utf8;

DROP TABLE IF EXISTS package_service;
CREATE TABLE `package_service` (
  `service_id` BIGINT(20) NOT NULL AUTO_INCREMENT,
  `service_name` VARCHAR(255) NOT NULL,
  `service_type` VARCHAR(255) DEFAULT NULL, /*TOP_LEVEL,PATIENT/PROVIDER/NOTIFICATION*/
  `price_per_uom` DECIMAL(17,3) DEFAULT NULL,
  PRIMARY KEY (`service_id`),
  UNIQUE KEY `unique_package_service_name` (`service_name`)
) ENGINE=INNODB AUTO_INCREMENT=1 DEFAULT CHARSET=utf8;

DROP TABLE IF EXISTS package_service_assoc;
CREATE TABLE `package_service_assoc` (
  `package_id` BIGINT(20) DEFAULT NULL,
  `package_service_id` BIGINT(20) DEFAULT NULL,
  KEY `fk_package_service_package_id` (`package_id`),
  KEY `fk_package_service_package_service_id` (`package_service_id`),
  CONSTRAINT `fk_package_service_package_id` FOREIGN KEY (`package_id`) REFERENCES `package` (`package_id`),
  CONSTRAINT `fk_package_service_package_service_id` FOREIGN KEY (`package_service_id`) REFERENCES `package_service` (`package_service_id`)
) ENGINE=INNODB DEFAULT CHARSET=utf8;



INSERT INTO `package` (`package_id`, `package_name`, `package_description`, `package_type`, `UOM`, `price_per_uom`, `currency`, `uom_quantity`, `is_paid`, `payment_frequency`, `trial_period`) VALUES('1','SMART SOLUTIONS HEALTHCARE','SMART SOLUTIONS HEALTHCARE','Clinic','User','24.000','0.000','1','0','Annual','30');
INSERT INTO `package` (`package_id`, `package_name`, `package_description`, `package_type`, `UOM`, `price_per_uom`, `currency`, `uom_quantity`, `is_paid`, `payment_frequency`, `trial_period`) VALUES('2','SMART CLINICAL SERVICES','SMART CLINICAL SERVICES','Clinic','User','32.000','0.000','1','0','Half Yearly','0');
INSERT INTO `package` (`package_id`, `package_name`, `package_description`, `package_type`, `UOM`, `price_per_uom`, `currency`, `uom_quantity`, `is_paid`, `payment_frequency`, `trial_period`) VALUES('3','SMART REVENUE SERVICES','SMART REVENUE SERVICES','Clinic','User','45.000','0.000','1','0','Annual','30');
INSERT INTO `package` (`package_id`, `package_name`, `package_description`, `package_type`, `UOM`, `price_per_uom`, `currency`, `uom_quantity`, `is_paid`, `payment_frequency`, `trial_period`) VALUES('4','INTELLIGENT-CLINIC','Intelligent Services for Clinic','Clinic','User','60.000','0.000','1','0','Half Yearly','0');
INSERT INTO `package` (`package_id`, `package_name`, `package_description`, `package_type`, `UOM`, `price_per_uom`, `currency`, `uom_quantity`, `is_paid`, `payment_frequency`, `trial_period`) VALUES('5','PATIENT - SMART SERVICES','Smart Services for Patients','Clinic','User','0.000','0.000','1','0','None','0');
INSERT INTO `package` (`package_id`, `package_name`, `package_description`, `package_type`, `UOM`, `price_per_uom`, `currency`, `uom_quantity`, `is_paid`, `payment_frequency`, `trial_period`) VALUES('6','SMART SERVICES - OTHERS','Smart Services Enabled for Others','Clinic','User','0.000','0.000','1','0','None','0');
INSERT INTO `package` (`package_id`, `package_name`, `package_description`, `package_type`, `UOM`, `price_per_uom`, `currency`, `uom_quantity`, `is_paid`, `payment_frequency`, `trial_period`) VALUES('7','NOTIFICATION SERVICES','SMS Notification Services',NULL,'Pack','0.000','0.000','1000','0','None','0');
INSERT INTO `package` (`package_id`, `package_name`, `package_description`, `package_type`, `UOM`, `price_per_uom`, `currency`, `uom_quantity`, `is_paid`, `payment_frequency`, `trial_period`) VALUES('8','TRAINING SERVICES','Training Services',NULL,'Hour','0.000','0.000','0','0','None','0');

INSERT INTO `package_service`(service_name) VALUES
('Front Desk Operations Services'),
('Patient Billing Services'),
('Insurance Billing Services'),
('OP Clinical Consulting Informatics Services'),
('Referral Accounts Management Services'),
('Inventory Management Services'),
('Home Care by Medical Assistant'),
('Home Care by Nurse'),
('Home Phlebotomoy ( Collection of Samples)'),
('Home Visit by Nurse'),
('Tele Consulting Service'),
('Appointment Booking for Radiology Services '),
('Enable Online Insurance Billing Integration Services'),
('Enable Referring of Pathology Services to Laboratories.'),
('Enable Referring of Radiology Services to Diagnostic Centers'),
('Enable Home Delivery of Prescription raised during Consulting'),
('Enable Referring Seekers for Specialised Clinics');

INSERT INTO `package_service_assoc` VALUES
('1','1'),
('1','2'),
('1','3'),
('1','4'),
('1','5'),
('1','6'),
('2','7'),
('2','8'),
('2','9'),
('2','10'),
('2','11'),
('3','12'),
('3','13'),
('3','14'),
('3','15'),
('3','16'),
('3','17');

DROP TABLE IF EXISTS training_session_schedules;
CREATE TABLE `training_session_schedules` (
  `id` bigint(20) NOT NULL AUTO_INCREMENT,
  `session` varchar(255) NOT NULL,
  `package_id` bigint(20) DEFAULT NULL,
  `session_name` varchar(255) DEFAULT NULL,
  `training_session_description` mediumtext,
  `training_duration` int(11) DEFAULT NULL,
  `practice_session` varchar(255) DEFAULT NULL,
  `practice_duration` int(11) DEFAULT NULL,
  `assessment_session` varchar(255) DEFAULT NULL,
  `assessment_duration` int(11) DEFAULT NULL,
  `is_active_service` tinyint(1) DEFAULT '1',
  `order_of_display` int(11) DEFAULT NULL,
  PRIMARY KEY (`id`),
  KEY `fk_package_training_session_schedules` (`package_id`),
  CONSTRAINT `fk_package_training_session_schedules` FOREIGN KEY (`package_id`) REFERENCES `package` (`package_id`)
) ENGINE=InnoDB AUTO_INCREMENT=1 DEFAULT CHARSET=utf8;

DROP TABLE IF EXISTS users_package_subscription;
CREATE TABLE `users_package_subscription` (
  `username` varchar(255) CHARACTER SET latin1 NOT NULL,
  `package_id` bigint(20) NOT NULL,
  `activated`  bigint(1) NOT NULL,
  `activated_date`  date DEFAULT NULL,
  `activated_period` bigint(20) NOT NULL,
  `expired`  bigint(1) NOT NULL,
  `expiry_date`  date DEFAULT NULL,
  UNIQUE KEY `username_package_unique` (`username`,`package_id`),
  KEY `FK_users_package_subscription_to_packagedasdf` (`package_id`),
  CONSTRAINT `FK_users_package_subscription_to_usersadf` FOREIGN KEY (`username`) REFERENCES `users` (`username`),
  CONSTRAINT `FK_users_package_subscription_to_packagedasdf` FOREIGN KEY (`package_id`) REFERENCES `package` (`package_id`)
) ENGINE=InnoDB DEFAULT CHARSET=utf8;

DROP TABLE IF EXISTS users_package_service_subscription;
CREATE TABLE `users_package_service_subscription` (
  `username` varchar(255) CHARACTER SET latin1 NOT NULL,
  `package_id` bigint(20) NOT NULL,
  `service_id` bigint(20) NOT NULL,
  `activated`  bigint(1) NOT NULL,
  UNIQUE KEY `username_package_unique` (`username`,`package_id`,`service_id`),
  KEY `FK_users_package_subscription_to_packagedasdf` (`package_id`),
  CONSTRAINT `FK_users_package_subscription_to_usersadf` FOREIGN KEY (`username`) REFERENCES `users` (`username`),
  CONSTRAINT `FK_users_package_subscription_to_packagedasdf` FOREIGN KEY (`package_id`) REFERENCES `package` (`package_id`)
) ENGINE=InnoDB DEFAULT CHARSET=utf8;

DROP TABLE IF EXISTS users_package_service_item_subscription;
CREATE TABLE `users_package_service_item_subscription` (
  `username` varchar(255) CHARACTER SET latin1 NOT NULL,
  `service_item_id` bigint(20) NOT NULL,
  `activated`  bigint(1) NOT NULL,
  UNIQUE KEY `username_package_unique` (`username`,`service_item_id`),
  KEY `FK_users_package_subscription_to_packagedasdf` (`package_id`),
  CONSTRAINT `FK_users_package_subscription_to_usersadf` FOREIGN KEY (`username`) REFERENCES `users` (`username`),
  CONSTRAINT `FK_users_package_subscription_to_packagedasdf` FOREIGN KEY (`package_id`) REFERENCES `package` (`package_id`)
) ENGINE=InnoDB DEFAULT CHARSET=utf8;


*/
-- ------------
-- Scripts for Consolidatd Tables and the functions and SPs for the same

 DROP TABLE IF EXISTS `consolidated_clinic_tariff`;

CREATE TABLE `consolidated_clinic_tariff` (
  `SERVICE_TYPE` varchar(20) DEFAULT NULL,
  `SERVICE_MAIN_GROUP` varchar(20) DEFAULT NULL,
  `SERVICE_SUB_GROUP` varchar(20) DEFAULT NULL,
  `PROCEDURE_CODE` varchar(255) DEFAULT NULL,
  `VISIT_TYPE` bigint(20) DEFAULT NULL,
  `DOCTOR` bigint(20) DEFAULT NULL,
  `TARIFF_CATEGORY` varchar(20) DEFAULT NULL,
  `PATIENT_CATEGORY` varchar(20) DEFAULT NULL,
  `CLINIC_SHARE` decimal(19,3) DEFAULT NULL,
  `DOCTOR_SHARE` decimal(19,3) DEFAULT NULL,
  `TECHNICIAN_SHARE` decimal(19,3) DEFAULT NULL,
  `SERVICE_COST` decimal(19,3) DEFAULT NULL,
  `MARKUP_PERCENT` decimal(19,3) DEFAULT NULL,
  `MARKUP_AMOUNT` decimal(19,3) DEFAULT NULL,
  `TAX_PERCENT` decimal(19,3) DEFAULT NULL,
  `TAX_AMOUNT` decimal(19,3) DEFAULT NULL,
  `BILLABLE_AMOUNT_MIN` decimal(19,3) DEFAULT NULL,
  `BILLABLE_AMOUNT` decimal(19,3) DEFAULT NULL,
  `BILLABLE_AMOUNT_MAX` decimal(19,3) DEFAULT NULL,
  `COPAY` decimal(19,3) DEFAULT NULL,
  `COPAY_TYPE` varchar(20) DEFAULT NULL,
  `TELE_CONSULTATION_ALLOWED` bit(1) DEFAULT NULL,
  `FROM_DATE` date DEFAULT NULL,
  `THRU_DATE` date DEFAULT NULL,
  `SERVICE_ID` varchar(20) DEFAULT NULL,
  `VISIT_TYPE_NAME` varchar(255) DEFAULT NULL,
  `CLINIC_ID` int(11) DEFAULT NULL,
  `JOB_REFERENCE` datetime DEFAULT NULL
) ENGINE=InnoDB DEFAULT CHARSET=utf8;

/*Table structure for table `consolidated_invoice` */

DROP TABLE IF EXISTS `consolidated_invoice`;

CREATE TABLE `consolidated_invoice` (
  `ID` bigint(20) NOT NULL,
  `IS_ACTIVE` bit(1) DEFAULT NULL,
  `CREATED_BY` varchar(255) DEFAULT NULL,
  `CREATE_TX_TIMESTAMP` datetime DEFAULT NULL,
  `DEACTIVATION_REASON` varchar(255) DEFAULT NULL,
  `UPDATE_BY` varchar(255) DEFAULT NULL,
  `UPDATED_TX_TIMESTAMP` datetime DEFAULT NULL,
  `VERSION` bigint(20) DEFAULT NULL,
  `BILL_DATE` datetime DEFAULT NULL,
  `COLLECTED_PRICE` decimal(19,3) DEFAULT NULL,
  `COLLECTED_BY_USER` varchar(255) DEFAULT NULL,
  `EXTERNAL_PATIENT` varchar(255) DEFAULT NULL,
  `EXTERNAL_PROVIDER` varchar(255) DEFAULT NULL,
  `GENERATED_ON` date DEFAULT NULL,
  `INVOICE_DATE` date DEFAULT NULL,
  `INVOICE_NUMBER` varchar(255) DEFAULT NULL,
  `INVOICE_STATUS` varchar(255) DEFAULT NULL,
  `INVOICE_TYPE` varchar(255) DEFAULT NULL,
  `IP_NUMBER` varchar(255) DEFAULT NULL,
  `IS_ADVANCE` bit(1) DEFAULT NULL,
  `IS_DEDUCTED` bit(1) DEFAULT NULL,
  `ITEM_ID` varchar(255) DEFAULT NULL,
  `ITEM_TYPE` varchar(255) DEFAULT NULL,
  `REFERRAL_CONSULTANT_ID` bigint(20) DEFAULT NULL,
  `AMOUNT` decimal(19,3) DEFAULT NULL,
  `WRITE_OFF_BY` varchar(255) DEFAULT NULL,
  `WRITE_OFF_DATE` datetime DEFAULT NULL,
  `WRITTENOFF_PRICE` decimal(19,3) DEFAULT NULL,
  `WRITTEN_OFF_REASON` longtext,
  `DEACTIVATEDBY` bigint(20) DEFAULT NULL,
  `CONSULTANT` bigint(20) DEFAULT NULL,
  `CONTRACT` bigint(20) DEFAULT NULL,
  `LOCATION_ID` bigint(20) NOT NULL,
  `PATIENT` bigint(20) DEFAULT NULL,
  `TOTAL_AUTHORIZATION_AMOUNT` decimal(19,3) DEFAULT NULL,
  `TOTAL_COPAY_AMOUNT` decimal(19,3) DEFAULT NULL,
  `TOTAL_DEDUCTABLE_AMOUNT` decimal(19,3) DEFAULT NULL,
  `PATIENT_INSURANCE_ID` bigint(20) DEFAULT NULL,
  `SELECTED_HIS_MODULE_ID` varchar(255) DEFAULT NULL,
  `CONCESSION_AMOUNT` decimal(19,3) DEFAULT NULL,
  `CONCESSION_AUTHORISER` varchar(255) DEFAULT NULL,
  `CONCESSION_REASON` varchar(255) DEFAULT NULL,
  `CONCESSION_TYPE` varchar(255) DEFAULT NULL,
  `CANCEL_AUTHORISER` varchar(255) DEFAULT NULL,
  `CANCEL_REASON` varchar(255) DEFAULT NULL,
  `TOTAL_REFERRAL_AMOUNT_PAYABLE` decimal(19,3) DEFAULT NULL,
  `TOTAL_REFERRAL_AMOUNT_TOBE_PAID` decimal(19,3) DEFAULT NULL,
  `AFYA_ID` varchar(255) DEFAULT NULL,
  `PROVIDER_TYPE` varchar(255) DEFAULT NULL,
  `PROVIDER_NAME` varchar(255) DEFAULT NULL,
  `DOCTOR_NAME` varchar(1000) DEFAULT NULL,
  `PATIENT_PAYABLE` decimal(19,3) DEFAULT NULL,
  `INSURANCE_PAYABLE` decimal(19,3) DEFAULT NULL,
  `PATIENT_PAYABLE_OPD_CONSULTATION` decimal(19,3) DEFAULT NULL,
  `INSURANCE_PAYABLE_OPD_CONSULTATION` decimal(19,3) DEFAULT NULL,
  `AMOUNT_OPD_CONSULTATION` decimal(19,3) DEFAULT NULL,
  `PATIENT_PAYABLE_OPD_PROCEDURE` decimal(19,3) DEFAULT NULL,
  `INSURANCE_PAYABLE_OPD_PROCEDURE` decimal(19,3) DEFAULT NULL,
  `AMOUNT_OPD_PROCEDURE` decimal(19,3) DEFAULT NULL,
  `CLINIC_ID` int(11) DEFAULT NULL,
  `JOB_REFERENCE` datetime DEFAULT NULL
) ENGINE=InnoDB DEFAULT CHARSET=utf8;

/*Table structure for table `consolidated_schedule` */

DROP TABLE IF EXISTS `consolidated_schedule`;

CREATE TABLE `consolidated_schedule` (
  `ID` bigint(20) NOT NULL,
  `IS_ACTIVE` bit(1) DEFAULT NULL,
  `CREATED_BY` varchar(255) DEFAULT NULL,
  `CREATE_TX_TIMESTAMP` datetime DEFAULT NULL,
  `DEACTIVATION_REASON` varchar(255) DEFAULT NULL,
  `UPDATE_BY` varchar(255) DEFAULT NULL,
  `UPDATED_TX_TIMESTAMP` datetime DEFAULT NULL,
  `VERSION` bigint(20) DEFAULT NULL,
  `CHIEF_COMPLAINT` varchar(255) DEFAULT NULL,
  `COMMENTS` varchar(255) DEFAULT NULL,
  `END_TIME` datetime DEFAULT NULL,
  `LENGTH` int(11) DEFAULT NULL,
  `PATIENT_CLASS` varchar(255) DEFAULT NULL,
  `PATIENT_CONTACT_NUMBER` varchar(255) DEFAULT NULL,
  `SCHEDULE_TYPE` varchar(255) DEFAULT NULL,
  `SEQUENCE_NUMBER` int(11) DEFAULT NULL,
  `SIGNED_IN_TIME` datetime DEFAULT NULL,
  `SIGNED_OUT_TIME` datetime DEFAULT NULL,
  `START_DATE` date DEFAULT NULL,
  `START_TIME` datetime DEFAULT NULL,
  `STATUS` varchar(255) DEFAULT NULL,
  `DEACTIVATEDBY` bigint(20) DEFAULT NULL,
  `INTERNAL_REFERRAL` bigint(20) DEFAULT NULL,
  `LAST_PATIENT_VISIT_ID` bigint(20) DEFAULT NULL,
  `LOCATION_ID` bigint(20) NOT NULL,
  `PATIENT_ID` bigint(20) DEFAULT NULL,
  `PATIENT_LAB_ORDER_ID` bigint(20) DEFAULT NULL,
  `PERSON_ID` bigint(20) DEFAULT NULL,
  `REFERRAL` bigint(20) DEFAULT NULL,
  `SOAP_NOTE_TYPE` bigint(20) DEFAULT NULL,
  `PRIORITY` varchar(255) DEFAULT NULL,
  `CANCEL_REASON` varchar(255) DEFAULT NULL,
  `PRIORITY_MAIL_SENT` bit(1) NOT NULL,
  `WALKIN_APPOINTMENT` bit(1) NOT NULL,
  `CONFIRMED` bit(1) NOT NULL,
  `RESCHEDULED` bit(1) NOT NULL,
  `VISIT_TYPE` varchar(255) DEFAULT NULL,
  `AFYA_ID` varchar(255) DEFAULT NULL,
  `CLINIC_ID` int(11) DEFAULT NULL,
  `JOB_REFERENCE` datetime DEFAULT NULL
) ENGINE=InnoDB DEFAULT CHARSET=utf8;

/*Table structure for table `payment_gateway_transaction` */

DROP TABLE IF EXISTS `payment_gateway_transaction`;

CREATE TABLE `payment_gateway_transaction` (
  `payment_id` bigint(20) NOT NULL AUTO_INCREMENT,
  `transaction_type` varchar(255) NOT NULL,
  `transaction_amount` decimal(19,3) NOT NULL,
  `transaction_timestamp` timestamp NOT NULL DEFAULT CURRENT_TIMESTAMP,
  `isys_tracking_ref` varchar(255) NOT NULL,
  `isys_merchant_ref` varchar(255) DEFAULT NULL,
  `isys_payment_status` varchar(255) DEFAULT NULL,
  `isys_payment_status_timestamp` timestamp NULL DEFAULT NULL,
  `isys_payment_status_http_resp_status` varchar(255) DEFAULT NULL,
  `username` varchar(45) DEFAULT NULL,
  `afya_id` varchar(255) DEFAULT NULL,
  `appointment_clinic_id` varchar(255) DEFAULT NULL,
  `appointment_doctor_id` varchar(255) DEFAULT NULL,
  `appointment_slot` varchar(255) DEFAULT NULL,
  `subscription_id` varchar(255) DEFAULT NULL,
  PRIMARY KEY (`payment_id`)
) ENGINE=InnoDB AUTO_INCREMENT=149 DEFAULT CHARSET=utf8;

/* Function  structure for function  `getDBNameFromJdbcUrl` */

/*!50003 DROP FUNCTION IF EXISTS `getDBNameFromJdbcUrl` */;
DELIMITER $$

/*!50003 CREATE DEFINER=`root`@`localhost` FUNCTION `getDBNameFromJdbcUrl`(jdbcUrl VARCHAR(255)) RETURNS varchar(255) CHARSET utf8
BEGIN
	DECLARE dbName VARCHAR(255);
	SET dbName = SUBSTRING_INDEX(SUBSTRING(jdbcUrl,1, LOCATE('?',jdbcUrl)-1),'/', -1);
	RETURN dbName;
    END */$$
DELIMITER ;

/* Procedure structure for procedure `addPaymentTransactionForAppointment` */

/*!50003 DROP PROCEDURE IF EXISTS  `addPaymentTransactionForAppointment` */;

DELIMITER $$

/*!50003 CREATE DEFINER=`root`@`localhost` PROCEDURE `addPaymentTransactionForAppointment`(IN transactionType VARCHAR(255), IN transactionAmount DECIMAL(19,3), IN transactionTimestamp TIMESTAMP, IN isysTrackingRef VARCHAR(255), IN afyaId varchar(255), in apptClinicId varchar(255), in apptDoctorId varchar(255), in apptSlot varchar(255))
BEGIN

	INSERT INTO `payment_gateway_transaction` (`transaction_type`, `transaction_amount`, `transaction_timestamp`,
	`isys_tracking_ref`, `isys_merchant_ref`, `isys_payment_status`, `isys_payment_status_timestamp`, `username`,
	`afya_id`, `appointment_clinic_id`, `appointment_doctor_id`, `appointment_slot`, `subscription_id`)
	VALUES
	(transactionType, transactionAmount, transactionTimestamp, isysTrackingRef, NULL,
	null, null, null, afyaId, apptClinicId,
	apptDoctorId, apptSlot, null);

	SELECT LAST_INSERT_ID() as paymentId;
    END */$$
DELIMITER ;

/* Procedure structure for procedure `getDoctorTariff` */

/*!50003 DROP PROCEDURE IF EXISTS  `getDoctorTariff` */;

DELIMITER $$

/*!50003 CREATE DEFINER=`root`@`localhost` PROCEDURE `getDoctorTariff`(IN clinicId VARCHAR(255), doctorId bigint(20), visitTypeName VARCHAR(255), IN afyaId VARCHAR(255))
BEGIN

	DECLARE template TEXT;
	DECLARE finalQry LONGTEXT;


	SET template = CONCAT("SELECT {CLINIC_DB}.clinic_tariff.BILLABLE_AMOUNT, {CLINIC_DB}.clinic_tariff.*
			 FROM {CLINIC_DB}.clinic_tariff
			 INNER JOIN {CLINIC_DB}.slot_type ON {CLINIC_DB}.slot_type.ID = {CLINIC_DB}.clinic_tariff.VISIT_TYPE
			 -- INNER JOIN {CLINIC_DB}.patient_category ON {CLINIC_DB}.patient_category.PATIENT_CODE = {CLINIC_DB}.clinic_tariff.PATIENT_CATEGORY
			 INNER JOIN {CLINIC_DB}.patient ON {CLINIC_DB}.patient.TARIFF_CODE = {CLINIC_DB}.clinic_tariff.TARIFF_CATEGORY
			 WHERE {CLINIC_DB}.clinic_tariff.DOCTOR = ", doctorId
			 , " AND {CLINIC_DB}.slot_type.NAME = '", visitTypeName, "'"
			 , " AND {CLINIC_DB}.patient.AFYA_ID = '", afyaId, "'"
			 , " AND {CLINIC_DB}.clinic_tariff.PATIENT_CATEGORY = '01' AND {CLINIC_DB}.clinic_tariff.TARIFF_CATEGORY = '00'");

	SET group_concat_max_len = 4294967295;


	SELECT qry INTO finalQry FROM
	(SELECT  REPLACE(template, '{CLINIC_DB}', getDBNameFromJdbcUrl(jdbc_url)) qry
	FROM clinic
	INNER JOIN tenant ON tenant.tenant_id = clinic.tenant_id
	WHERE clinic.clinic_id = clinicId) tmpTbl;

	SET @finalQry = finalQry;
	PREPARE stmt FROM @finalQry;
	EXECUTE stmt;
	DEALLOCATE PREPARE stmt;

    END */$$
DELIMITER ;

/* Procedure structure for procedure `getDoctorTariffConsolidated` */

/*!50003 DROP PROCEDURE IF EXISTS  `getDoctorTariffConsolidated` */;

DELIMITER $$

/*!50003 CREATE DEFINER=`root`@`localhost` PROCEDURE `getDoctorTariffConsolidated`(IN clinicId VARCHAR(255), doctorId BIGINT(20), visitTypeName VARCHAR(255))
BEGIN

	SELECT trf.BILLABLE_AMOUNT
	FROM consolidated_clinic_tariff trf

	WHERE trf.CLINIC_ID = clinicId AND trf.VISIT_TYPE_NAME = visitTypeName
		AND trf.DOCTOR = doctorId

		AND trf.PATIENT_CATEGORY = '01'
		AND trf.TARIFF_CATEGORY = '00';
    END */$$
DELIMITER ;

/* Procedure structure for procedure `getInvoiceRecords` */

/*!50003 DROP PROCEDURE IF EXISTS  `getInvoiceRecords` */;

DELIMITER $$

/*!50003 CREATE DEFINER=`root`@`localhost` PROCEDURE `getInvoiceRecords`(IN afyaId VARCHAR(255), IN fromDate DATE, IN toDate DATE, IN clinicName VARCHAR(255), IN doctorName VARCHAR(255))
BEGIN

	DECLARE clinicInvoiceHistoryTemplate TEXT;
	DECLARE clinicInvoiceHistoryQuery TEXT;
	DECLARE clinicInvoiceQueryFinal TEXT;
	DECLARE queryConsolidated TEXT;


	SET clinicInvoiceHistoryTemplate = CONCAT("SELECT 'Clinic' AS providerType, {CLINIC_DB}.invoice.INVOICE_NUMBER, {CLINIC_DB}.invoice.INVOICE_DATE, {CLINIC_DB}.patient.AFYA_ID, '{CLINIC_NAME}' AS provider, CONCAT(IFNULL({CLINIC_DB}.person.FIRST_NAME, ''), ' ', IFNULL({CLINIC_DB}.person.MIDDLE_NAME, ''), ' ', IFNULL({CLINIC_DB}.person.LAST_NAME, '')) AS doctor,
		{CLINIC_DB}.invoice.AMOUNT AS invoiceAmount, (IFNULL({CLINIC_DB}.invoice.TOTAL_COPAY_AMOUNT, 0) + IFNULL({CLINIC_DB}.invoice.TOTAL_DEDUCTABLE_AMOUNT, 0)) AS patientPayable, ({CLINIC_DB}.invoice.AMOUNT - (IFNULL({CLINIC_DB}.invoice.TOTAL_COPAY_AMOUNT, 0) + IFNULL({CLINIC_DB}.invoice.TOTAL_DEDUCTABLE_AMOUNT, 0))) AS insurancePayable
		FROM {CLINIC_DB}.invoice
		INNER JOIN {CLINIC_DB}.patient ON {CLINIC_DB}.patient.ID = {CLINIC_DB}.invoice.PATIENT
		INNER JOIN {CLINIC_DB}.person ON {CLINIC_DB}.person.ID = {CLINIC_DB}.invoice.CONSULTANT
		WHERE {CLINIC_DB}.patient.AFYA_ID='", afyaId ,"'",
		" AND ('", fromDate, "' IS NULL OR {CLINIC_DB}.invoice.INVOICE_DATE >= '", fromDate,
		"') AND ('", toDate, "' IS NULL OR {CLINIC_DB}.invoice.INVOICE_DATE <= '", toDate,
		"') AND ('", clinicName, "' IS NULL OR CHAR_LENGTH('", clinicName, "') = 0 OR LOCATE('", clinicName, "', '{CLINIC_NAME}') <> 0 ",
		") AND ('", doctorName, "' IS NULL OR CHAR_LENGTH('", doctorName, "') = 0 OR LOCATE('", doctorName, "', CONCAT(IFNULL({CLINIC_DB}.person.FIRST_NAME, ''), ' ', IFNULL({CLINIC_DB}.person.MIDDLE_NAME,''), ' ', IFNULL({CLINIC_DB}.person.LAST_NAME, ''))) <> 0); ");


	SET group_concat_max_len = 4294967295;



	SELECT GROUP_CONCAT(tnt.qry SEPARATOR '
	UNION
	')
	INTO clinicInvoiceHistoryQuery FROM
	(SELECT  REPLACE(REPLACE(clinicInvoiceHistoryTemplate, '{CLINIC_NAME}', clinic.clinic_name), '{CLINIC_DB}', getDBNameFromJdbcUrl(jdbc_url)) qry
		FROM tenant
		INNER JOIN clinic ON clinic.tenant_id = tenant.tenant_id
		INNER JOIN patient_clinic_assoc ON patient_clinic_assoc.clinic_id = clinic.clinic_id
		WHERE patient_clinic_assoc.afya_id = afyaId
	) tnt;


	SET @clinicInvoiceHistoryQuery = clinicInvoiceHistoryQuery;
	PREPARE stmt FROM @clinicInvoiceHistoryQuery;
	EXECUTE stmt;
	DEALLOCATE PREPARE stmt;
    END */$$
DELIMITER ;

/* Procedure structure for procedure `getInvoiceRecordsConsolidated` */

/*!50003 DROP PROCEDURE IF EXISTS  `getInvoiceRecordsConsolidated` */;

DELIMITER $$

/*!50003 CREATE DEFINER=`root`@`localhost` PROCEDURE `getInvoiceRecordsConsolidated`(IN afyaId VARCHAR(255), IN fromDate date, in toDate date, IN providerType varchar(100), in doctorName varchar(1000), in invoiceNumber nvarchar(255))
BEGIN

	SELECT * FROM consolidated_invoice inv
	WHERE inv.AFYA_ID = afyaId AND (fromDate IS NULL OR inv.INVOICE_DATE >= fromDate)
		AND (toDate IS NULL OR inv.INVOICE_DATE <= toDate) AND (providerType IS NULL OR inv.PROVIDER_TYPE = providerType)
		AND (doctorName IS NULL OR inv.DOCTOR_NAME = doctorName) AND (invoiceNumber IS NULL OR inv.INVOICE_NUMBER = invoiceNumber);

    END */$$
DELIMITER ;

/* Procedure structure for procedure `getPatientActivePrescription` */

/*!50003 DROP PROCEDURE IF EXISTS  `getPatientActivePrescription` */;

DELIMITER $$

/*!50003 CREATE DEFINER=`root`@`localhost` PROCEDURE `getPatientActivePrescription`(IN afyaId VARCHAR(255), IN fromDate DATETIME, IN toDate DATETIME
		, IN drugName VARCHAR(255), IN clinicName VARCHAR(255), IN doctorName VARCHAR(255))
BEGIN

	DECLARE template TEXT;
	DECLARE finalQry LONGTEXT;

	DECLARE fromDateStr VARCHAR(255);
	DECLARE toDateStr VARCHAR(255);
	DECLARE drugNameStr VARCHAR(255);
	DECLARE clinicNameStr VARCHAR(255);
	DECLARE doctorNameStr VARCHAR(255);

	SET fromDateStr = IFNULL(fromDate, '');
	SET toDateStr = IFNULL(toDate, '');
	SET drugNameStr = IFNULL(drugName, '');
	SET clinicNameStr = IFNULL(clinicName, '');
	SET doctorNameStr = IFNULL(doctorName, '');

	SET template = CONCAT("(SELECT prx.ID AS prescriptionId, pat.afya_id AS afyaId, cli.clinic_id AS clinicId, cli.clinic_name AS clinicName
			, per.ID AS doctorId, per.FIRST_NAME AS doctorFirstName, per.MIDDLE_NAME AS doctorMiddleName, per.LAST_NAME AS doctorLastName
			, DATE_FORMAT(prx.START_DATE,'%d-%m-%Y') AS startDate, DATE_FORMAT(prx.END_DATE,'%d-%m-%Y') AS endDate, per.MOBILE_NUMBER AS doctorMobileNumber, per.OFFICE_PHONE AS doctorOfficeNumber
			, rxfrq.DESCRIPTION AS rxFrequency, rxqual.DESCRIPTION AS rxFrequencyQualifier, prx.NUMBER_OF_DAYS AS numberOfDays, prx.TOTAL_COUNT AS totalCount
			, drug.TRADE_NAME AS drugName
		FROM {CLINIC_DB}.patient_rx prx
		INNER JOIN {CLINIC_DB}.Patient pat ON pat.ID = prx.PATIENT_ID
		INNER JOIN patient_clinic_assoc assoc ON assoc.afya_id = pat.afya_id
		INNER JOIN clinic cli ON cli.clinic_id = assoc.clinic_id
		INNER JOIN {CLINIC_DB}.person per ON per.ID = prx.PROVIDER_ID
		INNER JOIN {CLINIC_DB}.frequency rxfrq ON rxfrq.ID = prx.FREQUENCY_ID
		INNER JOIN {CLINIC_DB}.frequency_qualifier rxqual ON rxqual.ID = prx.FREQUENCY_QUALIFIER_ID
		INNER JOIN {CLINIC_DB}.drug ON drug.ID = prx.DRUG_ID
		-- INNER JOIN {CLINIC_DB}.slot_type st ON st.ID = sch.SOAP_NOTE_TYPE
		WHERE prx.STATUS = 'ACTIVE' AND (CHAR_LENGTH('", fromDateStr, "') = 0 OR prx.START_DATE >= '", fromDateStr, "')
			AND (CHAR_LENGTH('", toDateStr, "') = 0 OR prx.START_DATE <= '", toDateStr, "')
			AND (CHAR_LENGTH('", drugNameStr, "') = 0 OR LOCATE('", drugNameStr, "', prx.DRUG_NAME) > 0)
			AND (CHAR_LENGTH('", clinicNameStr, "') = 0 OR LOCATE('", clinicNameStr, "', cli.clinic_name) > 0)
			AND (CHAR_LENGTH('", doctorNameStr, "') = 0 OR LOCATE('", doctorNameStr, "', CONCAT(per.FIRST_NAME, ' ', IFNULL(per.MIDDLE_NAME, ''), ' ', per.LAST_NAME)) > 0)
			AND assoc.afya_id = '",afyaId, "'
		ORDER BY prx.START_DATE ASC, prx.START_DATE ASC)");


	SET group_concat_max_len = 4294967295;



	SELECT GROUP_CONCAT(tmpTbl.qry SEPARATOR '
	UNION
	')
	INTO finalQry FROM
	(SELECT REPLACE(template, '{CLINIC_DB}', getDBNameFromJdbcUrl(tenant.jdbc_url)) qry
	FROM clinic
	INNER JOIN tenant ON tenant.tenant_id = clinic.tenant_id AND clinic.clinic_id = '1'
	INNER JOIN patient_clinic_assoc pca ON pca.afya_id = afyaId) tmpTbl;


	-- select finalQry;	-- for testing

	SET @finalQry = finalQry;
	PREPARE stmt FROM @finalQry;
	EXECUTE stmt;
	DEALLOCATE PREPARE stmt;

    END */$$
DELIMITER ;

/* Procedure structure for procedure `getPatientSpendingByServices` */

/*!50003 DROP PROCEDURE IF EXISTS  `getPatientSpendingByServices` */;

DELIMITER $$

/*!50003 CREATE DEFINER=`root`@`localhost` PROCEDURE `getPatientSpendingByServices`(IN afyaId VARCHAR(255), in fromDate DATE, in toDate DATE)
BEGIN


	DECLARE baseTemplate TEXT;
	DECLARE consultationTemplate TEXT;
	DECLARE procedureTemplate TEXT;
	DECLARE consultationQuery TEXT;
	DECLARE procedureQuery TEXT;
	DECLARE finalQuery TEXT;


	set baseTemplate = CONCAT("SELECT {CLINIC_DB}.getPatientPayable({CLINIC_DB}.invoice_item.ID) AS patientPayable, ({CLINIC_DB}.invoice_item.AMOUNT - {CLINIC_DB}.getPatientPayable({CLINIC_DB}.invoice_item.ID)) AS insurancePayable, {CLINIC_DB}.invoice_item.AMOUNT AS amount -- , {CLINIC_DB}.invoice_item.*
		FROM {CLINIC_DB}.invoice_item
		INNER JOIN {CLINIC_DB}.invoice ON {CLINIC_DB}.invoice.ID = {CLINIC_DB}.invoice_item.INVOICE_ID
		INNER JOIN {CLINIC_DB}.patient ON {CLINIC_DB}.patient.ID = {CLINIC_DB}.invoice.PATIENT
		WHERE {CLINIC_DB}.invoice_item.ITEM_TYPE = '{ITEM_TYPE}' AND {CLINIC_DB}.patient.afya_id = '",
		afyaId, "'",
		" AND ('", fromDate, "' IS NULL OR {CLINIC_DB}.invoice.INVOICE_DATE >= '", fromDate, "')
		AND ('", toDate, "' IS NULL OR {CLINIC_DB}.invoice.INVOICE_DATE <= '", toDate, "') ");

	SET consultationTemplate = REPLACE(baseTemplate, "{ITEM_TYPE}", "OPD_CONSULTATION");
	SET procedureTemplate = REPLACE(baseTemplate, "{ITEM_TYPE}", "OPD_PROCEDURE");


	SET group_concat_max_len = 4294967295;




	SELECT GROUP_CONCAT(tnt.qry SEPARATOR '
	UNION
	')
	INTO consultationQuery FROM
	(SELECT  REPLACE(consultationTemplate, '{CLINIC_DB}', getDBNameFromJdbcUrl(jdbc_url)) qry
		FROM tenant
		INNER JOIN clinic on clinic.tenant_id = tenant.tenant_id
		INNER JOIN patient_clinic_assoc on patient_clinic_assoc.clinic_id = clinic.clinic_id
		WHERE patient_clinic_assoc.afya_id = afyaId
	) tnt;






	SELECT GROUP_CONCAT(tnt.qry SEPARATOR '
	UNION
	')
	INTO procedureQuery FROM
	(SELECT  REPLACE(procedureTemplate, '{CLINIC_DB}', getDBNameFromJdbcUrl(jdbc_url)) qry
	FROM tenant
		INNER JOIN clinic ON clinic.tenant_id = tenant.tenant_id
		INNER JOIN patient_clinic_assoc ON patient_clinic_assoc.clinic_id = clinic.clinic_id
		WHERE patient_clinic_assoc.afya_id = afyaId
	) tnt;



	set finalQuery = concat(
		"SELECT 'Consultation' AS Service, SUM(IFNULL(patientPayable, 0)) AS patientPayable, SUM(IFNULL(insurancePayable, 0)) AS insurancePayable, SUM(IFNULL(amount, 0)) AS amount FROM "
		, "(", consultationQuery, ")  tmpTbl1", "
			UNION
		", "SELECT 'Investigations' AS Service, SUM(IFNULL(patientPayable, 0)) AS patientPayable, SUM(IFNULL(insurancePayable, 0)) AS insurancePayable, SUM(IFNULL(amount, 0)) AS amount FROM "
		, "(", procedureQuery, ") tmpTbl2"
	);



	SET @finalQuery = finalQuery;
	PREPARE stmt FROM @finalQuery;
	EXECUTE stmt;
	DEALLOCATE PREPARE stmt;
    END */$$
DELIMITER ;

/* Procedure structure for procedure `getPatientSpendingByServicesConsolidated` */

/*!50003 DROP PROCEDURE IF EXISTS  `getPatientSpendingByServicesConsolidated` */;

DELIMITER $$

/*!50003 CREATE DEFINER=`root`@`localhost` PROCEDURE `getPatientSpendingByServicesConsolidated`(IN afyaId VARCHAR(255), IN fromDate DATE, IN toDate DATE)
BEGIN
	SELECT 'Consultation' AS Service, IfNULL(SUM(IFNULL(inv.PATIENT_PAYABLE_OPD_CONSULTATION, 0)),0) AS patientPayable, IFNULL(SUM(IFNULL(inv.INSURANCE_PAYABLE_OPD_CONSULTATION,0)),0) AS insurancePayable, IFNULL(SUM(IFNULL(inv.AMOUNT_OPD_CONSULTATION,0)),0) AS amount
	FROM consolidated_invoice inv
	WHERE inv.AFYA_ID = afyaId AND (fromDate IS NULL OR inv.INVOICE_DATE >= fromDate) AND (toDate IS NULL OR inv.INVOICE_DATE <= toDate)
	UNION
	SELECT 'Procedure' AS Service, IFNULL(SUM(IFNULL(inv.PATIENT_PAYABLE_OPD_PROCEDURE,0)),0) AS patientPayable, IFNULL(SUM(IFNULL(inv.INSURANCE_PAYABLE_OPD_PROCEDURE,0)),0) AS insurancePayable, IFNULL(SUM(IFNULL(inv.AMOUNT_OPD_PROCEDURE,0)),0) AS amount
	FROM consolidated_invoice inv
	WHERE inv.AFYA_ID = afyaId AND (fromDate IS NULL OR inv.INVOICE_DATE >= fromDate) AND (toDate IS NULL OR inv.INVOICE_DATE <= toDate);
    END */$$
DELIMITER ;

/* Procedure structure for procedure `getPatientVisitCountByFacility` */

/*!50003 DROP PROCEDURE IF EXISTS  `getPatientVisitCountByFacility` */;

DELIMITER $$

/*!50003 CREATE DEFINER=`root`@`localhost` PROCEDURE `getPatientVisitCountByFacility`(IN afyaId VARCHAR(255), IN fromDate DATE, IN toDate DATE)
BEGIN

	DECLARE clinicVisitsTemplate TEXT;
	DECLARE clinicVisitsQuery TEXT;
	DECLARE clinicVisitsQueryFinal TEXT;
	DECLARE queryConsolidated TEXT;




	SET clinicVisitsTemplate = CONCAT("SELECT '{CLINIC_DB}' AS clinicDBName, {CLINIC_DB}.patient.AFYA_ID, {CLINIC_DB}.schedule.STATUS -- , {CLINIC_DB}.schedule.*
		FROM {CLINIC_DB}.schedule
		INNER JOIN {CLINIC_DB}.patient ON {CLINIC_DB}.patient.ID = {CLINIC_DB}.schedule.PATIENT_ID
		WHERE {CLINIC_DB}.schedule.STATUS = 'SOAPSIGNEDOUT' AND {CLINIC_DB}.patient.AFYA_ID='", afyaId ,"'",
		" AND ('", fromDate, "' IS NULL OR {CLINIC_DB}.schedule.START_DATE >= '", fromDate, "') AND ('",
		toDate, "' IS NULL OR {CLINIC_DB}.schedule.START_DATE <= '", toDate, "') ");


	SET group_concat_max_len = 4294967295;




	SELECT GROUP_CONCAT(tnt.qry SEPARATOR '
	UNION
	')
	INTO clinicVisitsQuery FROM
	(SELECT  REPLACE(clinicVisitsTemplate, '{CLINIC_DB}', getDBNameFromJdbcUrl(jdbc_url)) qry
		FROM tenant
		INNER JOIN clinic ON clinic.tenant_id = tenant.tenant_id
		INNER JOIN patient_clinic_assoc ON patient_clinic_assoc.clinic_id = clinic.clinic_id
		WHERE patient_clinic_assoc.afya_id = afyaId
	) tnt;


	SET @qryClinicVisitsCount = CONCAT("SELECT COUNT(1) INTO @clinicVisitsCount FROM (", clinicVisitsQuery, ") clinicVisits2;");
	SET @qryClinicVisitsClinicCount = CONCAT("SELECT COUNT(DISTINCT clinicDBName) INTO @clinicVisitsClinicCount FROM (", clinicVisitsQuery, ") clinicVisits1;");

	SET @qryConsolidate = CONCAT(
	"SELECT 'Clinics', @clinicVisitsCount AS visitCount, @clinicVisitsClinicCount AS facilityCount
	UNION
	SELECT 'Pharmacies', '' AS visitCount, '' AS facilityCount
	UNION
	SELECT 'Labs', '' AS visitCount, '' AS facilityCount;");


	PREPARE stmt FROM @qryClinicVisitsCount; EXECUTE stmt; DEALLOCATE PREPARE stmt;
	PREPARE stmt FROM @qryClinicVisitsClinicCount; EXECUTE stmt; DEALLOCATE PREPARE stmt;
	PREPARE stmt FROM @qryConsolidate; EXECUTE stmt; DEALLOCATE PREPARE stmt;



    END */$$
DELIMITER ;

/* Procedure structure for procedure `getPatientVisitCountByFacilityConsolidated` */

/*!50003 DROP PROCEDURE IF EXISTS  `getPatientVisitCountByFacilityConsolidated` */;

DELIMITER $$

/*!50003 CREATE DEFINER=`root`@`localhost` PROCEDURE `getPatientVisitCountByFacilityConsolidated`(IN afyaId VARCHAR(255), IN fromDate DATE, IN toDate DATE)
BEGIN

	DECLARE clinicVisitsCount INT;
	DECLARE clinicVisitsClinicCount INT;

	SELECT COUNT(1) INTO clinicVisitsCount FROM consolidated_schedule sch
	WHERE sch.STATUS = 'SOAPSIGNEDOUT' AND sch.AFYA_ID = 'KWT25'
		AND (fromDate IS NULL OR fromDate >= sch.START_DATE) AND (toDate IS NULL OR toDate <= sch.START_DATE);
	SELECT COUNT(DISTINCT sch.CLINIC_ID) INTO clinicVisitsClinicCount FROM consolidated_schedule sch
	WHERE sch.STATUS = 'SOAPSIGNEDOUT' AND sch.AFYA_ID = 'KWT25'
		AND (fromDate IS NULL OR fromDate >= sch.START_DATE) AND (toDate IS NULL OR toDate <= sch.START_DATE);

	SELECT 'Clinics', clinicVisitsCount AS visitCount, clinicVisitsClinicCount AS facilityCount
	UNION
	SELECT 'Pharmacies', '0' AS visitCount, '0' AS facilityCount
	UNION
	SELECT 'Labs', '0' AS visitCount, '0' AS facilityCount;

    END */$$
DELIMITER ;

/* Procedure structure for procedure `getPatientVisitCountByServices` */

/*!50003 DROP PROCEDURE IF EXISTS  `getPatientVisitCountByServices` */;

DELIMITER $$

/*!50003 CREATE DEFINER=`root`@`localhost` PROCEDURE `getPatientVisitCountByServices`(IN afyaId varchar(255), IN fromDate DATE, IN toDate DATE)
BEGIN

	DECLARE clinicVisitsTemplate TEXT;
	declare clinicVisitsQuery text;
	DECLARE clinicVisitsQueryFinal TEXT;
	DECLARE queryConsolidated TEXT;




	set clinicVisitsTemplate = concat("SELECT '{CLINIC_DB}' AS clinicDBName, {CLINIC_DB}.patient.AFYA_ID, {CLINIC_DB}.schedule.STATUS, {CLINIC_DB}.slot_type.NAME AS visitType -- , {CLINIC_DB}.schedule.*
		FROM {CLINIC_DB}.schedule
		INNER JOIN {CLINIC_DB}.patient ON {CLINIC_DB}.patient.ID = {CLINIC_DB}.schedule.PATIENT_ID
		INNER JOIN {CLINIC_DB}.slot_type ON {CLINIC_DB}.slot_type.ID = {CLINIC_DB}.schedule.SOAP_NOTE_TYPE
		WHERE {CLINIC_DB}.schedule.STATUS = 'SOAPSIGNEDOUT' AND {CLINIC_DB}.patient.AFYA_ID='", afyaId ,"'",
		" AND ('", fromDate, "' IS NULL OR {CLINIC_DB}.schedule.START_DATE >= '", fromDate, "') AND ('",
		toDate, "' IS NULL OR {CLINIC_DB}.schedule.START_DATE <= '", toDate, "') ");


	SET group_concat_max_len = 4294967295;




	SELECT GROUP_CONCAT(tnt.qry SEPARATOR '
	UNION
	')
	INTO clinicVisitsQuery FROM
	(SELECT  REPLACE(clinicVisitsTemplate, '{CLINIC_DB}', getDBNameFromJdbcUrl(jdbc_url)) qry
		FROM tenant
		INNER JOIN clinic ON clinic.tenant_id = tenant.tenant_id
		INNER JOIN patient_clinic_assoc ON patient_clinic_assoc.clinic_id = clinic.clinic_id
		WHERE patient_clinic_assoc.afya_id = afyaId
	) tnt;


	SET @qryClinicVisitsCount = CONCAT("SELECT COUNT(1), clinicVisits2.visitType FROM (", clinicVisitsQuery, ") clinicVisits2 GROUP BY clinicVisits2.visitType;");



	PREPARE stmt FROM @qryClinicVisitsCount; EXECUTE stmt; DEALLOCATE PREPARE stmt;





    END */$$
DELIMITER ;

/* Procedure structure for procedure `getPatientVisitCountByServicesConsolidated` */

/*!50003 DROP PROCEDURE IF EXISTS  `getPatientVisitCountByServicesConsolidated` */;

DELIMITER $$

/*!50003 CREATE DEFINER=`root`@`localhost` PROCEDURE `getPatientVisitCountByServicesConsolidated`(IN afyaId VARCHAR(255), IN fromDate DATE, IN toDate DATE)
BEGIN
	SELECT COUNT(1) AS visitCount, sch.VISIT_TYPE AS visitType
	FROM consolidated_schedule sch
	WHERE sch.STATUS = 'SOAPSIGNEDOUT' AND sch.AFYA_ID = 'KWT25'
		AND (fromDate IS NULL OR fromDate >= sch.START_DATE) AND (toDate IS NULL OR toDate <= sch.START_DATE)
	GROUP BY sch.VISIT_TYPE;
    END */$$
DELIMITER ;

/* Procedure structure for procedure `getUpcomingAppointments` */

/*!50003 DROP PROCEDURE IF EXISTS  `getUpcomingAppointments` */;

DELIMITER $$

/*!50003 CREATE DEFINER=`root`@`localhost` PROCEDURE `getUpcomingAppointments`(in afyaId varchar(255))
BEGIN

	DECLARE template TEXT;
	DECLARE finalQry LONGTEXT;


	SET template = CONCAT("(SELECT sch.ID AS scheduleId, pat.afya_id AS afyaId, st.NAME AS visitType, cli.clinic_id AS clinicId, cli.clinic_name AS clinicName
			, per.ID AS doctorId, per.FIRST_NAME AS doctorFirstName, per.MIDDLE_NAME AS doctorMiddleName, per.LAST_NAME AS doctorLastName
			, DATE_FORMAT(sch.START_DATE,'%d-%m-%Y') AS appointmentDate, CONCAT(DATE_FORMAT(sch.START_TIME, '%H:%i'), ' - ', DATE_FORMAT(sch.END_TIME, '%H:%i')) AS appointmentSlot
			, per.MOBILE_NUMBER AS doctorMobileNumber, per.OFFICE_PHONE AS doctorOfficeNumber -- , afya_clinic.schedule.*
		FROM {CLINIC_DB}.schedule sch
		INNER JOIN {CLINIC_DB}.Patient pat ON pat.ID = sch.PATIENT_ID
		INNER JOIN patient_clinic_assoc assoc ON assoc.afya_id = pat.afya_id
		INNER JOIN clinic cli ON cli.clinic_id = assoc.clinic_id
		INNER JOIN {CLINIC_DB}.person per ON per.ID = sch.PERSON_ID
		INNER JOIN {CLINIC_DB}.slot_type st ON st.ID = sch.SOAP_NOTE_TYPE
		WHERE sch.STATUS = 'SCHEDULED' AND (sch.start_date > CURDATE() OR (sch.start_date = CURDATE() AND sch.start_time > CURTIME())) AND assoc.afya_id = '",
		afyaId, "' ORDER BY sch.start_date ASC, sch.start_time ASC)");


	SET group_concat_max_len = 4294967295;




	SELECT GROUP_CONCAT(tmpTbl.qry SEPARATOR '
	UNION
	')
	INTO finalQry FROM
	(SELECT  REPLACE(template, '{CLINIC_DB}', getDBNameFromJdbcUrl(tenant.jdbc_url)) qry
	FROM clinic
	INNER JOIN tenant ON tenant.tenant_id = clinic.tenant_id and clinic.clinic_id = '1') tmpTbl;

-- select @finalQry;

	SET @finalQry = finalQry;
	PREPARE stmt FROM @finalQry;
	EXECUTE stmt;
	DEALLOCATE PREPARE stmt;

    END */$$
DELIMITER ;

/* Procedure structure for procedure `getVisitHistory` */

/*!50003 DROP PROCEDURE IF EXISTS  `getVisitHistory` */;

DELIMITER $$

/*!50003 CREATE DEFINER=`root`@`localhost` PROCEDURE `getVisitHistory`(IN afyaId VARCHAR(255), IN fromDate DATE, IN toDate DATE, IN clinicName VARCHAR(255), IN doctorName varchar(255), IN visitType varchar(255))
BEGIN

	DECLARE clinicVisitHistoryTemplate TEXT;
	DECLARE clinicVisitHistoryQuery TEXT;
	DECLARE clinicVisitsQueryFinal TEXT;
	DECLARE queryConsolidated TEXT;
	DECLARE fromDateStr VARCHAR(100);
	DECLARE toDateStr VARCHAR(100);



	SET fromDateStr = IFNULL(fromDate, '');
	SET toDateStr = IFNULL(toDate, '');
	SET clinicName = IFNULL(clinicName, '');
	SET doctorName = IFNULL(doctorName, '');
	set visitType = ifnull(visitType, '');


	SET clinicVisitHistoryTemplate = CONCAT("SELECT 'Clinic' AS providerType, {CLINIC_DB}.patient.AFYA_ID, '{CLINIC_NAME}' AS provider, {CLINIC_DB}.slot_type.NAME AS visitType, {CLINIC_DB}.schedule.START_DATE AS visitDate, {CLINIC_DB}.schedule.START_TIME AS visitStartTime,  {CLINIC_DB}.schedule.END_TIME AS visitEndTime, CONCAT(IFNULL({CLINIC_DB}.person.FIRST_NAME, ''), ' ', IFNULL({CLINIC_DB}.person.MIDDLE_NAME, ''), ' ', IFNULL({CLINIC_DB}.person.LAST_NAME, '')) AS doctor
		FROM {CLINIC_DB}.schedule
		INNER JOIN {CLINIC_DB}.patient ON {CLINIC_DB}.patient.ID = {CLINIC_DB}.schedule.PATIENT_ID
		INNER JOIN {CLINIC_DB}.person ON {CLINIC_DB}.person.ID = {CLINIC_DB}.schedule.PERSON_ID
		INNER JOIN {CLINIC_DB}.slot_type ON {CLINIC_DB}.slot_type.ID = {CLINIC_DB}.schedule.SOAP_NOTE_TYPE
		WHERE {CLINIC_DB}.schedule.STATUS = 'SOAPSIGNEDOUT' AND {CLINIC_DB}.patient.AFYA_ID='", afyaId ,"'",
		" AND (CHAR_LENGTH('", fromDateStr, "') = 0 OR {CLINIC_DB}.schedule.START_DATE >= '", fromDateStr,
		"') AND (CHAR_LENGTH('", toDateStr, "') = 0 OR {CLINIC_DB}.schedule.START_DATE <= '", toDateStr,
		"') AND (CHAR_LENGTH('", clinicName, "') = 0 OR LOCATE('", clinicName, "', '{CLINIC_NAME}') > 0 ",
		") AND (CHAR_LENGTH('", doctorName, "') = 0 OR LOCATE('", doctorName, "', CONCAT(IFNULL({CLINIC_DB}.person.FIRST_NAME, ''), ' ', IFNULL({CLINIC_DB}.person.MIDDLE_NAME,''), ' ', IFNULL({CLINIC_DB}.person.LAST_NAME, ''))) > 0 ",
		") AND (CHAR_LENGTH('", visitType, "') = 0 OR LOCATE('", visitType, "',{CLINIC_DB}.slot_type.NAME) > 0); ");


	SET group_concat_max_len = 4294967295;



	SELECT GROUP_CONCAT(tnt.qry SEPARATOR '
	UNION
	')
	INTO clinicVisitHistoryQuery FROM
	(SELECT  REPLACE(REPLACE(clinicVisitHistoryTemplate, '{CLINIC_NAME}', clinic.clinic_name), '{CLINIC_DB}', getDBNameFromJdbcUrl(jdbc_url)) qry
		FROM tenant
		INNER JOIN clinic ON clinic.tenant_id = tenant.tenant_id
		INNER JOIN patient_clinic_assoc ON patient_clinic_assoc.clinic_id = clinic.clinic_id
		WHERE patient_clinic_assoc.afya_id = afyaId
	) tnt;




	SET @clinicVisitHistoryQuery = clinicVisitHistoryQuery;
	PREPARE stmt FROM @clinicVisitHistoryQuery;
	EXECUTE stmt;
	DEALLOCATE PREPARE stmt;

    END */$$
DELIMITER ;

/* Procedure structure for procedure `getVisitHistoryConsolidated` */

/*!50003 DROP PROCEDURE IF EXISTS  `getVisitHistoryConsolidated` */;

DELIMITER $$

DELIMITER $$

USE `afya_portal1`$$

DROP PROCEDURE IF EXISTS `getVisitHistoryConsolidated`$$

CREATE PROCEDURE `getVisitHistoryConsolidated`(IN afyaId VARCHAR(255), IN fromDate DATE, IN toDate DATE, IN clinicName VARCHAR(255), IN doctorName VARCHAR(255), IN visitType VARCHAR(255))
BEGIN
	-- SET fromDateStr = IFNULL(fromDate, '');
	-- SET toDateStr = IFNULL(toDate, '');
	SET clinicName = IFNULL(clinicName, '');
	SET doctorName = IFNULL(doctorName, '');
	SET visitType = IFNULL(visitType, '');
	SELECT 'Clinic' AS providerType, sch.AFYA_ID, clinic.clinic_name AS provider, clinic.tenant_id AS clinicTenantId,
	clinic.address AS providerAddress, clinic.additional_address AS providerAdditionalAddress, clinic.mobile AS providerMobile, clinic.email AS providerEmail,sch.VISIT_TYPE AS visitType
		, sch.START_DATE AS visitDate, sch.START_TIME AS visitStartTime,  sch.END_TIME AS visitEndTime
		, CONCAT(DATE_FORMAT(sch.START_TIME, '%H:%i'), ' - ', DATE_FORMAT(sch.END_TIME, '%H:%i')) AS appointmentSlot
		-- , CONCAT(IFNULL(doctor.first_name, ''), ' ', IFNULL('doctor.middle_name', ''), ' '
		, CONCAT(IFNULL(doctor.first_name, ''), ' ', IFNULL(doctor.last_name, '')) AS doctor
		, DATE_FORMAT(sch.START_TIME, '%Y-%m-%d %H:%i:%s') AS visitStartDateTime
		, DATE_FORMAT(sch.END_TIME,'%Y-%m-%d %H:%i:%s') AS visitEndDateTime, doctor.doctor_id AS doctorId
		FROM consolidated_schedule sch
		INNER JOIN clinic ON clinic.clinic_id = sch.CLINIC_ID
		INNER JOIN doctor ON doctor.doctor_id = sch.PERSON_ID AND doctor.clinic_id = sch.CLINIC_ID
		WHERE sch.STATUS = 'SOAPSIGNEDOUT' AND sch.AFYA_ID=afyaId
			AND (fromDate IS NULL OR sch.START_DATE >= fromDate)
			AND (toDate IS NULL OR sch.START_DATE <= toDate)
			AND (CHAR_LENGTH(clinicName) = 0 OR LOCATE(clinicName, clinic.clinic_name) > 0)
			AND (CHAR_LENGTH(doctorName) = 0 OR LOCATE(doctorName, CONCAT(IFNULL(doctor.FIRST_NAME, ''), ' ', IFNULL('doctor.MIDDLE_NAME',''), ' ', IFNULL(doctor.LAST_NAME, ''))) > 0)
			AND (CHAR_LENGTH(visitType) = 0 OR LOCATE(visitType, sch.VISIT_TYPE) > 0);
    END$$

DELIMITER ;

/* Procedure structure for procedure `ScheduleJob_populateConsolidatedClinicTariff` */

/*!50003 DROP PROCEDURE IF EXISTS  `ScheduleJob_populateConsolidatedClinicTariff` */;

DELIMITER $$

/*!50003 CREATE DEFINER=`root`@`localhost` PROCEDURE `ScheduleJob_populateConsolidatedClinicTariff`()
BEGIN

	DECLARE template TEXT;
	DECLARE inertQry LONGTEXT;
	DECLARE currReferenceDate DATETIME;





	SET template = "
			SELECT  trf.SERVICE_TYPE, trf.SERVICE_MAIN_GROUP, trf.SERVICE_SUB_GROUP, trf.PROCEDURE_CODE, trf.VISIT_TYPE, trf.DOCTOR, trf.TARIFF_CATEGORY, trf.PATIENT_CATEGORY, trf.CLINIC_SHARE,
				trf.DOCTOR_SHARE, trf.TECHNICIAN_SHARE, trf.SERVICE_COST, trf.MARKUP_PERCENT, trf.MARKUP_AMOUNT, trf.TAX_PERCENT, trf.TAX_AMOUNT, trf.BILLABLE_AMOUNT_MIN, trf.BILLABLE_AMOUNT,
				trf.BILLABLE_AMOUNT_MAX, trf.COPAY, trf.COPAY_TYPE, trf.TELE_CONSULTATION_ALLOWED, trf.FROM_DATE, trf.THRU_DATE, trf.SERVICE_ID,
				{CLINIC_DB}.slot_type.NAME AS VISIT_TYPE_NAME, {CLINIC_ID} AS CLINIC_ID, NOW() AS JOB_REFERENCE
			FROM {CLINIC_DB}.clinic_tariff trf
			INNER JOIN {CLINIC_DB}.slot_type ON {CLINIC_DB}.slot_type.ID = trf.VISIT_TYPE ";


	SET group_concat_max_len = 4294967295;


	SELECT GROUP_CONCAT(tmpTbl.qry SEPARATOR '
	UNION
	')
	INTO inertQry FROM
	(SELECT  REPLACE(REPLACE(template,'{CLINIC_ID}',clinic.clinic_id), '{CLINIC_DB}', getDBNameFromJdbcUrl(jdbc_url)) qry
	FROM clinic
	INNER JOIN tenant ON tenant.tenant_id = clinic.tenant_id) tmpTbl;
	SET inertQry = CONCAT("INSERT INTO `consolidated_clinic_tariff`
			(`SERVICE_TYPE`,
			`SERVICE_MAIN_GROUP`,
			`SERVICE_SUB_GROUP`,
			`PROCEDURE_CODE`,
			`VISIT_TYPE`,
			`DOCTOR`,
			`TARIFF_CATEGORY`,
			`PATIENT_CATEGORY`,
			`CLINIC_SHARE`,
			`DOCTOR_SHARE`,
			`TECHNICIAN_SHARE`,
			`SERVICE_COST`,
			`MARKUP_PERCENT`,
			`MARKUP_AMOUNT`,
			`TAX_PERCENT`,
			`TAX_AMOUNT`,
			`BILLABLE_AMOUNT_MIN`,
			`BILLABLE_AMOUNT`,
			`BILLABLE_AMOUNT_MAX`,
			`COPAY`,
			`COPAY_TYPE`,
			`TELE_CONSULTATION_ALLOWED`,
			`FROM_DATE`,
			`THRU_DATE`,
			`SERVICE_ID`,
			`VISIT_TYPE_NAME`,
			`CLINIC_ID`,
			`JOB_REFERENCE`)
			",
		" SELECT
			`SERVICE_TYPE`,
			`SERVICE_MAIN_GROUP`,
			`SERVICE_SUB_GROUP`,
			`PROCEDURE_CODE`,
			`VISIT_TYPE`,
			`DOCTOR`,
			`TARIFF_CATEGORY`,
			`PATIENT_CATEGORY`,
			`CLINIC_SHARE`,
			`DOCTOR_SHARE`,
			`TECHNICIAN_SHARE`,
			`SERVICE_COST`,
			`MARKUP_PERCENT`,
			`MARKUP_AMOUNT`,
			`TAX_PERCENT`,
			`TAX_AMOUNT`,
			`BILLABLE_AMOUNT_MIN`,
			`BILLABLE_AMOUNT`,
			`BILLABLE_AMOUNT_MAX`,
			`COPAY`,
			`COPAY_TYPE`,
			`TELE_CONSULTATION_ALLOWED`,
			`FROM_DATE`,
			`THRU_DATE`,
			`SERVICE_ID`,
			`VISIT_TYPE_NAME`,
			`CLINIC_ID`,
			`JOB_REFERENCE`
		FROM (", inertQry, ") tmpTbl;");




	SET @deleteQry = "DELETE FROM `consolidated_clinic_tariff`"; PREPARE stmt FROM @deleteQry;EXECUTE stmt;DEALLOCATE PREPARE stmt;
	SET @inertQry = inertQry; PREPARE stmt FROM @inertQry;EXECUTE stmt;DEALLOCATE PREPARE stmt;
    END */$$
DELIMITER ;

/* Procedure structure for procedure `ScheduleJob_populateConsolidatedInvoice` */

/*!50003 DROP PROCEDURE IF EXISTS  `ScheduleJob_populateConsolidatedInvoice` */;

DELIMITER $$

/*!50003 CREATE DEFINER=`root`@`localhost` PROCEDURE `ScheduleJob_populateConsolidatedInvoice`()
BEGIN

	DECLARE selectQueryTemplateBase TEXT;
	DECLARE selectQueryTemplateForInsert TEXT;
	DECLARE selectQueryTemplateForUpdate TEXT;
	DECLARE selectQueryForInsert TEXT;
	DECLARE selectQueryForUpdate TEXT;
	DECLARE insertQuery TEXT;
	DECLARE updateQuery TEXT;

	SET group_concat_max_len = 4294967295;

	SET selectQueryTemplateBase = "

	SELECT 	cinv.ID, cinv.IS_ACTIVE, cinv.CREATED_BY, cinv.CREATE_TX_TIMESTAMP, cinv.DEACTIVATION_REASON, cinv.UPDATE_BY, cinv.UPDATED_TX_TIMESTAMP, cinv.VERSION, cinv.BILL_DATE,
		cinv.COLLECTED_PRICE, cinv.COLLECTED_BY_USER, cinv.EXTERNAL_PATIENT, cinv.EXTERNAL_PROVIDER, cinv.GENERATED_ON, cinv.INVOICE_DATE, cinv.INVOICE_NUMBER,
		cinv.INVOICE_STATUS, cinv.INVOICE_TYPE, cinv.IP_NUMBER, cinv.IS_ADVANCE, cinv.IS_DEDUCTED, cinv.ITEM_ID, cinv.ITEM_TYPE, cinv.REFERRAL_CONSULTANT_ID, cinv.AMOUNT,
		cinv.WRITE_OFF_BY, cinv.WRITE_OFF_DATE, cinv.WRITTENOFF_PRICE, cinv.WRITTEN_OFF_REASON, cinv.DEACTIVATEDBY, cinv.CONSULTANT, cinv.CONTRACT, cinv.LOCATION_ID,
		cinv.PATIENT, cinv.TOTAL_AUTHORIZATION_AMOUNT, cinv.TOTAL_COPAY_AMOUNT, cinv.TOTAL_DEDUCTABLE_AMOUNT, cinv.PATIENT_INSURANCE_ID, cinv.SELECTED_HIS_MODULE_ID,
		cinv.CONCESSION_AMOUNT, cinv.CONCESSION_AUTHORISER, cinv.CONCESSION_REASON, cinv.CONCESSION_TYPE, cinv.CANCEL_AUTHORISER, cinv.CANCEL_REASON, cinv.TOTAL_REFERRAL_AMOUNT_PAYABLE,
		cinv.TOTAL_REFERRAL_AMOUNT_TOBE_PAID, pat.AFYA_ID, 'Clinic' AS PROVIDER_TYPE, '{CLINIC_NAME}' AS PROVIDER_NAME,
		CONCAT(IFNULL(per.FIRST_NAME, ''), ' ', IFNULL(per.MIDDLE_NAME, ''), ' ', IFNULL(per.LAST_NAME, '')) AS DOCTOR_NAME,
		(IFNULL(cinv.TOTAL_COPAY_AMOUNT, 0) + IFNULL(cinv.TOTAL_DEDUCTABLE_AMOUNT, 0)) AS PATIENT_PAYABLE,
		(cinv.AMOUNT - (IFNULL(cinv.TOTAL_COPAY_AMOUNT, 0) + IFNULL(cinv.TOTAL_DEDUCTABLE_AMOUNT, 0))) AS INSURANCE_PAYABLE,
		(SELECT IFNULL(SUM({CLINIC_DB}.getPatientPayable(invitm.ID)),0) FROM {CLINIC_DB}.invoice_item invitm WHERE invitm.ITEM_ID = cinv.ITEM_ID AND invitm.ITEM_TYPE = 'OPD_CONSULTATION') AS PATIENT_PAYABLE_OPD_CONSULTATION,
		(SELECT IFNULL(SUM(invitm.AMOUNT - {CLINIC_DB}.getPatientPayable(invitm.ID)),0) FROM {CLINIC_DB}.invoice_item invitm WHERE invitm.ITEM_ID = cinv.ITEM_ID AND invitm.ITEM_TYPE = 'OPD_CONSULTATION') AS INSURANCE_PAYABLE_OPD_CONSULTATION,
		(SELECT IFNULL(SUM(invitm.AMOUNT),0) FROM {CLINIC_DB}.invoice_item invitm WHERE invitm.ITEM_ID = cinv.ITEM_ID AND invitm.ITEM_TYPE = 'OPD_CONSULTATION') AS AMOUNT_OPD_CONSULTATION,
		(SELECT IFNULL(SUM({CLINIC_DB}.getPatientPayable(invitm.ID)),0) FROM {CLINIC_DB}.invoice_item invitm WHERE invitm.ITEM_ID = cinv.ITEM_ID AND invitm.ITEM_TYPE = 'OPD_PROCEDURE') AS PATIENT_PAYABLE_OPD_PROCEDURE,
		(SELECT IFNULL(SUM(invitm.AMOUNT - {CLINIC_DB}.getPatientPayable(invitm.ID)),0) FROM {CLINIC_DB}.invoice_item invitm WHERE invitm.ITEM_ID = cinv.ITEM_ID AND invitm.ITEM_TYPE = 'OPD_PROCEDURE') AS INSURANCE_PAYABLE_OPD_PROCEDURE,
		(SELECT IFNULL(SUM(invitm.AMOUNT),0) FROM {CLINIC_DB}.invoice_item invitm WHERE invitm.ITEM_ID = cinv.ITEM_ID AND invitm.ITEM_TYPE = 'OPD_PROCEDURE') AS AMOUNT_OPD_PROCEDURE,
		'{CLINIC_ID}' AS CLINIC_ID, NOW() AS JOB_REFERENCE
	FROM {CLINIC_DB}.invoice cinv
	INNER JOIN {CLINIC_DB}.patient pat ON pat.ID = cinv.PATIENT
	INNER JOIN {CLINIC_DB}.person per ON per.ID = cinv.CONSULTANT
	WHERE cinv.{TIMESTAMP_COLUMN} > (SELECT IFNULL(MAX(cinv1.{TIMESTAMP_COLUMN}), '1970-01-01 00:00:01') FROM consolidated_invoice cinv1 WHERE cinv1.CLINIC_ID = '{CLINIC_ID}' ) ";

	SET selectQueryTemplateForInsert = REPLACE(selectQueryTemplateBase, '{TIMESTAMP_COLUMN}', 'CREATE_TX_TIMESTAMP');
	SET selectQueryTemplateForUpdate = REPLACE(selectQueryTemplateBase, '{TIMESTAMP_COLUMN}', 'UPDATED_TX_TIMESTAMP');



	SELECT GROUP_CONCAT(tnt.qry SEPARATOR '
	UNION
	')
	INTO selectQueryForInsert FROM
	(SELECT  REPLACE(REPLACE(REPLACE(selectQueryTemplateForInsert, '{CLINIC_NAME}', clinic.clinic_name), '{CLINIC_ID}', clinic.clinic_id), '{CLINIC_DB}', getDBNameFromJdbcUrl(jdbc_url)) qry
		FROM tenant
		INNER JOIN clinic ON clinic.tenant_id = tenant.tenant_id
	) tnt;






	SELECT GROUP_CONCAT(tnt.qry SEPARATOR '
	UNION
	')
	INTO selectQueryForUpdate FROM
	(SELECT  REPLACE(REPLACE(selectQueryTemplateForUpdate, '{CLINIC_ID}', clinic.clinic_id), '{CLINIC_DB}', getDBNameFromJdbcUrl(jdbc_url)) qry
		FROM tenant
		INNER JOIN clinic ON clinic.tenant_id = tenant.tenant_id
	) tnt;




	SET insertQuery = "
	    INSERT INTO `consolidated_invoice`
		(`ID`, `IS_ACTIVE`, `CREATED_BY`, `CREATE_TX_TIMESTAMP`, `DEACTIVATION_REASON`, `UPDATE_BY`, `UPDATED_TX_TIMESTAMP`, `VERSION`, `BILL_DATE`,
		`COLLECTED_PRICE`, `COLLECTED_BY_USER`, `EXTERNAL_PATIENT`, `EXTERNAL_PROVIDER`, `GENERATED_ON`, `INVOICE_DATE`, `INVOICE_NUMBER`, `INVOICE_STATUS`,
		`INVOICE_TYPE`, `IP_NUMBER`, `IS_ADVANCE`, `IS_DEDUCTED`, `ITEM_ID`, `ITEM_TYPE`, `REFERRAL_CONSULTANT_ID`, `AMOUNT`, `WRITE_OFF_BY`, `WRITE_OFF_DATE`,
		`WRITTENOFF_PRICE`, `WRITTEN_OFF_REASON`, `DEACTIVATEDBY`, `CONSULTANT`, `CONTRACT`, `LOCATION_ID`, `PATIENT`, `TOTAL_AUTHORIZATION_AMOUNT`,
		`TOTAL_COPAY_AMOUNT`, `TOTAL_DEDUCTABLE_AMOUNT`, `PATIENT_INSURANCE_ID`, `SELECTED_HIS_MODULE_ID`, `CONCESSION_AMOUNT`, `CONCESSION_AUTHORISER`,
		`CONCESSION_REASON`, `CONCESSION_TYPE`, `CANCEL_AUTHORISER`, `CANCEL_REASON`, `TOTAL_REFERRAL_AMOUNT_PAYABLE`, `TOTAL_REFERRAL_AMOUNT_TOBE_PAID`,
		`AFYA_ID`, `PROVIDER_TYPE`, `PROVIDER_NAME`, `DOCTOR_NAME`, `PATIENT_PAYABLE`, `INSURANCE_PAYABLE`, `PATIENT_PAYABLE_OPD_CONSULTATION`,
		`INSURANCE_PAYABLE_OPD_CONSULTATION`,`AMOUNT_OPD_CONSULTATION`,`PATIENT_PAYABLE_OPD_PROCEDURE`,`INSURANCE_PAYABLE_OPD_PROCEDURE`,`AMOUNT_OPD_PROCEDURE`,
		`CLINIC_ID`, `JOB_REFERENCE`
		)";

	SET insertQuery = CONCAT(insertQuery, "
		SELECT * FROM
		(", selectQueryForInsert, ") tmptbl");





	SET updateQuery = CONCAT("
			UPDATE consolidated_invoice coninv
			LEFT JOIN (", selectQueryForUpdate, ") inv ON inv.ID = coninv.ID AND inv.CLINIC_ID = coninv.CLINIC_ID AND inv.UPDATED_TX_TIMESTAMP >  coninv.UPDATED_TX_TIMESTAMP
			SET
				coninv.IS_ACTIVE = inv.IS_ACTIVE ,
				coninv.CREATED_BY = inv.CREATED_BY ,
				coninv.CREATE_TX_TIMESTAMP = inv.CREATE_TX_TIMESTAMP ,
				coninv.DEACTIVATION_REASON = inv.DEACTIVATION_REASON ,
				coninv.UPDATE_BY = inv.UPDATE_BY ,
				coninv.UPDATED_TX_TIMESTAMP = inv.UPDATED_TX_TIMESTAMP ,
				coninv.VERSION = inv.VERSION ,
				coninv.BILL_DATE = inv.BILL_DATE ,
				coninv.COLLECTED_PRICE = inv.COLLECTED_PRICE ,
				coninv.COLLECTED_BY_USER = inv.COLLECTED_BY_USER ,
				coninv.EXTERNAL_PATIENT = inv.EXTERNAL_PATIENT ,
				coninv.EXTERNAL_PROVIDER = inv.EXTERNAL_PROVIDER ,
				coninv.GENERATED_ON = inv.GENERATED_ON ,
				coninv.INVOICE_DATE = inv.INVOICE_DATE ,
				coninv.INVOICE_NUMBER = inv.INVOICE_NUMBER ,
				coninv.INVOICE_STATUS = inv.INVOICE_STATUS ,
				coninv.INVOICE_TYPE = inv.INVOICE_TYPE ,
				coninv.IP_NUMBER = inv.IP_NUMBER ,
				coninv.IS_ADVANCE = inv.IS_ADVANCE ,
				coninv.IS_DEDUCTED = inv.IS_DEDUCTED ,
				coninv.ITEM_ID = inv.ITEM_ID ,
				coninv.ITEM_TYPE = inv.ITEM_TYPE ,
				coninv.REFERRAL_CONSULTANT_ID = inv.REFERRAL_CONSULTANT_ID ,
				coninv.AMOUNT = inv.AMOUNT ,
				coninv.WRITE_OFF_BY = inv.WRITE_OFF_BY ,
				coninv.WRITE_OFF_DATE = inv.WRITE_OFF_DATE ,
				coninv.WRITTENOFF_PRICE = inv.WRITTENOFF_PRICE ,
				coninv.WRITTEN_OFF_REASON = inv.WRITTEN_OFF_REASON ,
				coninv.DEACTIVATEDBY = inv.DEACTIVATEDBY ,
				coninv.CONSULTANT = inv.CONSULTANT ,
				coninv.CONTRACT = inv.CONTRACT ,
				coninv.LOCATION_ID = inv.LOCATION_ID ,
				coninv.PATIENT = inv.PATIENT ,
				coninv.TOTAL_AUTHORIZATION_AMOUNT = inv.TOTAL_AUTHORIZATION_AMOUNT ,
				coninv.TOTAL_COPAY_AMOUNT = inv.TOTAL_COPAY_AMOUNT ,
				coninv.TOTAL_DEDUCTABLE_AMOUNT = inv.TOTAL_DEDUCTABLE_AMOUNT ,
				coninv.PATIENT_INSURANCE_ID = inv.PATIENT_INSURANCE_ID ,
				coninv.SELECTED_HIS_MODULE_ID = inv.SELECTED_HIS_MODULE_ID ,
				coninv.CONCESSION_AMOUNT = inv.CONCESSION_AMOUNT ,
				coninv.CONCESSION_AUTHORISER = inv.CONCESSION_AUTHORISER ,
				coninv.CONCESSION_REASON = inv.CONCESSION_REASON ,
				coninv.CONCESSION_TYPE = inv.CONCESSION_TYPE ,
				coninv.CANCEL_AUTHORISER = inv.CANCEL_AUTHORISER ,
				coninv.CANCEL_REASON = inv.CANCEL_REASON ,
				coninv.TOTAL_REFERRAL_AMOUNT_PAYABLE = inv.TOTAL_REFERRAL_AMOUNT_PAYABLE ,
				coninv.TOTAL_REFERRAL_AMOUNT_TOBE_PAID = inv.TOTAL_REFERRAL_AMOUNT_TOBE_PAID ,
				coninv.AFYA_ID = inv.AFYA_ID ,
				coninv.PROVIDER_TYPE = inv.PROVIDER_TYPE ,
				coninv.PROVIDER_NAME = inv.PROVIDER_NAME ,
				coninv.DOCTOR_NAME = inv.DOCTOR_NAME ,
				coninv.PATIENT_PAYABLE = inv.PATIENT_PAYABLE ,
				coninv.INSURANCE_PAYABLE = inv.INSURANCE_PAYABLE ,
				coninv.PATIENT_PAYABLE_OPD_CONSULTATION = inv.PATIENT_PAYABLE_OPD_CONSULTATION ,
				coninv.INSURANCE_PAYABLE_OPD_CONSULTATION = inv.INSURANCE_PAYABLE_OPD_CONSULTATION ,
				coninv.AMOUNT_OPD_CONSULTATION = inv.AMOUNT_OPD_CONSULTATION ,
				coninv.PATIENT_PAYABLE_OPD_PROCEDURE = inv.PATIENT_PAYABLE_OPD_PROCEDURE ,
				coninv.INSURANCE_PAYABLE_OPD_PROCEDURE = inv.INSURANCE_PAYABLE_OPD_PROCEDURE ,
				coninv.AMOUNT_OPD_PROCEDURE = inv.AMOUNT_OPD_PROCEDURE ,
				coninv.JOB_REFERENCE = inv.JOB_REFERENCE
			WHERE inv.ID = coninv.ID AND inv.CLINIC_ID = coninv.CLINIC_ID AND inv.UPDATED_TX_TIMESTAMP >  coninv.UPDATED_TX_TIMESTAMP; ");





	SET @insertQuery = insertQuery; PREPARE stmt FROM @insertQuery; EXECUTE stmt; DEALLOCATE PREPARE stmt;
	SET @updateQuery = updateQuery; PREPARE stmt FROM @updateQuery; EXECUTE stmt; DEALLOCATE PREPARE stmt;

    END */$$
DELIMITER ;

/* Procedure structure for procedure `ScheduleJob_populateConsolidatedSchedule` */

/*!50003 DROP PROCEDURE IF EXISTS  `ScheduleJob_populateConsolidatedSchedule` */;

DELIMITER $$

/*!50003 CREATE DEFINER=`root`@`localhost` PROCEDURE `ScheduleJob_populateConsolidatedSchedule`()
BEGIN


	DECLARE selectQueryTemplateBase TEXT;
	DECLARE selectQueryTemplateForInsert TEXT;
	DECLARE selectQueryTemplateForUpdate TEXT;
	DECLARE selectQueryForInsert TEXT;
	DECLARE selectQueryForUpdate TEXT;
	DECLARE insertQuery TEXT;
	DECLARE updateQuery TEXT;

	SET group_concat_max_len = 4294967295;

	SET selectQueryTemplateBase = "
		SELECT csch.ID, csch.IS_ACTIVE, csch.CREATED_BY, csch.CREATE_TX_TIMESTAMP, csch.DEACTIVATION_REASON, csch.UPDATE_BY
			, csch.UPDATED_TX_TIMESTAMP, csch.VERSION, csch.CHIEF_COMPLAINT, csch.COMMENTS, csch.END_TIME, csch.LENGTH, csch.PATIENT_CLASS
			, csch.PATIENT_CONTACT_NUMBER, csch.SCHEDULE_TYPE, csch.SEQUENCE_NUMBER, csch.SIGNED_IN_TIME, csch.SIGNED_OUT_TIME, csch.START_DATE
			, csch.START_TIME, csch.STATUS, csch.DEACTIVATEDBY, csch.INTERNAL_REFERRAL, csch.LAST_PATIENT_VISIT_ID, csch.LOCATION_ID, csch.PATIENT_ID
			, csch.PATIENT_LAB_ORDER_ID, csch.PERSON_ID, csch.REFERRAL, csch.SOAP_NOTE_TYPE, csch.PRIORITY, csch.CANCEL_REASON, csch.PRIORITY_MAIL_SENT
			, csch.WALKIN_APPOINTMENT, csch.CONFIRMED, csch.RESCHEDULED, slt.NAME AS VISIT_TYPE, pat.AFYA_ID AS AFYA_ID, {CLINIC_ID} AS CLINIC_ID, NOW() AS JOB_REFERENCE
		FROM {CLINIC_DB}.schedule csch
		INNER JOIN {CLINIC_DB}.patient pat ON pat.ID = csch.PATIENT_ID
		INNER JOIN {CLINIC_DB}.slot_type slt ON slt.ID = {CLINIC_DB}.csch.SOAP_NOTE_TYPE
		WHERE csch.{TIMESTAMP_COLUMN} > (SELECT IFNULL(MAX(csch1.{TIMESTAMP_COLUMN}), '1970-01-01 00:00:01') FROM consolidated_schedule csch1 WHERE csch1.CLINIC_ID = '{CLINIC_ID}' )";

	SET selectQueryTemplateForInsert = REPLACE(selectQueryTemplateBase, '{TIMESTAMP_COLUMN}', 'CREATE_TX_TIMESTAMP');
	SET selectQueryTemplateForUpdate = REPLACE(selectQueryTemplateBase, '{TIMESTAMP_COLUMN}', 'UPDATED_TX_TIMESTAMP');



	SELECT GROUP_CONCAT(tnt.qry SEPARATOR '
	UNION
	')
	INTO selectQueryForInsert FROM
	(SELECT  REPLACE(REPLACE(selectQueryTemplateForInsert, '{CLINIC_ID}', clinic.clinic_id), '{CLINIC_DB}', getDBNameFromJdbcUrl(jdbc_url)) qry
		FROM tenant
		INNER JOIN clinic ON clinic.tenant_id = tenant.tenant_id AND clinic.clinic_id = '1'
	) tnt;



	SELECT GROUP_CONCAT(tnt.qry SEPARATOR '
	UNION
	')
	INTO selectQueryForUpdate FROM
	(SELECT  REPLACE(REPLACE(selectQueryTemplateForUpdate, '{CLINIC_ID}', clinic.clinic_id), '{CLINIC_DB}', getDBNameFromJdbcUrl(jdbc_url)) qry
		FROM tenant
		INNER JOIN clinic ON clinic.tenant_id = tenant.tenant_id  AND clinic.clinic_id = '1'
	) tnt;



	SET insertQuery = "
	    INSERT INTO consolidated_schedule
		(`ID`, `IS_ACTIVE`, `CREATED_BY`, `CREATE_TX_TIMESTAMP`, `DEACTIVATION_REASON`,
		`UPDATE_BY`, `UPDATED_TX_TIMESTAMP`, `VERSION`, `CHIEF_COMPLAINT`, `COMMENTS`, `END_TIME`, `LENGTH`, `PATIENT_CLASS`, `PATIENT_CONTACT_NUMBER`,
		`SCHEDULE_TYPE`, `SEQUENCE_NUMBER`, `SIGNED_IN_TIME`, `SIGNED_OUT_TIME`, `START_DATE`, `START_TIME`, `STATUS`,
		`DEACTIVATEDBY`, `INTERNAL_REFERRAL`, `LAST_PATIENT_VISIT_ID`, `LOCATION_ID`, `PATIENT_ID`, `PATIENT_LAB_ORDER_ID`,
		`PERSON_ID`, `REFERRAL`, `SOAP_NOTE_TYPE`, `PRIORITY`, `CANCEL_REASON`, `PRIORITY_MAIL_SENT`, `WALKIN_APPOINTMENT`,
		`CONFIRMED`, `RESCHEDULED`, `VISIT_TYPE`, `AFYA_ID`, `CLINIC_ID`, `JOB_REFERENCE`)";

	SET insertQuery = CONCAT(insertQuery, "
		SELECT * FROM
		(", selectQueryForInsert, ") tmptbl");





	SET updateQuery = CONCAT("
			UPDATE consolidated_schedule consch
			LEFT JOIN (", selectQueryForUpdate, ") sch ON sch.ID = consch.ID AND sch.CLINIC_ID = consch.CLINIC_ID AND sch.UPDATED_TX_TIMESTAMP >  consch.UPDATED_TX_TIMESTAMP
			SET
				consch.IS_ACTIVE = sch.IS_ACTIVE ,
				consch.CREATED_BY = sch.CREATED_BY ,
				consch.CREATE_TX_TIMESTAMP = sch.CREATE_TX_TIMESTAMP ,
				consch.DEACTIVATION_REASON = sch.DEACTIVATION_REASON ,
				consch.UPDATE_BY = sch.UPDATE_BY ,
				consch.UPDATED_TX_TIMESTAMP = sch.UPDATED_TX_TIMESTAMP ,
				consch.VERSION = sch.VERSION ,
				consch.CHIEF_COMPLAINT = sch.CHIEF_COMPLAINT ,
				consch.COMMENTS = sch.COMMENTS ,
				consch.END_TIME = sch.END_TIME ,
				consch.LENGTH = sch.LENGTH ,
				consch.PATIENT_CLASS = sch.PATIENT_CLASS ,
				consch.PATIENT_CONTACT_NUMBER = sch.PATIENT_CONTACT_NUMBER ,
				consch.SCHEDULE_TYPE = sch.SCHEDULE_TYPE ,
				consch.SEQUENCE_NUMBER = sch.SEQUENCE_NUMBER ,
				consch.SIGNED_IN_TIME = sch.SIGNED_IN_TIME ,
				consch.SIGNED_OUT_TIME = sch.SIGNED_OUT_TIME ,
				consch.START_DATE = sch.START_DATE ,
				consch.START_TIME = sch.START_TIME ,
				consch.STATUS = sch.STATUS ,
				consch.DEACTIVATEDBY = sch.DEACTIVATEDBY ,
				consch.INTERNAL_REFERRAL = sch.INTERNAL_REFERRAL ,
				consch.LAST_PATIENT_VISIT_ID = sch.LAST_PATIENT_VISIT_ID ,
				consch.LOCATION_ID = sch.LOCATION_ID ,
				consch.PATIENT_ID = sch.PATIENT_ID ,
				consch.PATIENT_LAB_ORDER_ID = sch.PATIENT_LAB_ORDER_ID ,
				consch.PERSON_ID = sch.PERSON_ID ,
				consch.REFERRAL = sch.REFERRAL ,
				consch.SOAP_NOTE_TYPE = sch.SOAP_NOTE_TYPE ,
				consch.PRIORITY = sch.PRIORITY ,
				consch.CANCEL_REASON = sch.CANCEL_REASON ,
				consch.PRIORITY_MAIL_SENT = sch.PRIORITY_MAIL_SENT ,
				consch.WALKIN_APPOINTMENT = sch.WALKIN_APPOINTMENT ,
				consch.CONFIRMED = sch.CONFIRMED ,
				consch.RESCHEDULED = sch.RESCHEDULED ,
				consch.VISIT_TYPE = sch.VISIT_TYPE ,
				consch.AFYA_ID = sch.AFYA_ID ,
				consch.JOB_REFERENCE = sch.JOB_REFERENCE
			WHERE sch.ID = consch.ID AND sch.CLINIC_ID = consch.CLINIC_ID AND sch.UPDATED_TX_TIMESTAMP >  consch.UPDATED_TX_TIMESTAMP; ");




	SET @insertQuery = insertQuery; PREPARE stmt FROM @insertQuery; EXECUTE stmt; DEALLOCATE PREPARE stmt;
	SET @updateQuery = updateQuery; PREPARE stmt FROM @updateQuery; EXECUTE stmt; DEALLOCATE PREPARE stmt;
    END */$$
DELIMITER ;

/* Procedure structure for procedure `Testing` */

/*!50003 DROP PROCEDURE IF EXISTS  `Testing` */;

DELIMITER $$

/*!50003 CREATE DEFINER=`root`@`localhost` PROCEDURE `Testing`()
BEGIN
SELECT * FROM afya_clinic.invoice;
    END */$$
DELIMITER ;

/* Procedure structure for procedure `updatePaymentTransactionWithIsysStatus` */

/*!50003 DROP PROCEDURE IF EXISTS  `updatePaymentTransactionWithIsysStatus` */;

DELIMITER $$

/*!50003 CREATE DEFINER=`root`@`localhost` PROCEDURE `updatePaymentTransactionWithIsysStatus`(IN paymentId BIGINT(20), IN isysTrackingRef varchar(255), in isysPaymentStatus varchar(255), in isysPaymentStatusTimestamp timestamp, in isysHttpResponseStatus varchar(255))
BEGIN

	DECLARE isUpdated BOOLEAN;
	SET isUpdated = 0;

	update payment_gateway_transaction
	set isys_payment_status = isysPaymentStatus, isys_payment_status_timestamp = isysPaymentStatusTimestamp, isys_payment_status_http_resp_status = isysHttpResponseStatus
	WHERE payment_id = paymentId and isys_tracking_ref = isysTrackingRef;


	set isUpdated = exists(SELECT 1 FROM payment_gateway_transaction pg WHERE pg.payment_id = paymentId AND pg.isys_tracking_ref = isysTrackingRef);
	SELECT isUpdated;
    END */$$
DELIMITER ;

-- ---------------------------------------------------
-- Table for News

DROP TABLE IF EXISTS `news`;

CREATE TABLE `news` (
  `news_id` bigint(20) NOT NULL AUTO_INCREMENT,
  `news_date` timestamp NOT NULL DEFAULT CURRENT_TIMESTAMP ON UPDATE CURRENT_TIMESTAMP,
  `news_content` text,
  PRIMARY KEY (`news_id`)
) ENGINE=InnoDB DEFAULT CHARSET=utf8;

-- ---------------------------------------------------

/* Procedure structure for procedure `getInvoiceDetailsForGivenVisit` */

/*!50003 DROP PROCEDURE IF EXISTS  `getInvoiceDetailsForGivenVisit` */;

DELIMITER $$

/*!50003 CREATE DEFINER=`root`@`%` PROCEDURE `getInvoiceDetailsForGivenVisit`(in clinicId varchar(255), IN afyaId VARCHAR(255), IN doctorId VARCHAR(255), IN startDate DATE, IN startTime DATETIME, IN endTime DATETIME)
BEGIN
	declare queryTemplate text;
	declare finalQuery text;

	set queryTemplate = CONCAT('SELECT p.afya_id AS afyaId, pr.first_name AS patientFirstName, pr.last_name AS patientLastName, p.patient_type AS patientType
	, er.description AS gender , p.civil_id AS civilId, ps.first_name AS providerFirstname, ps.last_name AS providerLastName, i.`ID` AS invoiceId, i.`INVOICE_DATE` AS invoiceDate,
	i.`INVOICE_NUMBER` AS invoiceNumber, i.`AMOUNT` as invoiceAmount, i.`CONCESSION_AMOUNT` as invoiceConsessionAmount, pr.date_of_birth as dateOfBirth,
	ii.`DESCRIPTION` AS invoiceItemDescription, ii.`QUANTITY` AS invoiceItemQuantity, ii.`FACTOR` AS invoiceItemFactor, ii.`AMOUNT` AS
	invoiceItemAmount, ii.`NET_PRICE` AS invoiceItemNetPrice, ii.`INVOICE_ITEM_STATUS` AS invoiceItemStatus, ii.`CONCESSION_AMOUNT`
	AS invoiceItemConcessionAmount, ii.`CONCESSION_TYPE` AS invoiceItemConcessionType, ii.`COPAY_AMOUNT` AS invoiceItemCopayAmount
	,ii.`COPAY_PERCENTAGE` AS invoiceItemCopayPercentage, ii.`DEDUCTABLE_AMOUNT` AS invoiceItemDeductibleAmount, ii.`DEDUCTABLE_PERCENTAGE`
	AS invoiceItemDeductiblePercentage, i.schedule_id AS scheduleId FROM {DB_NAME}.invoice_item ii JOIN
	{DB_NAME}.invoice i ON i.`ID` = ii.`INVOICE_ID` JOIN {DB_NAME}.SCHEDULE s ON s.id = i.schedule_id JOIN {DB_NAME}.patient p ON s.patient_id = p.id JOIN {DB_NAME}.person pr
	ON p.id = pr.id JOIN {DB_NAME}.person ps ON ps.id = s.person_id JOIN {DB_NAME}.enumeration er ON er.ENUM_ID = pr.gender_code and p.afya_id="', afyaId ,'" and s.person_id="', doctorId ,'" and
	s.start_date="', startDate ,'" and s.start_time="', startTime ,'" and s.end_time="', endTime ,'"');

	SELECT  tmpTbl.qry
	INTO finalQuery FROM
	(SELECT REPLACE(queryTemplate, '{DB_NAME}', `getDBNameFromJdbcUrl`(tenant.jdbc_url)) qry,
	`getDBNameFromJdbcUrl`(tenant.jdbc_url), tenant.* FROM tenant WHERE tenant.tenant_id = clinicId) tmpTbl;

	-- select finalQuery;	-- for testing
	-- execute the query
	SET @finalQry = finalQuery;
	PREPARE stmt FROM @finalQry;
	EXECUTE stmt;
	DEALLOCATE PREPARE stmt;

    END */$$
DELIMITER ;

/* Procedure structure for procedure `getInvoiceLineItemByInvoiceId` */

/*!50003 DROP PROCEDURE IF EXISTS  `getInvoiceLineItemByInvoiceId` */;

DELIMITER $$

/*!50003 CREATE DEFINER=`root`@`%` PROCEDURE `getInvoiceLineItemByInvoiceId`(IN clinicId varchar(255), in invoiceId long)
BEGIN

	declare queryTemplate text;
	declare finalQuery text;
	set queryTemplate = concat('select ii.DESCRIPTION as invoiceItemDescription, ii.QUANTITY as invoiceItemQuanity,
	ii.`FACTOR` as invoiceItemFactor, ii.`FACTOR_DESCRIPTION` as factorDescription, ii.`AMOUNT` as invoiceItemAmount,
	ii.`AUTHORIZATION` as authorization, ii.`AUTHORIZATION_AMOUNT` as authorizationAmount, ii.`CONCESSION_AMOUNT` as
	concessionAmount, ii.`CONCESSION_TYPE` as concessionType, ii.`COPAY_AMOUNT` as copayAmount, ii.`COPAY_PERCENTAGE`
	as copayPercentage, ii.`DEDUCTABLE_AMOUNT` as deductibleAmount, ii.`DEDUCTABLE_PERCENTAGE` as deductiblePercentage,
	ii.`NET_PRICE` as netPrice, ii.`ACTUAL_COPAY_AMOUNT` as actualCopayAmount, ii.`ACTUAL_COPAY_PERCENTAGE` as actualCopayPercentage
	from {DB_NAME}.`invoice_item` ii where ii.`INVOICE_ID`="',invoiceId,'"');

	SELECT  tmpTbl.qry
	INTO finalQuery FROM
	(SELECT REPLACE(queryTemplate, '{DB_NAME}', `getDBNameFromJdbcUrl`(tenant.jdbc_url)) qry,
	`getDBNameFromJdbcUrl`(tenant.jdbc_url), tenant.* FROM tenant WHERE tenant.tenant_id = clinicId) tmpTbl;

	-- select finalQuery;	-- for testing
	-- execute the query
	SET @finalQry = finalQuery;
	PREPARE stmt FROM @finalQry;
	EXECUTE stmt;
	DEALLOCATE PREPARE stmt;

    END */$$
DELIMITER ;

ALTER TABLE modules ADD GROUP_ID VARCHAR(255) AFTER MODULE_NAME; 
ALTER TABLE module_service_assoc ADD MAX_AMOUNT DECIMAL(20,3) NOT NULL AFTER NOTE;

ALTER TABLE authorities add column `default_role` varchar(255);